week,product_id,split,model,actual,prediction,sigma
2011-06-20,22423,validation,naive,130.0,88.0,77.62433818582853
2011-06-20,22423,validation,moving_average,130.0,156.75,77.62433818582853
2011-06-20,22423,validation,ridge,130.0,190.2411859181857,77.62433818582853
2011-06-27,22423,validation,naive,84.0,130.0,77.62433818582853
2011-06-27,22423,validation,moving_average,84.0,157.75,77.62433818582853
2011-06-27,22423,validation,ridge,84.0,193.9347074049195,77.62433818582853
2011-07-04,22423,validation,naive,105.0,84.0,77.62433818582853
2011-07-04,22423,validation,moving_average,105.0,120.0,77.62433818582853
2011-07-04,22423,validation,ridge,105.0,165.52495123347978,77.62433818582853
2011-07-11,22423,validation,naive,206.0,105.0,77.62433818582853
2011-07-11,22423,validation,moving_average,206.0,101.75,77.62433818582853
2011-07-11,22423,validation,ridge,206.0,188.4560477314962,77.62433818582853
2011-07-18,22423,validation,naive,306.0,206.0,77.62433818582853
2011-07-18,22423,validation,moving_average,306.0,131.25,77.62433818582853
2011-07-18,22423,validation,ridge,306.0,221.97627531923646,77.62433818582853
2011-07-25,22423,validation,naive,275.0,306.0,77.62433818582853
2011-07-25,22423,validation,moving_average,275.0,175.25,77.62433818582853
2011-07-25,22423,validation,ridge,275.0,270.27143400656627,77.62433818582853
2011-08-01,22423,validation,naive,132.0,275.0,77.62433818582853
2011-08-01,22423,validation,moving_average,132.0,223.0,77.62433818582853
2011-08-01,22423,validation,ridge,132.0,261.232428040162,77.62433818582853
2011-08-08,22423,validation,naive,122.0,132.0,77.62433818582853
2011-08-08,22423,validation,moving_average,122.0,229.75,77.62433818582853
2011-08-08,22423,validation,ridge,122.0,195.6376014937188,77.62433818582853
2011-08-15,22423,validation,naive,147.0,122.0,77.62433818582853
2011-08-15,22423,validation,moving_average,147.0,208.75,77.62433818582853
2011-08-15,22423,validation,ridge,147.0,184.69983645805826,77.62433818582853
2011-08-22,22423,validation,naive,149.0,147.0,77.62433818582853
2011-08-22,22423,validation,moving_average,149.0,169.0,77.62433818582853
2011-08-22,22423,validation,ridge,149.0,187.99437626989504,77.62433818582853
2011-08-29,22423,validation,naive,89.0,149.0,77.62433818582853
2011-08-29,22423,validation,moving_average,89.0,137.5,77.62433818582853
2011-08-29,22423,validation,ridge,89.0,209.19618353562072,77.62433818582853
2011-09-05,22423,validation,naive,105.0,89.0,77.62433818582853
2011-09-05,22423,validation,moving_average,105.0,126.75,77.62433818582853
2011-09-05,22423,validation,ridge,105.0,181.99629046064507,77.62433818582853
2011-09-12,22423,test,naive,197.0,105.0,71.68977780984011
2011-09-12,22423,test,moving_average,197.0,122.5,71.68977780984011
2011-09-12,22423,test,ridge,197.0,177.79009789549025,71.68977780984011
2011-09-19,22423,test,naive,100.0,197.0,71.68977780984011
2011-09-19,22423,test,moving_average,100.0,135.0,71.68977780984011
2011-09-19,22423,test,ridge,100.0,210.56618131504456,71.68977780984011
2011-09-26,22423,test,naive,137.0,100.0,71.68977780984011
2011-09-26,22423,test,moving_average,137.0,122.75,71.68977780984011
2011-09-26,22423,test,ridge,137.0,158.6690291013619,71.68977780984011
2011-10-03,22423,test,naive,298.0,137.0,71.68977780984011
2011-10-03,22423,test,moving_average,298.0,134.75,71.68977780984011
2011-10-03,22423,test,ridge,298.0,192.75697954808678,71.68977780984011
2011-10-10,22423,test,naive,127.0,298.0,71.68977780984011
2011-10-10,22423,test,moving_average,127.0,183.0,71.68977780984011
2011-10-10,22423,test,ridge,127.0,251.13015370668452,71.68977780984011
2011-10-17,22423,test,naive,89.0,127.0,71.68977780984011
2011-10-17,22423,test,moving_average,89.0,165.5,71.68977780984011
2011-10-17,22423,test,ridge,89.0,168.37172360084182,71.68977780984011
2011-10-24,22423,test,naive,121.0,89.0,71.68977780984011
2011-10-24,22423,test,moving_average,121.0,162.75,71.68977780984011
2011-10-24,22423,test,ridge,121.0,173.05459710597137,71.68977780984011
2011-10-31,22423,test,naive,236.0,121.0,71.68977780984011
2011-10-31,22423,test,moving_average,236.0,158.75,71.68977780984011
2011-10-31,22423,test,ridge,236.0,156.88999014772912,71.68977780984011
2011-11-07,22423,test,naive,157.0,236.0,71.68977780984011
2011-11-07,22423,test,moving_average,157.0,143.25,71.68977780984011
2011-11-07,22423,test,ridge,157.0,232.3229114183836,71.68977780984011
2011-11-14,22423,test,naive,148.0,157.0,71.68977780984011
2011-11-14,22423,test,moving_average,148.0,150.75,71.68977780984011
2011-11-14,22423,test,ridge,148.0,191.39817268203097,71.68977780984011
2011-11-21,22423,test,naive,185.0,148.0,71.68977780984011
2011-11-21,22423,test,moving_average,185.0,165.5,71.68977780984011
2011-11-21,22423,test,ridge,185.0,204.30104930515108,71.68977780984011
2011-11-28,22423,test,naive,197.0,185.0,71.68977780984011
2011-11-28,22423,test,moving_average,197.0,181.5,71.68977780984011
2011-11-28,22423,test,ridge,197.0,204.9347356687937,71.68977780984011
2011-06-20,85123A,validation,naive,224.0,389.0,581.4741975567296
2011-06-20,85123A,validation,moving_average,224.0,597.0,581.4741975567296
2011-06-20,85123A,validation,ridge,224.0,812.4300956551525,581.4741975567296
2011-06-27,85123A,validation,naive,252.0,224.0,581.4741975567296
2011-06-27,85123A,validation,moving_average,252.0,398.0,581.4741975567296
2011-06-27,85123A,validation,ridge,252.0,791.5636533045652,581.4741975567296
2011-07-04,85123A,validation,naive,258.0,252.0,581.4741975567296
2011-07-04,85123A,validation,moving_average,258.0,304.0,581.4741975567296
2011-07-04,85123A,validation,ridge,258.0,775.9954638220755,581.4741975567296
2011-07-11,85123A,validation,naive,1169.0,258.0,581.4741975567296
2011-07-11,85123A,validation,moving_average,1169.0,280.75,581.4741975567296
2011-07-11,85123A,validation,ridge,1169.0,771.6170556041325,581.4741975567296
2011-07-18,85123A,validation,naive,687.0,1169.0,581.4741975567296
2011-07-18,85123A,validation,moving_average,687.0,475.75,581.4741975567296
2011-07-18,85123A,validation,ridge,687.0,848.3223404547431,581.4741975567296
2011-07-25,85123A,validation,naive,756.0,687.0,581.4741975567296
2011-07-25,85123A,validation,moving_average,756.0,591.5,581.4741975567296
2011-07-25,85123A,validation,ridge,756.0,751.8469497591724,581.4741975567296
2011-08-01,85123A,validation,naive,423.0,756.0,581.4741975567296
2011-08-01,85123A,validation,moving_average,423.0,717.5,581.4741975567296
2011-08-01,85123A,validation,ridge,423.0,754.9807774877511,581.4741975567296
2011-08-08,85123A,validation,naive,390.0,423.0,581.4741975567296
2011-08-08,85123A,validation,moving_average,390.0,758.75,581.4741975567296
2011-08-08,85123A,validation,ridge,390.0,783.7986156128543,581.4741975567296
2011-08-15,85123A,validation,naive,264.0,390.0,581.4741975567296
2011-08-15,85123A,validation,moving_average,264.0,564.0,581.4741975567296
2011-08-15,85123A,validation,ridge,264.0,775.6684632632166,581.4741975567296
2011-08-22,85123A,validation,naive,760.0,264.0,581.4741975567296
2011-08-22,85123A,validation,moving_average,760.0,458.25,581.4741975567296
2011-08-22,85123A,validation,ridge,760.0,770.2683566840666,581.4741975567296
2011-08-29,85123A,validation,naive,392.0,760.0,581.4741975567296
2011-08-29,85123A,validation,moving_average,392.0,459.25,581.4741975567296
2011-08-29,85123A,validation,ridge,392.0,840.8121181870451,581.4741975567296
2011-09-05,85123A,validation,naive,398.0,392.0,581.4741975567296
2011-09-05,85123A,validation,moving_average,398.0,451.5,581.4741975567296
2011-09-05,85123A,validation,ridge,398.0,778.9053195999896,581.4741975567296
2011-09-12,85123A,test,naive,652.0,398.0,287.25064285077207
2011-09-12,85123A,test,moving_average,652.0,453.5,287.25064285077207
2011-09-12,85123A,test,ridge,652.0,642.6831584064653,287.25064285077207
2011-09-19,85123A,test,naive,655.0,652.0,287.25064285077207
2011-09-19,85123A,test,moving_average,655.0,550.5,287.25064285077207
2011-09-19,85123A,test,ridge,655.0,734.4860446248923,287.25064285077207
2011-09-26,85123A,test,naive,402.0,655.0,287.25064285077207
2011-09-26,85123A,test,moving_average,402.0,524.25,287.25064285077207
2011-09-26,85123A,test,ridge,402.0,712.7071523271054,287.25064285077207
2011-10-03,85123A,test,naive,157.0,402.0,287.25064285077207
2011-10-03,85123A,test,moving_average,157.0,526.75,287.25064285077207
2011-10-03,85123A,test,ridge,157.0,662.3840077049773,287.25064285077207
2011-10-10,85123A,test,naive,595.0,157.0,287.25064285077207
2011-10-10,85123A,test,moving_average,595.0,466.5,287.25064285077207
2011-10-10,85123A,test,ridge,595.0,611.499121077142,287.25064285077207
2011-10-17,85123A,test,naive,149.0,595.0,287.25064285077207
2011-10-17,85123A,test,moving_average,149.0,452.25,287.25064285077207
2011-10-17,85123A,test,ridge,149.0,708.3862924755741,287.25064285077207
2011-10-24,85123A,test,naive,366.0,149.0,287.25064285077207
2011-10-24,85123A,test,moving_average,366.0,325.75,287.25064285077207
2011-10-24,85123A,test,ridge,366.0,599.1575992667438,287.25064285077207
2011-10-31,85123A,test,naive,1688.0,366.0,287.25064285077207
2011-10-31,85123A,test,moving_average,1688.0,316.75,287.25064285077207
2011-10-31,85123A,test,ridge,1688.0,608.8145657748908,287.25064285077207
2011-11-07,85123A,test,naive,505.0,1688.0,287.25064285077207
2011-11-07,85123A,test,moving_average,505.0,699.5,287.25064285077207
2011-11-07,85123A,test,ridge,505.0,843.3585962998741,287.25064285077207
2011-11-14,85123A,test,naive,1168.0,505.0,287.25064285077207
2011-11-14,85123A,test,moving_average,1168.0,677.0,287.25064285077207
2011-11-14,85123A,test,ridge,1168.0,595.4777044037585,287.25064285077207
2011-11-21,85123A,test,naive,552.0,1168.0,287.25064285077207
2011-11-21,85123A,test,moving_average,552.0,931.75,287.25064285077207
2011-11-21,85123A,test,ridge,552.0,725.5931965493847,287.25064285077207
2011-11-28,85123A,test,naive,650.0,552.0,287.25064285077207
2011-11-28,85123A,test,moving_average,650.0,978.25,287.25064285077207
2011-11-28,85123A,test,ridge,650.0,752.9513960702982,287.25064285077207
2011-06-20,85099B,validation,naive,791.0,829.0,271.4714115201217
2011-06-20,85099B,validation,moving_average,791.0,696.5,271.4714115201217
2011-06-20,85099B,validation,ridge,791.0,811.3786058156577,271.4714115201217
2011-06-27,85099B,validation,naive,595.0,791.0,271.4714115201217
2011-06-27,85099B,validation,moving_average,595.0,663.5,271.4714115201217
2011-06-27,85099B,validation,ridge,595.0,725.1916604036388,271.4714115201217
2011-07-04,85099B,validation,naive,1324.0,595.0,271.4714115201217
2011-07-04,85099B,validation,moving_average,1324.0,747.0,271.4714115201217
2011-07-04,85099B,validation,ridge,1324.0,695.9587496625941,271.4714115201217
2011-07-11,85099B,validation,naive,411.0,1324.0,271.4714115201217
2011-07-11,85099B,validation,moving_average,411.0,884.75,271.4714115201217
2011-07-11,85099B,validation,ridge,411.0,883.7128617835069,271.4714115201217
2011-07-18,85099B,validation,naive,712.0,411.0,271.4714115201217
2011-07-18,85099B,validation,moving_average,712.0,780.25,271.4714115201217
2011-07-18,85099B,validation,ridge,712.0,755.6230138097292,271.4714115201217
2011-07-25,85099B,validation,naive,540.0,712.0,271.4714115201217
2011-07-25,85099B,validation,moving_average,540.0,760.5,271.4714115201217
2011-07-25,85099B,validation,ridge,540.0,833.6370209611948,271.4714115201217
2011-08-01,85099B,validation,naive,1026.0,540.0,271.4714115201217
2011-08-01,85099B,validation,moving_average,1026.0,746.75,271.4714115201217
2011-08-01,85099B,validation,ridge,1026.0,831.5217076757932,271.4714115201217
2011-08-08,85099B,validation,naive,1123.0,1026.0,271.4714115201217
2011-08-08,85099B,validation,moving_average,1123.0,672.25,271.4714115201217
2011-08-08,85099B,validation,ridge,1123.0,762.5038204723103,271.4714115201217
2011-08-15,85099B,validation,naive,976.0,1123.0,271.4714115201217
2011-08-15,85099B,validation,moving_average,976.0,850.25,271.4714115201217
2011-08-15,85099B,validation,ridge,976.0,800.3902484132916,271.4714115201217
2011-08-22,85099B,validation,naive,1458.0,976.0,271.4714115201217
2011-08-22,85099B,validation,moving_average,1458.0,916.25,271.4714115201217
2011-08-22,85099B,validation,ridge,1458.0,771.9565574259818,271.4714115201217
2011-08-29,85099B,validation,naive,677.0,1458.0,271.4714115201217
2011-08-29,85099B,validation,moving_average,677.0,1145.75,271.4714115201217
2011-08-29,85099B,validation,ridge,677.0,875.647433403463,271.4714115201217
2011-09-05,85099B,validation,naive,536.0,677.0,271.4714115201217
2011-09-05,85099B,validation,moving_average,536.0,1058.5,271.4714115201217
2011-09-05,85099B,validation,ridge,536.0,805.7200339693193,271.4714115201217
2011-09-12,85099B,test,naive,743.0,536.0,333.1034396627443
2011-09-12,85099B,test,moving_average,743.0,911.75,333.1034396627443
2011-09-12,85099B,test,ridge,743.0,805.3930702208921,333.1034396627443
2011-09-19,85099B,test,naive,1387.0,743.0,333.1034396627443
2011-09-19,85099B,test,moving_average,1387.0,853.5,333.1034396627443
2011-09-19,85099B,test,ridge,1387.0,852.7483988549226,333.1034396627443
2011-09-26,85099B,test,naive,889.0,1387.0,333.1034396627443
2011-09-26,85099B,test,moving_average,889.0,835.75,333.1034396627443
2011-09-26,85099B,test,ridge,889.0,830.4988942819028,333.1034396627443
2011-10-03,85099B,test,naive,2636.0,889.0,333.1034396627443
2011-10-03,85099B,test,moving_average,2636.0,888.75,333.1034396627443
2011-10-03,85099B,test,ridge,2636.0,753.3460214327474,333.1034396627443
2011-10-10,85099B,test,naive,847.0,2636.0,333.1034396627443
2011-10-10,85099B,test,moving_average,847.0,1413.75,333.1034396627443
2011-10-10,85099B,test,ridge,847.0,1155.1695027885216,333.1034396627443
2011-10-17,85099B,test,naive,725.0,847.0,333.1034396627443
2011-10-17,85099B,test,moving_average,725.0,1439.75,333.1034396627443
2011-10-17,85099B,test,ridge,725.0,930.5903093746359,333.1034396627443
2011-10-24,85099B,test,naive,590.0,725.0,333.1034396627443
2011-10-24,85099B,test,moving_average,590.0,1274.25,333.1034396627443
2011-10-24,85099B,test,ridge,590.0,959.1043801771849,333.1034396627443
2011-10-31,85099B,test,naive,823.0,590.0,333.1034396627443
2011-10-31,85099B,test,moving_average,823.0,1199.5,333.1034396627443
2011-10-31,85099B,test,ridge,823.0,1056.9112093401568,333.1034396627443
2011-11-07,85099B,test,naive,2160.0,823.0,333.1034396627443
2011-11-07,85099B,test,moving_average,2160.0,746.25,333.1034396627443
2011-11-07,85099B,test,ridge,2160.0,674.4875940398254,333.1034396627443
2011-11-14,85099B,test,naive,1562.0,2160.0,333.1034396627443
2011-11-14,85099B,test,moving_average,1562.0,1074.5,333.1034396627443
2011-11-14,85099B,test,ridge,1562.0,976.8587632312224,333.1034396627443
2011-11-21,85099B,test,naive,727.0,1562.0,333.1034396627443
2011-11-21,85099B,test,moving_average,727.0,1283.75,333.1034396627443
2011-11-21,85099B,test,ridge,727.0,884.300647378371,333.1034396627443
2011-11-28,85099B,test,naive,1009.0,727.0,333.1034396627443
2011-11-28,85099B,test,moving_average,1009.0,1318.0,333.1034396627443
2011-11-28,85099B,test,ridge,1009.0,823.9609516660194,333.1034396627443
2011-06-20,47566,validation,naive,586.0,491.0,197.96669064784766
2011-06-20,47566,validation,moving_average,586.0,575.75,197.96669064784766
2011-06-20,47566,validation,ridge,586.0,464.1114982783156,197.96669064784766
2011-06-27,47566,validation,naive,248.0,586.0,197.96669064784766
2011-06-27,47566,validation,moving_average,248.0,514.5,197.96669064784766
2011-06-27,47566,validation,ridge,248.0,569.9533380394323,197.96669064784766
2011-07-04,47566,validation,naive,881.0,248.0,197.96669064784766
2011-07-04,47566,validation,moving_average,881.0,470.0,197.96669064784766
2011-07-04,47566,validation,ridge,881.0,424.157305497782,197.96669064784766
2011-07-11,47566,validation,naive,346.0,881.0,197.96669064784766
2011-07-11,47566,validation,moving_average,346.0,551.5,197.96669064784766
2011-07-11,47566,validation,ridge,346.0,483.0816001428617,197.96669064784766
2011-07-18,47566,validation,naive,843.0,346.0,197.96669064784766
2011-07-18,47566,validation,moving_average,843.0,515.25,197.96669064784766
2011-07-18,47566,validation,ridge,843.0,434.28438336951683,197.96669064784766
2011-07-25,47566,validation,naive,466.0,843.0,197.96669064784766
2011-07-25,47566,validation,moving_average,466.0,579.5,197.96669064784766
2011-07-25,47566,validation,ridge,466.0,522.3371960001014,197.96669064784766
2011-08-01,47566,validation,naive,431.0,466.0,197.96669064784766
2011-08-01,47566,validation,moving_average,431.0,634.0,197.96669064784766
2011-08-01,47566,validation,ridge,431.0,475.3547133870805,197.96669064784766
2011-08-08,47566,validation,naive,272.0,431.0,197.96669064784766
2011-08-08,47566,validation,moving_average,272.0,521.5,197.96669064784766
2011-08-08,47566,validation,ridge,272.0,475.0294722011463,197.96669064784766
2011-08-15,47566,validation,naive,286.0,272.0,197.96669064784766
2011-08-15,47566,validation,moving_average,286.0,503.0,197.96669064784766
2011-08-15,47566,validation,ridge,286.0,318.0154408584332,197.96669064784766
2011-08-22,47566,validation,naive,436.0,286.0,197.96669064784766
2011-08-22,47566,validation,moving_average,436.0,363.75,197.96669064784766
2011-08-22,47566,validation,ridge,436.0,347.82158974322834,197.96669064784766
2011-08-29,47566,validation,naive,187.0,436.0,197.96669064784766
2011-08-29,47566,validation,moving_average,187.0,356.25,197.96669064784766
2011-08-29,47566,validation,ridge,187.0,380.59606729106673,197.96669064784766
2011-09-05,47566,validation,naive,224.0,187.0,197.96669064784766
2011-09-05,47566,validation,moving_average,224.0,295.25,197.96669064784766
2011-09-05,47566,validation,ridge,224.0,337.66155344083256,197.96669064784766
2011-09-12,47566,test,naive,334.0,224.0,230.97179415887493
2011-09-12,47566,test,moving_average,334.0,283.25,230.97179415887493
2011-09-12,47566,test,ridge,334.0,276.73380894913123,230.97179415887493
2011-09-19,47566,test,naive,127.0,334.0,230.97179415887493
2011-09-19,47566,test,moving_average,127.0,295.25,230.97179415887493
2011-09-19,47566,test,ridge,127.0,280.7090242752735,230.97179415887493
2011-09-26,47566,test,naive,197.0,127.0,230.97179415887493
2011-09-26,47566,test,moving_average,197.0,218.0,230.97179415887493
2011-09-26,47566,test,ridge,197.0,280.53362757119714,230.97179415887493
2011-10-03,47566,test,naive,170.0,197.0,230.97179415887493
2011-10-03,47566,test,moving_average,170.0,220.5,230.97179415887493
2011-10-03,47566,test,ridge,170.0,230.05243591862333,230.97179415887493
2011-10-10,47566,test,naive,102.0,170.0,230.97179415887493
2011-10-10,47566,test,moving_average,102.0,207.0,230.97179415887493
2011-10-10,47566,test,ridge,102.0,223.2009615419137,230.97179415887493
2011-10-17,47566,test,naive,203.0,102.0,230.97179415887493
2011-10-17,47566,test,moving_average,203.0,149.0,230.97179415887493
2011-10-17,47566,test,ridge,203.0,220.2042908506589,230.97179415887493
2011-10-24,47566,test,naive,78.0,203.0,230.97179415887493
2011-10-24,47566,test,moving_average,78.0,168.0,230.97179415887493
2011-10-24,47566,test,ridge,78.0,211.6697471686972,230.97179415887493
2011-10-31,47566,test,naive,102.0,78.0,230.97179415887493
2011-10-31,47566,test,moving_average,102.0,138.25,230.97179415887493
2011-10-31,47566,test,ridge,102.0,204.6006608950009,230.97179415887493
2011-11-07,47566,test,naive,135.0,102.0,230.97179415887493
2011-11-07,47566,test,moving_average,135.0,121.25,230.97179415887493
2011-11-07,47566,test,ridge,135.0,173.75097368901794,230.97179415887493
2011-11-14,47566,test,naive,109.0,135.0,230.97179415887493
2011-11-14,47566,test,moving_average,109.0,129.5,230.97179415887493
2011-11-14,47566,test,ridge,109.0,174.8031088306892,230.97179415887493
2011-11-21,47566,test,naive,451.0,109.0,230.97179415887493
2011-11-21,47566,test,moving_average,451.0,106.0,230.97179415887493
2011-11-21,47566,test,ridge,451.0,195.50700070625095,230.97179415887493
2011-11-28,47566,test,naive,101.0,451.0,230.97179415887493
2011-11-28,47566,test,moving_average,101.0,199.25,230.97179415887493
2011-11-28,47566,test,ridge,101.0,212.83339021024503,230.97179415887493
2011-06-20,84879,validation,naive,262.0,270.0,223.3101525735546
2011-06-20,84879,validation,moving_average,262.0,317.75,223.3101525735546
2011-06-20,84879,validation,ridge,262.0,454.30570554095755,223.3101525735546
2011-06-27,84879,validation,naive,276.0,262.0,223.3101525735546
2011-06-27,84879,validation,moving_average,276.0,288.0,223.3101525735546
2011-06-27,84879,validation,ridge,276.0,420.52657068885344,223.3101525735546
2011-07-04,84879,validation,naive,444.0,276.0,223.3101525735546
2011-07-04,84879,validation,moving_average,444.0,275.0,223.3101525735546
2011-07-04,84879,validation,ridge,444.0,415.3269719970689,223.3101525735546
2011-07-11,84879,validation,naive,362.0,444.0,223.3101525735546
2011-07-11,84879,validation,moving_average,362.0,313.0,223.3101525735546
2011-07-11,84879,validation,ridge,362.0,443.8996515639511,223.3101525735546
2011-07-18,84879,validation,naive,511.0,362.0,223.3101525735546
2011-07-18,84879,validation,moving_average,511.0,336.0,223.3101525735546
2011-07-18,84879,validation,ridge,511.0,457.2757652133063,223.3101525735546
2011-07-25,84879,validation,naive,400.0,511.0,223.3101525735546
2011-07-25,84879,validation,moving_average,400.0,398.25,223.3101525735546
2011-07-25,84879,validation,ridge,400.0,549.5002841020998,223.3101525735546
2011-08-01,84879,validation,naive,3792.0,400.0,223.3101525735546
2011-08-01,84879,validation,moving_average,3792.0,429.25,223.3101525735546
2011-08-01,84879,validation,ridge,3792.0,569.335758042231,223.3101525735546
2011-08-08,84879,validation,naive,1315.0,3792.0,223.3101525735546
2011-08-08,84879,validation,moving_average,1315.0,1266.25,223.3101525735546
2011-08-08,84879,validation,ridge,1315.0,810.3568940719624,223.3101525735546
2011-08-15,84879,validation,naive,556.0,1315.0,223.3101525735546
2011-08-15,84879,validation,moving_average,556.0,1504.5,223.3101525735546
2011-08-15,84879,validation,ridge,556.0,632.4594874401294,223.3101525735546
2011-08-22,84879,validation,naive,810.0,556.0,223.3101525735546
2011-08-22,84879,validation,moving_average,810.0,1515.75,223.3101525735546
2011-08-22,84879,validation,ridge,810.0,1596.2221434422047,223.3101525735546
2011-08-29,84879,validation,naive,200.0,810.0,223.3101525735546
2011-08-29,84879,validation,moving_average,200.0,1618.25,223.3101525735546
2011-08-29,84879,validation,ridge,200.0,1630.275996205291,223.3101525735546
2011-09-05,84879,validation,naive,384.0,200.0,223.3101525735546
2011-09-05,84879,validation,moving_average,384.0,720.25,223.3101525735546
2011-09-05,84879,validation,ridge,384.0,625.9424075006168,223.3101525735546
2011-09-12,84879,test,naive,740.0,384.0,996.7761670870383
2011-09-12,84879,test,moving_average,740.0,487.5,996.7761670870383
2011-09-12,84879,test,ridge,740.0,533.7806953409586,996.7761670870383
2011-09-19,84879,test,naive,637.0,740.0,996.7761670870383
2011-09-19,84879,test,moving_average,637.0,533.5,996.7761670870383
2011-09-19,84879,test,ridge,637.0,471.6534960283138,996.7761670870383
2011-09-26,84879,test,naive,799.0,637.0,996.7761670870383
2011-09-26,84879,test,moving_average,799.0,490.25,996.7761670870383
2011-09-26,84879,test,ridge,799.0,414.15457377375265,996.7761670870383
2011-10-03,84879,test,naive,573.0,799.0,996.7761670870383
2011-10-03,84879,test,moving_average,573.0,640.0,996.7761670870383
2011-10-03,84879,test,ridge,573.0,747.460103772873,996.7761670870383
2011-10-10,84879,test,naive,412.0,573.0,996.7761670870383
2011-10-10,84879,test,moving_average,412.0,687.25,996.7761670870383
2011-10-10,84879,test,ridge,412.0,799.8950839765114,996.7761670870383
2011-10-17,84879,test,naive,740.0,412.0,996.7761670870383
2011-10-17,84879,test,moving_average,740.0,605.25,996.7761670870383
2011-10-17,84879,test,ridge,740.0,746.3361454618542,996.7761670870383
2011-10-24,84879,test,naive,745.0,740.0,996.7761670870383
2011-10-24,84879,test,moving_average,745.0,631.0,996.7761670870383
2011-10-24,84879,test,ridge,745.0,774.0997161909089,996.7761670870383
2011-10-31,84879,test,naive,912.0,745.0,996.7761670870383
2011-10-31,84879,test,moving_average,912.0,617.5,996.7761670870383
2011-10-31,84879,test,ridge,912.0,686.545374359804,996.7761670870383
2011-11-07,84879,test,naive,1740.0,912.0,996.7761670870383
2011-11-07,84879,test,moving_average,1740.0,702.25,996.7761670870383
2011-11-07,84879,test,ridge,1740.0,787.5783852429144,996.7761670870383
2011-11-14,84879,test,naive,1102.0,1740.0,996.7761670870383
2011-11-14,84879,test,moving_average,1102.0,1034.25,996.7761670870383
2011-11-14,84879,test,ridge,1102.0,1007.2005949478462,996.7761670870383
2011-11-21,84879,test,naive,957.0,1102.0,996.7761670870383
2011-11-21,84879,test,moving_average,957.0,1124.75,996.7761670870383
2011-11-21,84879,test,ridge,957.0,982.7655185715082,996.7761670870383
2011-11-28,84879,test,naive,953.0,957.0,996.7761670870383
2011-11-28,84879,test,moving_average,953.0,1177.75,996.7761670870383
2011-11-28,84879,test,ridge,953.0,1233.1615553108254,996.7761670870383
2011-06-20,48138,validation,naive,19.0,16.0,133.3453024930751
2011-06-20,48138,validation,moving_average,19.0,156.75,133.3453024930751
2011-06-20,48138,validation,ridge,19.0,142.2874625183169,133.3453024930751
2011-06-27,48138,validation,naive,8.0,19.0,133.3453024930751
2011-06-27,48138,validation,moving_average,8.0,151.0,133.3453024930751
2011-06-27,48138,validation,ridge,8.0,107.98814877543464,133.3453024930751
2011-07-04,48138,validation,naive,56.0,8.0,133.3453024930751
2011-07-04,48138,validation,moving_average,56.0,138.5,133.3453024930751
2011-07-04,48138,validation,ridge,56.0,48.75633312159654,133.3453024930751
2011-07-11,48138,validation,naive,34.0,56.0,133.3453024930751
2011-07-11,48138,validation,moving_average,34.0,24.75,133.3453024930751
2011-07-11,48138,validation,ridge,34.0,75.53164539568942,133.3453024930751
2011-07-18,48138,validation,naive,50.0,34.0,133.3453024930751
2011-07-18,48138,validation,moving_average,50.0,29.25,133.3453024930751
2011-07-18,48138,validation,ridge,50.0,83.55599657291432,133.3453024930751
2011-07-25,48138,validation,naive,30.0,50.0,133.3453024930751
2011-07-25,48138,validation,moving_average,30.0,37.0,133.3453024930751
2011-07-25,48138,validation,ridge,30.0,85.38740580026005,133.3453024930751
2011-08-01,48138,validation,naive,37.0,30.0,133.3453024930751
2011-08-01,48138,validation,moving_average,37.0,42.5,133.3453024930751
2011-08-01,48138,validation,ridge,37.0,89.69037455645643,133.3453024930751
2011-08-08,48138,validation,naive,7.0,37.0,133.3453024930751
2011-08-08,48138,validation,moving_average,7.0,37.75,133.3453024930751
2011-08-08,48138,validation,ridge,7.0,81.72915904795812,133.3453024930751
2011-08-15,48138,validation,naive,57.0,7.0,133.3453024930751
2011-08-15,48138,validation,moving_average,57.0,31.0,133.3453024930751
2011-08-15,48138,validation,ridge,57.0,79.45989329698236,133.3453024930751
2011-08-22,48138,validation,naive,12.0,57.0,133.3453024930751
2011-08-22,48138,validation,moving_average,12.0,32.75,133.3453024930751
2011-08-22,48138,validation,ridge,12.0,71.68736230899131,133.3453024930751
2011-08-29,48138,validation,naive,21.0,12.0,133.3453024930751
2011-08-29,48138,validation,moving_average,21.0,28.25,133.3453024930751
2011-08-29,48138,validation,ridge,21.0,78.7242507853212,133.3453024930751
2011-09-05,48138,validation,naive,29.0,21.0,133.3453024930751
2011-09-05,48138,validation,moving_average,29.0,24.25,133.3453024930751
2011-09-05,48138,validation,ridge,29.0,75.17313863363024,133.3453024930751
2011-09-12,48138,test,naive,544.0,29.0,17.60681686165901
2011-09-12,48138,test,moving_average,544.0,29.75,17.60681686165901
2011-09-12,48138,test,ridge,544.0,60.20609905999926,17.60681686165901
2011-09-19,48138,test,naive,23.0,544.0,17.60681686165901
2011-09-19,48138,test,moving_average,23.0,151.5,17.60681686165901
2011-09-19,48138,test,ridge,23.0,0.0,17.60681686165901
2011-09-26,48138,test,naive,176.0,23.0,17.60681686165901
2011-09-26,48138,test,moving_average,176.0,154.25,17.60681686165901
2011-09-26,48138,test,ridge,176.0,75.43335110352109,17.60681686165901
2011-10-03,48138,test,naive,30.0,176.0,17.60681686165901
2011-10-03,48138,test,moving_average,30.0,193.0,17.60681686165901
2011-10-03,48138,test,ridge,30.0,69.05067965227713,17.60681686165901
2011-10-10,48138,test,naive,39.0,30.0,17.60681686165901
2011-10-10,48138,test,moving_average,39.0,193.25,17.60681686165901
2011-10-10,48138,test,ridge,39.0,84.22192187316995,17.60681686165901
2011-10-17,48138,test,naive,16.0,39.0,17.60681686165901
2011-10-17,48138,test,moving_average,16.0,67.0,17.60681686165901
2011-10-17,48138,test,ridge,16.0,74.96188196963008,17.60681686165901
2011-10-24,48138,test,naive,20.0,16.0,17.60681686165901
2011-10-24,48138,test,moving_average,20.0,65.25,17.60681686165901
2011-10-24,48138,test,ridge,20.0,74.0408976058059,17.60681686165901
2011-10-31,48138,test,naive,32.0,20.0,17.60681686165901
2011-10-31,48138,test,moving_average,32.0,26.25,17.60681686165901
2011-10-31,48138,test,ridge,32.0,75.98343481364672,17.60681686165901
2011-11-07,48138,test,naive,33.0,32.0,17.60681686165901
2011-11-07,48138,test,moving_average,33.0,26.75,17.60681686165901
2011-11-07,48138,test,ridge,33.0,74.91677385383971,17.60681686165901
2011-11-14,48138,test,naive,39.0,33.0,17.60681686165901
2011-11-14,48138,test,moving_average,39.0,25.25,17.60681686165901
2011-11-14,48138,test,ridge,39.0,64.89161643512986,17.60681686165901
2011-11-21,48138,test,naive,89.0,39.0,17.60681686165901
2011-11-21,48138,test,moving_average,89.0,31.0,17.60681686165901
2011-11-21,48138,test,ridge,89.0,68.13604063925567,17.60681686165901
2011-11-28,48138,test,naive,35.0,89.0,17.60681686165901
2011-11-28,48138,test,moving_average,35.0,48.25,17.60681686165901
2011-11-28,48138,test,ridge,35.0,63.68882914907201,17.60681686165901
2011-06-20,79321,validation,naive,48.0,109.0,56.91354421534048
2011-06-20,79321,validation,moving_average,48.0,75.75,56.91354421534048
2011-06-20,79321,validation,ridge,48.0,118.82185210206579,56.91354421534048
2011-06-27,79321,validation,naive,113.0,48.0,56.91354421534048
2011-06-27,79321,validation,moving_average,113.0,69.75,56.91354421534048
2011-06-27,79321,validation,ridge,113.0,112.96984870371466,56.91354421534048
2011-07-04,79321,validation,naive,23.0,113.0,56.91354421534048
2011-07-04,79321,validation,moving_average,23.0,91.25,56.91354421534048
2011-07-04,79321,validation,ridge,23.0,129.08207420617316,56.91354421534048
2011-07-11,79321,validation,naive,33.0,23.0,56.91354421534048
2011-07-11,79321,validation,moving_average,33.0,73.25,56.91354421534048
2011-07-11,79321,validation,ridge,33.0,90.84614981871573,56.91354421534048
2011-07-18,79321,validation,naive,129.0,33.0,56.91354421534048
2011-07-18,79321,validation,moving_average,129.0,54.25,56.91354421534048
2011-07-18,79321,validation,ridge,129.0,93.70201078673793,56.91354421534048
2011-07-25,79321,validation,naive,651.0,129.0,56.91354421534048
2011-07-25,79321,validation,moving_average,651.0,74.5,56.91354421534048
2011-07-25,79321,validation,ridge,651.0,108.85468363335482,56.91354421534048
2011-08-01,79321,validation,naive,87.0,651.0,56.91354421534048
2011-08-01,79321,validation,moving_average,87.0,209.0,56.91354421534048
2011-08-01,79321,validation,ridge,87.0,220.45708775612184,56.91354421534048
2011-08-08,79321,validation,naive,135.0,87.0,56.91354421534048
2011-08-08,79321,validation,moving_average,135.0,225.0,56.91354421534048
2011-08-08,79321,validation,ridge,135.0,130.88296894244968,56.91354421534048
2011-08-15,79321,validation,naive,62.0,135.0,56.91354421534048
2011-08-15,79321,validation,moving_average,62.0,250.5,56.91354421534048
2011-08-15,79321,validation,ridge,62.0,157.48590380987008,56.91354421534048
2011-08-22,79321,validation,naive,110.0,62.0,56.91354421534048
2011-08-22,79321,validation,moving_average,110.0,233.75,56.91354421534048
2011-08-22,79321,validation,ridge,110.0,71.23088995135647,56.91354421534048
2011-08-29,79321,validation,naive,210.0,110.0,56.91354421534048
2011-08-29,79321,validation,moving_average,210.0,98.5,56.91354421534048
2011-08-29,79321,validation,ridge,210.0,159.27876694682536,56.91354421534048
2011-09-05,79321,validation,naive,71.0,210.0,56.91354421534048
2011-09-05,79321,validation,moving_average,71.0,129.25,56.91354421534048
2011-09-05,79321,validation,ridge,71.0,182.7335355716707,56.91354421534048
2011-09-12,79321,test,naive,262.0,71.0,169.2353570049889
2011-09-12,79321,test,moving_average,262.0,113.25,169.2353570049889
2011-09-12,79321,test,ridge,262.0,164.81533836941503,169.2353570049889
2011-09-19,79321,test,naive,28.0,262.0,169.2353570049889
2011-09-19,79321,test,moving_average,28.0,163.25,169.2353570049889
2011-09-19,79321,test,ridge,28.0,212.81984480621944,169.2353570049889
2011-09-26,79321,test,naive,162.0,28.0,169.2353570049889
2011-09-26,79321,test,moving_average,162.0,142.75,169.2353570049889
2011-09-26,79321,test,ridge,162.0,115.98119919721576,169.2353570049889
2011-10-03,79321,test,naive,47.0,162.0,169.2353570049889
2011-10-03,79321,test,moving_average,47.0,130.75,169.2353570049889
2011-10-03,79321,test,ridge,47.0,151.82529405907536,169.2353570049889
2011-10-10,79321,test,naive,150.0,47.0,169.2353570049889
2011-10-10,79321,test,moving_average,150.0,124.75,169.2353570049889
2011-10-10,79321,test,ridge,150.0,107.38611901439181,169.2353570049889
2011-10-17,79321,test,naive,109.0,150.0,169.2353570049889
2011-10-17,79321,test,moving_average,109.0,96.75,169.2353570049889
2011-10-17,79321,test,ridge,109.0,151.64039903424543,169.2353570049889
2011-10-24,79321,test,naive,431.0,109.0,169.2353570049889
2011-10-24,79321,test,moving_average,431.0,117.0,169.2353570049889
2011-10-24,79321,test,ridge,431.0,147.67458654855741,169.2353570049889
2011-10-31,79321,test,naive,166.0,431.0,169.2353570049889
2011-10-31,79321,test,moving_average,166.0,184.25,169.2353570049889
2011-10-31,79321,test,ridge,166.0,208.1326754581529,169.2353570049889
2011-11-07,79321,test,naive,482.0,166.0,169.2353570049889
2011-11-07,79321,test,moving_average,482.0,214.0,169.2353570049889
2011-11-07,79321,test,ridge,482.0,181.08418192329142,169.2353570049889
2011-11-14,79321,test,naive,381.0,482.0,169.2353570049889
2011-11-14,79321,test,moving_average,381.0,297.0,169.2353570049889
2011-11-14,79321,test,ridge,381.0,268.7353722235824,169.2353570049889
2011-11-21,79321,test,naive,959.0,381.0,169.2353570049889
2011-11-21,79321,test,moving_average,959.0,365.0,169.2353570049889
2011-11-21,79321,test,ridge,959.0,287.9244743411123,169.2353570049889
2011-11-28,79321,test,naive,314.0,959.0,169.2353570049889
2011-11-28,79321,test,moving_average,314.0,497.0,169.2353570049889
2011-11-28,79321,test,ridge,314.0,433.0145683528098,169.2353570049889
2011-06-20,21621,validation,naive,18.0,38.0,62.53065914680041
2011-06-20,21621,validation,moving_average,18.0,50.5,62.53065914680041
2011-06-20,21621,validation,ridge,18.0,87.58078559042627,62.53065914680041
2011-06-27,21621,validation,naive,33.0,18.0,62.53065914680041
2011-06-27,21621,validation,moving_average,33.0,37.75,62.53065914680041
2011-06-27,21621,validation,ridge,33.0,82.69947083607123,62.53065914680041
2011-07-04,21621,validation,naive,48.0,33.0,62.53065914680041
2011-07-04,21621,validation,moving_average,48.0,33.0,62.53065914680041
2011-07-04,21621,validation,ridge,48.0,82.21628783940317,62.53065914680041
2011-07-11,21621,validation,naive,6.0,48.0,62.53065914680041
2011-07-11,21621,validation,moving_average,6.0,34.25,62.53065914680041
2011-07-11,21621,validation,ridge,6.0,80.94932734590301,62.53065914680041
2011-07-18,21621,validation,naive,26.0,6.0,62.53065914680041
2011-07-18,21621,validation,moving_average,26.0,26.25,62.53065914680041
2011-07-18,21621,validation,ridge,26.0,70.60932509917271,62.53065914680041
2011-07-25,21621,validation,naive,19.0,26.0,62.53065914680041
2011-07-25,21621,validation,moving_average,19.0,28.25,62.53065914680041
2011-07-25,21621,validation,ridge,19.0,73.25822765747387,62.53065914680041
2011-08-01,21621,validation,naive,150.0,19.0,62.53065914680041
2011-08-01,21621,validation,moving_average,150.0,24.75,62.53065914680041
2011-08-01,21621,validation,ridge,150.0,73.30177374181095,62.53065914680041
2011-08-08,21621,validation,naive,17.0,150.0,62.53065914680041
2011-08-08,21621,validation,moving_average,17.0,50.25,62.53065914680041
2011-08-08,21621,validation,ridge,17.0,61.35959484949436,62.53065914680041
2011-08-15,21621,validation,naive,19.0,17.0,62.53065914680041
2011-08-15,21621,validation,moving_average,19.0,53.0,62.53065914680041
2011-08-15,21621,validation,ridge,19.0,56.813011391794426,62.53065914680041
2011-08-22,21621,validation,naive,19.0,19.0,62.53065914680041
2011-08-22,21621,validation,moving_average,19.0,51.25,62.53065914680041
2011-08-22,21621,validation,ridge,19.0,55.765082933907095,62.53065914680041
2011-08-29,21621,validation,naive,40.0,19.0,62.53065914680041
2011-08-29,21621,validation,moving_average,40.0,51.25,62.53065914680041
2011-08-29,21621,validation,ridge,40.0,71.31768770848625,62.53065914680041
2011-09-05,21621,validation,naive,54.0,40.0,62.53065914680041
2011-09-05,21621,validation,moving_average,54.0,23.75,62.53065914680041
2011-09-05,21621,validation,ridge,54.0,74.88057540934477,62.53065914680041
2011-09-12,21621,test,naive,19.0,54.0,38.158660004425386
2011-09-12,21621,test,moving_average,19.0,33.0,38.158660004425386
2011-09-12,21621,test,ridge,19.0,67.07979968239277,38.158660004425386
2011-09-19,21621,test,naive,46.0,19.0,38.158660004425386
2011-09-19,21621,test,moving_average,46.0,33.0,38.158660004425386
2011-09-19,21621,test,ridge,46.0,64.78230748117076,38.158660004425386
2011-09-26,21621,test,naive,22.0,46.0,38.158660004425386
2011-09-26,21621,test,moving_average,22.0,39.75,38.158660004425386
2011-09-26,21621,test,ridge,22.0,71.94230881922985,38.158660004425386
2011-10-03,21621,test,naive,30.0,22.0,38.158660004425386
2011-10-03,21621,test,moving_average,30.0,35.25,38.158660004425386
2011-10-03,21621,test,ridge,30.0,66.89623390018373,38.158660004425386
2011-10-10,21621,test,naive,17.0,30.0,38.158660004425386
2011-10-10,21621,test,moving_average,17.0,29.25,38.158660004425386
2011-10-10,21621,test,ridge,17.0,64.21940599705488,38.158660004425386
2011-10-17,21621,test,naive,35.0,17.0,38.158660004425386
2011-10-17,21621,test,moving_average,35.0,28.75,38.158660004425386
2011-10-17,21621,test,ridge,35.0,66.55325465764889,38.158660004425386
2011-10-24,21621,test,naive,12.0,35.0,38.158660004425386
2011-10-24,21621,test,moving_average,12.0,26.0,38.158660004425386
2011-10-24,21621,test,ridge,12.0,66.38107369018279,38.158660004425386
2011-10-31,21621,test,naive,20.0,12.0,38.158660004425386
2011-10-31,21621,test,moving_average,20.0,23.5,38.158660004425386
2011-10-31,21621,test,ridge,20.0,63.670747357057266,38.158660004425386
2011-11-07,21621,test,naive,38.0,20.0,38.158660004425386
2011-11-07,21621,test,moving_average,38.0,21.0,38.158660004425386
2011-11-07,21621,test,ridge,38.0,61.317103494862096,38.158660004425386
2011-11-14,21621,test,naive,16.0,38.0,38.158660004425386
2011-11-14,21621,test,moving_average,16.0,26.25,38.158660004425386
2011-11-14,21621,test,ridge,16.0,65.29011208233541,38.158660004425386
2011-11-21,21621,test,naive,25.0,16.0,38.158660004425386
2011-11-21,21621,test,moving_average,25.0,21.5,38.158660004425386
2011-11-21,21621,test,ridge,25.0,59.65541532489676,38.158660004425386
2011-11-28,21621,test,naive,33.0,25.0,38.158660004425386
2011-11-28,21621,test,moving_average,33.0,24.75,38.158660004425386
2011-11-28,21621,test,ridge,33.0,62.632983983206934,38.158660004425386
2011-06-20,21623,validation,naive,2.0,208.0,59.9668469012064
2011-06-20,21623,validation,moving_average,2.0,56.0,59.9668469012064
2011-06-20,21623,validation,ridge,2.0,86.38669691819331,59.9668469012064
2011-06-27,21623,validation,naive,3.0,2.0,59.9668469012064
2011-06-27,21623,validation,moving_average,3.0,55.25,59.9668469012064
2011-06-27,21623,validation,ridge,3.0,79.09203628301266,59.9668469012064
2011-07-04,21623,validation,naive,9.0,3.0,59.9668469012064
2011-07-04,21623,validation,moving_average,9.0,55.25,59.9668469012064
2011-07-04,21623,validation,ridge,9.0,84.69998534421178,59.9668469012064
2011-07-11,21623,validation,naive,5.0,9.0,59.9668469012064
2011-07-11,21623,validation,moving_average,5.0,55.5,59.9668469012064
2011-07-11,21623,validation,ridge,5.0,117.7193310584411,59.9668469012064
2011-07-18,21623,validation,naive,14.0,5.0,59.9668469012064
2011-07-18,21623,validation,moving_average,14.0,4.75,59.9668469012064
2011-07-18,21623,validation,ridge,14.0,94.51715185222412,59.9668469012064
2011-07-25,21623,validation,naive,4.0,14.0,59.9668469012064
2011-07-25,21623,validation,moving_average,4.0,7.75,59.9668469012064
2011-07-25,21623,validation,ridge,4.0,94.7746219050233,59.9668469012064
2011-08-01,21623,validation,naive,5.0,4.0,59.9668469012064
2011-08-01,21623,validation,moving_average,5.0,8.0,59.9668469012064
2011-08-01,21623,validation,ridge,5.0,95.49748793855426,59.9668469012064
2011-08-08,21623,validation,naive,2.0,5.0,59.9668469012064
2011-08-08,21623,validation,moving_average,2.0,7.0,59.9668469012064
2011-08-08,21623,validation,ridge,2.0,95.02064578778031,59.9668469012064
2011-08-15,21623,validation,naive,1.0,2.0,59.9668469012064
2011-08-15,21623,validation,moving_average,1.0,6.25,59.9668469012064
2011-08-15,21623,validation,ridge,1.0,95.39088176567849,59.9668469012064
2011-08-22,21623,validation,naive,5.0,1.0,59.9668469012064
2011-08-22,21623,validation,moving_average,5.0,3.0,59.9668469012064
2011-08-22,21623,validation,ridge,5.0,94.15391927570386,59.9668469012064
2011-08-29,21623,validation,naive,4.0,5.0,59.9668469012064
2011-08-29,21623,validation,moving_average,4.0,3.25,59.9668469012064
2011-08-29,21623,validation,ridge,4.0,94.37085128387079,59.9668469012064
2011-09-05,21623,validation,naive,3.0,4.0,59.9668469012064
2011-09-05,21623,validation,moving_average,3.0,3.0,59.9668469012064
2011-09-05,21623,validation,ridge,3.0,93.77304425546365,59.9668469012064
2011-09-12,21623,test,naive,4.0,3.0,3.570714214271425
2011-09-12,21623,test,moving_average,4.0,3.25,3.570714214271425
2011-09-12,21623,test,ridge,4.0,73.89453733402803,3.570714214271425
2011-09-19,21623,test,naive,4.0,4.0,3.570714214271425
2011-09-19,21623,test,moving_average,4.0,4.0,3.570714214271425
2011-09-19,21623,test,ridge,4.0,74.67296625817082,3.570714214271425
2011-09-26,21623,test,naive,54.0,4.0,3.570714214271425
2011-09-26,21623,test,moving_average,54.0,3.75,3.570714214271425
2011-09-26,21623,test,ridge,54.0,74.50870492821373,3.570714214271425
2011-10-03,21623,test,naive,2.0,54.0,3.570714214271425
2011-10-03,21623,test,moving_average,2.0,16.25,3.570714214271425
2011-10-03,21623,test,ridge,2.0,72.79380462870978,3.570714214271425
2011-10-10,21623,test,naive,5.0,2.0,3.570714214271425
2011-10-10,21623,test,moving_average,5.0,16.0,3.570714214271425
2011-10-10,21623,test,ridge,5.0,71.17215098686088,3.570714214271425
2011-10-17,21623,test,naive,2.0,5.0,3.570714214271425
2011-10-17,21623,test,moving_average,2.0,16.25,3.570714214271425
2011-10-17,21623,test,ridge,2.0,72.56206706344851,3.570714214271425
2011-10-24,21623,test,naive,9.0,2.0,3.570714214271425
2011-10-24,21623,test,moving_average,9.0,15.75,3.570714214271425
2011-10-24,21623,test,ridge,9.0,80.63315511043139,3.570714214271425
2011-10-31,21623,test,naive,94.0,9.0,3.570714214271425
2011-10-31,21623,test,moving_average,94.0,4.5,3.570714214271425
2011-10-31,21623,test,ridge,94.0,74.65809264131737,3.570714214271425
2011-11-07,21623,test,naive,60.0,94.0,3.570714214271425
2011-11-07,21623,test,moving_average,60.0,27.5,3.570714214271425
2011-11-07,21623,test,ridge,60.0,72.76856537489877,3.570714214271425
2011-11-14,21623,test,naive,5.0,60.0,3.570714214271425
2011-11-14,21623,test,moving_average,5.0,41.25,3.570714214271425
2011-11-14,21623,test,ridge,5.0,72.128364447628,3.570714214271425
2011-11-21,21623,test,naive,9.0,5.0,3.570714214271425
2011-11-21,21623,test,moving_average,9.0,42.0,3.570714214271425
2011-11-21,21623,test,ridge,9.0,73.78461446829749,3.570714214271425
2011-11-28,21623,test,naive,5.0,9.0,3.570714214271425
2011-11-28,21623,test,moving_average,5.0,42.0,3.570714214271425
2011-11-28,21623,test,ridge,5.0,88.67229319527311,3.570714214271425
2011-06-20,85099F,validation,naive,605.0,224.0,180.0401259988922
2011-06-20,85099F,validation,moving_average,605.0,365.75,180.0401259988922
2011-06-20,85099F,validation,ridge,605.0,376.3673219641494,180.0401259988922
2011-06-27,85099F,validation,naive,251.0,605.0,180.0401259988922
2011-06-27,85099F,validation,moving_average,251.0,413.75,180.0401259988922
2011-06-27,85099F,validation,ridge,251.0,417.998507111293,180.0401259988922
2011-07-04,85099F,validation,naive,513.0,251.0,180.0401259988922
2011-07-04,85099F,validation,moving_average,513.0,375.75,180.0401259988922
2011-07-04,85099F,validation,ridge,513.0,352.1118987061981,180.0401259988922
2011-07-11,85099F,validation,naive,29.0,513.0,180.0401259988922
2011-07-11,85099F,validation,moving_average,29.0,398.25,180.0401259988922
2011-07-11,85099F,validation,ridge,29.0,369.0012187221518,180.0401259988922
2011-07-18,85099F,validation,naive,120.0,29.0,180.0401259988922
2011-07-18,85099F,validation,moving_average,120.0,349.5,180.0401259988922
2011-07-18,85099F,validation,ridge,120.0,306.8771791919227,180.0401259988922
2011-07-25,85099F,validation,naive,434.0,120.0,180.0401259988922
2011-07-25,85099F,validation,moving_average,434.0,228.25,180.0401259988922
2011-07-25,85099F,validation,ridge,434.0,282.74430607758984,180.0401259988922
2011-08-01,85099F,validation,naive,537.0,434.0,180.0401259988922
2011-08-01,85099F,validation,moving_average,537.0,274.0,180.0401259988922
2011-08-01,85099F,validation,ridge,537.0,361.898862370985,180.0401259988922
2011-08-08,85099F,validation,naive,310.0,537.0,180.0401259988922
2011-08-08,85099F,validation,moving_average,310.0,280.0,180.0401259988922
2011-08-08,85099F,validation,ridge,310.0,334.7925149951429,180.0401259988922
2011-08-15,85099F,validation,naive,328.0,310.0,180.0401259988922
2011-08-15,85099F,validation,moving_average,328.0,350.25,180.0401259988922
2011-08-15,85099F,validation,ridge,328.0,329.5401494671166,180.0401259988922
2011-08-22,85099F,validation,naive,862.0,328.0,180.0401259988922
2011-08-22,85099F,validation,moving_average,862.0,402.25,180.0401259988922
2011-08-22,85099F,validation,ridge,862.0,388.630928794519,180.0401259988922
2011-08-29,85099F,validation,naive,278.0,862.0,180.0401259988922
2011-08-29,85099F,validation,moving_average,278.0,509.25,180.0401259988922
2011-08-29,85099F,validation,ridge,278.0,453.9584440246341,180.0401259988922
2011-09-05,85099F,validation,naive,189.0,278.0,180.0401259988922
2011-09-05,85099F,validation,moving_average,189.0,444.5,180.0401259988922
2011-09-05,85099F,validation,ridge,189.0,333.3188726037758,180.0401259988922
2011-09-12,85099F,test,naive,302.0,189.0,231.44460689462187
2011-09-12,85099F,test,moving_average,302.0,414.25,231.44460689462187
2011-09-12,85099F,test,ridge,302.0,297.53723487947696,231.44460689462187
2011-09-19,85099F,test,naive,509.0,302.0,231.44460689462187
2011-09-19,85099F,test,moving_average,509.0,407.75,231.44460689462187
2011-09-19,85099F,test,ridge,509.0,365.45278982296753,231.44460689462187
2011-09-26,85099F,test,naive,206.0,509.0,231.44460689462187
2011-09-26,85099F,test,moving_average,206.0,319.5,231.44460689462187
2011-09-26,85099F,test,ridge,206.0,367.8479399826763,231.44460689462187
2011-10-03,85099F,test,naive,1172.0,206.0,231.44460689462187
2011-10-03,85099F,test,moving_average,1172.0,301.5,231.44460689462187
2011-10-03,85099F,test,ridge,1172.0,318.7013640843,231.44460689462187
2011-10-10,85099F,test,naive,151.0,1172.0,231.44460689462187
2011-10-10,85099F,test,moving_average,151.0,547.25,231.44460689462187
2011-10-10,85099F,test,ridge,151.0,394.78806117408226,231.44460689462187
2011-10-17,85099F,test,naive,433.0,151.0,231.44460689462187
2011-10-17,85099F,test,moving_average,433.0,509.5,231.44460689462187
2011-10-17,85099F,test,ridge,433.0,268.9380898572254,231.44460689462187
2011-10-24,85099F,test,naive,30.0,433.0,231.44460689462187
2011-10-24,85099F,test,moving_average,30.0,490.5,231.44460689462187
2011-10-24,85099F,test,ridge,30.0,273.9018396000764,231.44460689462187
2011-10-31,85099F,test,naive,193.0,30.0,231.44460689462187
2011-10-31,85099F,test,moving_average,193.0,446.5,231.44460689462187
2011-10-31,85099F,test,ridge,193.0,312.4695325060199,231.44460689462187
2011-11-07,85099F,test,naive,301.0,193.0,231.44460689462187
2011-11-07,85099F,test,moving_average,301.0,201.75,231.44460689462187
2011-11-07,85099F,test,ridge,301.0,284.9972919539169,231.44460689462187
2011-11-14,85099F,test,naive,196.0,301.0,231.44460689462187
2011-11-14,85099F,test,moving_average,196.0,239.25,231.44460689462187
2011-11-14,85099F,test,ridge,196.0,338.7689560527001,231.44460689462187
2011-11-21,85099F,test,naive,52.0,196.0,231.44460689462187
2011-11-21,85099F,test,moving_average,52.0,180.0,231.44460689462187
2011-11-21,85099F,test,ridge,52.0,296.6789083418813,231.44460689462187
2011-11-28,85099F,test,naive,426.0,52.0,231.44460689462187
2011-11-28,85099F,test,moving_average,426.0,185.5,231.44460689462187
2011-11-28,85099F,test,ridge,426.0,301.1733228703162,231.44460689462187
2011-06-20,22386,validation,naive,551.0,233.0,144.19042543760938
2011-06-20,22386,validation,moving_average,551.0,402.0,144.19042543760938
2011-06-20,22386,validation,ridge,551.0,340.24280739040705,144.19042543760938
2011-06-27,22386,validation,naive,356.0,551.0,144.19042543760938
2011-06-27,22386,validation,moving_average,356.0,399.75,144.19042543760938
2011-06-27,22386,validation,ridge,356.0,376.45321510460604,144.19042543760938
2011-07-04,22386,validation,naive,444.0,356.0,144.19042543760938
2011-07-04,22386,validation,moving_average,444.0,387.0,144.19042543760938
2011-07-04,22386,validation,ridge,444.0,345.1767265046836,144.19042543760938
2011-07-11,22386,validation,naive,315.0,444.0,144.19042543760938
2011-07-11,22386,validation,moving_average,315.0,396.0,144.19042543760938
2011-07-11,22386,validation,ridge,315.0,328.49908501982236,144.19042543760938
2011-07-18,22386,validation,naive,287.0,315.0,144.19042543760938
2011-07-18,22386,validation,moving_average,287.0,416.5,144.19042543760938
2011-07-18,22386,validation,ridge,287.0,348.4377317425368,144.19042543760938
2011-07-25,22386,validation,naive,403.0,287.0,144.19042543760938
2011-07-25,22386,validation,moving_average,403.0,350.5,144.19042543760938
2011-07-25,22386,validation,ridge,403.0,339.8522962496439,144.19042543760938
2011-08-01,22386,validation,naive,362.0,403.0,144.19042543760938
2011-08-01,22386,validation,moving_average,362.0,362.25,144.19042543760938
2011-08-01,22386,validation,ridge,362.0,371.84211291241564,144.19042543760938
2011-08-08,22386,validation,naive,361.0,362.0,144.19042543760938
2011-08-08,22386,validation,moving_average,361.0,341.75,144.19042543760938
2011-08-08,22386,validation,ridge,361.0,360.0476629976723,144.19042543760938
2011-08-15,22386,validation,naive,366.0,361.0,144.19042543760938
2011-08-15,22386,validation,moving_average,366.0,353.25,144.19042543760938
2011-08-15,22386,validation,ridge,366.0,350.1728764672879,144.19042543760938
2011-08-22,22386,validation,naive,609.0,366.0,144.19042543760938
2011-08-22,22386,validation,moving_average,609.0,373.0,144.19042543760938
2011-08-22,22386,validation,ridge,609.0,372.76685818090834,144.19042543760938
2011-08-29,22386,validation,naive,238.0,609.0,144.19042543760938
2011-08-29,22386,validation,moving_average,238.0,424.5,144.19042543760938
2011-08-29,22386,validation,ridge,238.0,377.6870313177651,144.19042543760938
2011-09-05,22386,validation,naive,617.0,238.0,144.19042543760938
2011-09-05,22386,validation,moving_average,617.0,393.5,144.19042543760938
2011-09-05,22386,validation,ridge,617.0,310.774468624994,144.19042543760938
2011-09-12,22386,test,naive,478.0,617.0,123.14843839362267
2011-09-12,22386,test,moving_average,478.0,457.5,123.14843839362267
2011-09-12,22386,test,ridge,478.0,349.64549441277524,123.14843839362267
2011-09-19,22386,test,naive,599.0,478.0,123.14843839362267
2011-09-19,22386,test,moving_average,599.0,485.5,123.14843839362267
2011-09-19,22386,test,ridge,599.0,383.7827782446077,123.14843839362267
2011-09-26,22386,test,naive,665.0,599.0,123.14843839362267
2011-09-26,22386,test,moving_average,665.0,483.0,123.14843839362267
2011-09-26,22386,test,ridge,665.0,333.9771168885953,123.14843839362267
2011-10-03,22386,test,naive,1539.0,665.0,123.14843839362267
2011-10-03,22386,test,moving_average,1539.0,589.75,123.14843839362267
2011-10-03,22386,test,ridge,1539.0,417.73719207580524,123.14843839362267
2011-10-10,22386,test,naive,397.0,1539.0,123.14843839362267
2011-10-10,22386,test,moving_average,397.0,820.25,123.14843839362267
2011-10-10,22386,test,ridge,397.0,363.1088996128665,123.14843839362267
2011-10-17,22386,test,naive,334.0,397.0,123.14843839362267
2011-10-17,22386,test,moving_average,334.0,800.0,123.14843839362267
2011-10-17,22386,test,ridge,334.0,228.8724193144215,123.14843839362267
2011-10-24,22386,test,naive,443.0,334.0,123.14843839362267
2011-10-24,22386,test,moving_average,443.0,733.75,123.14843839362267
2011-10-24,22386,test,ridge,443.0,148.18305900744633,123.14843839362267
2011-10-31,22386,test,naive,293.0,443.0,123.14843839362267
2011-10-31,22386,test,moving_average,293.0,678.25,123.14843839362267
2011-10-31,22386,test,ridge,293.0,306.4853956655651,123.14843839362267
2011-11-07,22386,test,naive,516.0,293.0,123.14843839362267
2011-11-07,22386,test,moving_average,516.0,366.75,123.14843839362267
2011-11-07,22386,test,ridge,516.0,336.66124137601105,123.14843839362267
2011-11-14,22386,test,naive,472.0,516.0,123.14843839362267
2011-11-14,22386,test,moving_average,472.0,396.5,123.14843839362267
2011-11-14,22386,test,ridge,472.0,339.1817480027102,123.14843839362267
2011-11-21,22386,test,naive,253.0,472.0,123.14843839362267
2011-11-21,22386,test,moving_average,253.0,431.0,123.14843839362267
2011-11-21,22386,test,ridge,253.0,361.44999996076444,123.14843839362267
2011-11-28,22386,test,naive,416.0,253.0,123.14843839362267
2011-11-28,22386,test,moving_average,416.0,383.5,123.14843839362267
2011-11-28,22386,test,ridge,416.0,300.64124269666235,123.14843839362267
2011-06-20,21137,validation,naive,131.0,673.0,226.35750417640168
2011-06-20,21137,validation,moving_average,131.0,298.75,226.35750417640168
2011-06-20,21137,validation,ridge,131.0,356.4385137094873,226.35750417640168
2011-06-27,21137,validation,naive,232.0,131.0,226.35750417640168
2011-06-27,21137,validation,moving_average,232.0,331.5,226.35750417640168
2011-06-27,21137,validation,ridge,232.0,184.5913508146064,226.35750417640168
2011-07-04,21137,validation,naive,90.0,232.0,226.35750417640168
2011-07-04,21137,validation,moving_average,90.0,263.5,226.35750417640168
2011-07-04,21137,validation,ridge,90.0,259.0773271417435,226.35750417640168
2011-07-11,21137,validation,naive,100.0,90.0,226.35750417640168
2011-07-11,21137,validation,moving_average,100.0,281.5,226.35750417640168
2011-07-11,21137,validation,ridge,100.0,184.17204197679936,226.35750417640168
2011-07-18,21137,validation,naive,206.0,100.0,226.35750417640168
2011-07-18,21137,validation,moving_average,206.0,138.25,226.35750417640168
2011-07-18,21137,validation,ridge,206.0,138.74299612535296,226.35750417640168
2011-07-25,21137,validation,naive,116.0,206.0,226.35750417640168
2011-07-25,21137,validation,moving_average,116.0,157.0,226.35750417640168
2011-07-25,21137,validation,ridge,116.0,153.34347741136827,226.35750417640168
2011-08-01,21137,validation,naive,0.0,116.0,226.35750417640168
2011-08-01,21137,validation,moving_average,0.0,128.0,226.35750417640168
2011-08-01,21137,validation,ridge,0.0,125.48966486096103,226.35750417640168
2011-08-08,21137,validation,naive,73.0,0.0,226.35750417640168
2011-08-08,21137,validation,moving_average,73.0,105.5,226.35750417640168
2011-08-08,21137,validation,ridge,73.0,125.06257587595607,226.35750417640168
2011-08-15,21137,validation,naive,270.0,73.0,226.35750417640168
2011-08-15,21137,validation,moving_average,270.0,98.75,226.35750417640168
2011-08-15,21137,validation,ridge,270.0,132.30216809263086,226.35750417640168
2011-08-22,21137,validation,naive,20.0,270.0,226.35750417640168
2011-08-22,21137,validation,moving_average,20.0,114.75,226.35750417640168
2011-08-22,21137,validation,ridge,20.0,172.32501718253283,226.35750417640168
2011-08-29,21137,validation,naive,176.0,20.0,226.35750417640168
2011-08-29,21137,validation,moving_average,176.0,90.75,226.35750417640168
2011-08-29,21137,validation,ridge,176.0,125.75795063674943,226.35750417640168
2011-09-05,21137,validation,naive,104.0,176.0,226.35750417640168
2011-09-05,21137,validation,moving_average,104.0,134.75,226.35750417640168
2011-09-05,21137,validation,ridge,104.0,167.69688083241033,226.35750417640168
2011-09-12,21137,test,naive,210.0,104.0,81.67062451757614
2011-09-12,21137,test,moving_average,210.0,142.5,81.67062451757614
2011-09-12,21137,test,ridge,210.0,133.54474220525765,81.67062451757614
2011-09-19,21137,test,naive,34.0,210.0,81.67062451757614
2011-09-19,21137,test,moving_average,34.0,127.5,81.67062451757614
2011-09-19,21137,test,ridge,34.0,144.9054594106004,81.67062451757614
2011-09-26,21137,test,naive,202.0,34.0,81.67062451757614
2011-09-26,21137,test,moving_average,202.0,131.0,81.67062451757614
2011-09-26,21137,test,ridge,202.0,112.80144331512354,81.67062451757614
2011-10-03,21137,test,naive,301.0,202.0,81.67062451757614
2011-10-03,21137,test,moving_average,301.0,137.5,81.67062451757614
2011-10-03,21137,test,ridge,301.0,146.49010343728253,81.67062451757614
2011-10-10,21137,test,naive,25.0,301.0,81.67062451757614
2011-10-10,21137,test,moving_average,25.0,186.75,81.67062451757614
2011-10-10,21137,test,ridge,25.0,167.14890784489072,81.67062451757614
2011-10-17,21137,test,naive,176.0,25.0,81.67062451757614
2011-10-17,21137,test,moving_average,176.0,140.5,81.67062451757614
2011-10-17,21137,test,ridge,176.0,131.42175093928205,81.67062451757614
2011-10-24,21137,test,naive,95.0,176.0,81.67062451757614
2011-10-24,21137,test,moving_average,95.0,176.0,81.67062451757614
2011-10-24,21137,test,ridge,95.0,154.76882049577765,81.67062451757614
2011-10-31,21137,test,naive,433.0,95.0,81.67062451757614
2011-10-31,21137,test,moving_average,433.0,149.25,81.67062451757614
2011-10-31,21137,test,ridge,433.0,138.1256354011662,81.67062451757614
2011-11-07,21137,test,naive,857.0,433.0,81.67062451757614
2011-11-07,21137,test,moving_average,857.0,182.25,81.67062451757614
2011-11-07,21137,test,ridge,857.0,215.1492327236328,81.67062451757614
2011-11-14,21137,test,naive,259.0,857.0,81.67062451757614
2011-11-14,21137,test,moving_average,259.0,390.25,81.67062451757614
2011-11-14,21137,test,ridge,259.0,331.21645960870615,81.67062451757614
2011-11-21,21137,test,naive,556.0,259.0,81.67062451757614
2011-11-21,21137,test,moving_average,556.0,411.0,81.67062451757614
2011-11-21,21137,test,ridge,556.0,232.16146976037203,81.67062451757614
2011-11-28,21137,test,naive,183.0,556.0,81.67062451757614
2011-11-28,21137,test,moving_average,183.0,526.25,81.67062451757614
2011-11-28,21137,test,ridge,183.0,268.6229883341907,81.67062451757614
2011-06-20,21843,validation,naive,17.0,15.0,16.19109369843542
2011-06-20,21843,validation,moving_average,17.0,12.5,16.19109369843542
2011-06-20,21843,validation,ridge,17.0,30.257215458212706,16.19109369843542
2011-06-27,21843,validation,naive,16.0,17.0,16.19109369843542
2011-06-27,21843,validation,moving_average,16.0,14.5,16.19109369843542
2011-06-27,21843,validation,ridge,16.0,31.764639458465613,16.19109369843542
2011-07-04,21843,validation,naive,6.0,16.0,16.19109369843542
2011-07-04,21843,validation,moving_average,6.0,14.0,16.19109369843542
2011-07-04,21843,validation,ridge,6.0,31.26685225288639,16.19109369843542
2011-07-11,21843,validation,naive,7.0,6.0,16.19109369843542
2011-07-11,21843,validation,moving_average,7.0,13.5,16.19109369843542
2011-07-11,21843,validation,ridge,7.0,29.541561387572248,16.19109369843542
2011-07-18,21843,validation,naive,13.0,7.0,16.19109369843542
2011-07-18,21843,validation,moving_average,13.0,11.5,16.19109369843542
2011-07-18,21843,validation,ridge,13.0,26.038918917685642,16.19109369843542
2011-07-25,21843,validation,naive,7.0,13.0,16.19109369843542
2011-07-25,21843,validation,moving_average,7.0,10.5,16.19109369843542
2011-07-25,21843,validation,ridge,7.0,25.809022132404024,16.19109369843542
2011-08-01,21843,validation,naive,27.0,7.0,16.19109369843542
2011-08-01,21843,validation,moving_average,27.0,8.25,16.19109369843542
2011-08-01,21843,validation,ridge,27.0,24.30177181970108,16.19109369843542
2011-08-08,21843,validation,naive,8.0,27.0,16.19109369843542
2011-08-08,21843,validation,moving_average,8.0,13.5,16.19109369843542
2011-08-08,21843,validation,ridge,8.0,24.63808622905126,16.19109369843542
2011-08-15,21843,validation,naive,17.0,8.0,16.19109369843542
2011-08-15,21843,validation,moving_average,17.0,13.75,16.19109369843542
2011-08-15,21843,validation,ridge,17.0,23.432989824590976,16.19109369843542
2011-08-22,21843,validation,naive,12.0,17.0,16.19109369843542
2011-08-22,21843,validation,moving_average,12.0,14.75,16.19109369843542
2011-08-22,21843,validation,ridge,12.0,25.842279773332468,16.19109369843542
2011-08-29,21843,validation,naive,9.0,12.0,16.19109369843542
2011-08-29,21843,validation,moving_average,9.0,16.0,16.19109369843542
2011-08-29,21843,validation,ridge,9.0,26.507522713312053,16.19109369843542
2011-09-05,21843,validation,naive,3.0,9.0,16.19109369843542
2011-09-05,21843,validation,moving_average,3.0,11.5,16.19109369843542
2011-09-05,21843,validation,ridge,3.0,27.195523240409987,16.19109369843542
2011-09-12,21843,test,naive,29.0,3.0,6.630965010441313
2011-09-12,21843,test,moving_average,29.0,10.25,6.630965010441313
2011-09-12,21843,test,ridge,29.0,19.102250386642798,6.630965010441313
2011-09-19,21843,test,naive,38.0,29.0,6.630965010441313
2011-09-19,21843,test,moving_average,38.0,13.25,6.630965010441313
2011-09-19,21843,test,ridge,38.0,17.893142458483833,6.630965010441313
2011-09-26,21843,test,naive,5.0,38.0,6.630965010441313
2011-09-26,21843,test,moving_average,5.0,19.75,6.630965010441313
2011-09-26,21843,test,ridge,5.0,18.692292381263158,6.630965010441313
2011-10-03,21843,test,naive,4.0,5.0,6.630965010441313
2011-10-03,21843,test,moving_average,4.0,18.75,6.630965010441313
2011-10-03,21843,test,ridge,4.0,16.500542964879294,6.630965010441313
2011-10-10,21843,test,naive,23.0,4.0,6.630965010441313
2011-10-10,21843,test,moving_average,23.0,19.0,6.630965010441313
2011-10-10,21843,test,ridge,23.0,19.68048151049057,6.630965010441313
2011-10-17,21843,test,naive,4.0,23.0,6.630965010441313
2011-10-17,21843,test,moving_average,4.0,17.5,6.630965010441313
2011-10-17,21843,test,ridge,4.0,18.245045446303095,6.630965010441313
2011-10-24,21843,test,naive,13.0,4.0,6.630965010441313
2011-10-24,21843,test,moving_average,13.0,9.0,6.630965010441313
2011-10-24,21843,test,ridge,13.0,15.149175345000089,6.630965010441313
2011-10-31,21843,test,naive,34.0,13.0,6.630965010441313
2011-10-31,21843,test,moving_average,34.0,11.0,6.630965010441313
2011-10-31,21843,test,ridge,34.0,19.046816393818435,6.630965010441313
2011-11-07,21843,test,naive,27.0,34.0,6.630965010441313
2011-11-07,21843,test,moving_average,27.0,18.5,6.630965010441313
2011-11-07,21843,test,ridge,27.0,22.6108635471455,6.630965010441313
2011-11-14,21843,test,naive,136.0,27.0,6.630965010441313
2011-11-14,21843,test,moving_average,136.0,19.5,6.630965010441313
2011-11-14,21843,test,ridge,136.0,21.51452785271461,6.630965010441313
2011-11-21,21843,test,naive,176.0,136.0,6.630965010441313
2011-11-21,21843,test,moving_average,176.0,52.5,6.630965010441313
2011-11-21,21843,test,ridge,176.0,18.41940216452216,6.630965010441313
2011-11-28,21843,test,naive,43.0,176.0,6.630965010441313
2011-11-28,21843,test,moving_average,43.0,93.25,6.630965010441313
2011-11-28,21843,test,ridge,43.0,40.350173516751184,6.630965010441313
2011-06-20,20685,validation,naive,45.0,5.0,154.01561805888585
2011-06-20,20685,validation,moving_average,45.0,147.0,154.01561805888585
2011-06-20,20685,validation,ridge,45.0,79.82885520670281,154.01561805888585
2011-06-27,20685,validation,naive,22.0,45.0,154.01561805888585
2011-06-27,20685,validation,moving_average,22.0,151.75,154.01561805888585
2011-06-27,20685,validation,ridge,22.0,319.7073454948868,154.01561805888585
2011-07-04,20685,validation,naive,418.0,22.0,154.01561805888585
2011-07-04,20685,validation,moving_average,418.0,149.5,154.01561805888585
2011-07-04,20685,validation,ridge,418.0,0.0,154.01561805888585
2011-07-11,20685,validation,naive,46.0,418.0,154.01561805888585
2011-07-11,20685,validation,moving_average,46.0,122.5,154.01561805888585
2011-07-11,20685,validation,ridge,46.0,123.34739624968711,154.01561805888585
2011-07-18,20685,validation,naive,89.0,46.0,154.01561805888585
2011-07-18,20685,validation,moving_average,89.0,132.75,154.01561805888585
2011-07-18,20685,validation,ridge,89.0,59.88092912599372,154.01561805888585
2011-07-25,20685,validation,naive,18.0,89.0,154.01561805888585
2011-07-25,20685,validation,moving_average,18.0,143.75,154.01561805888585
2011-07-25,20685,validation,ridge,18.0,255.5590401635037,154.01561805888585
2011-08-01,20685,validation,naive,38.0,18.0,154.01561805888585
2011-08-01,20685,validation,moving_average,38.0,142.75,154.01561805888585
2011-08-01,20685,validation,ridge,38.0,0.0,154.01561805888585
2011-08-08,20685,validation,naive,29.0,38.0,154.01561805888585
2011-08-08,20685,validation,moving_average,29.0,47.75,154.01561805888585
2011-08-08,20685,validation,ridge,29.0,84.21626287949927,154.01561805888585
2011-08-15,20685,validation,naive,38.0,29.0,154.01561805888585
2011-08-15,20685,validation,moving_average,38.0,43.5,154.01561805888585
2011-08-15,20685,validation,ridge,38.0,40.04471809476313,154.01561805888585
2011-08-22,20685,validation,naive,34.0,38.0,154.01561805888585
2011-08-22,20685,validation,moving_average,34.0,30.75,154.01561805888585
2011-08-22,20685,validation,ridge,34.0,62.06268986098522,154.01561805888585
2011-08-29,20685,validation,naive,33.0,34.0,154.01561805888585
2011-08-29,20685,validation,moving_average,33.0,34.75,154.01561805888585
2011-08-29,20685,validation,ridge,33.0,51.1054376949577,154.01561805888585
2011-09-05,20685,validation,naive,20.0,33.0,154.01561805888585
2011-09-05,20685,validation,moving_average,20.0,33.5,154.01561805888585
2011-09-05,20685,validation,ridge,20.0,73.5218274343608,154.01561805888585
2011-09-12,20685,test,naive,14.0,20.0,111.4204431489803
2011-09-12,20685,test,moving_average,14.0,31.25,111.4204431489803
2011-09-12,20685,test,ridge,14.0,75.55309426074987,111.4204431489803
2011-09-19,20685,test,naive,11.0,14.0,111.4204431489803
2011-09-19,20685,test,moving_average,11.0,25.25,111.4204431489803
2011-09-19,20685,test,ridge,11.0,79.66372405758878,111.4204431489803
2011-09-26,20685,test,naive,95.0,11.0,111.4204431489803
2011-09-26,20685,test,moving_average,95.0,19.5,111.4204431489803
2011-09-26,20685,test,ridge,95.0,77.68794984988254,111.4204431489803
2011-10-03,20685,test,naive,36.0,95.0,111.4204431489803
2011-10-03,20685,test,moving_average,36.0,35.0,111.4204431489803
2011-10-03,20685,test,ridge,36.0,80.73666964483829,111.4204431489803
2011-10-10,20685,test,naive,39.0,36.0,111.4204431489803
2011-10-10,20685,test,moving_average,39.0,39.0,111.4204431489803
2011-10-10,20685,test,ridge,39.0,79.08265317628097,111.4204431489803
2011-10-17,20685,test,naive,12.0,39.0,111.4204431489803
2011-10-17,20685,test,moving_average,12.0,45.25,111.4204431489803
2011-10-17,20685,test,ridge,12.0,85.88741964958085,111.4204431489803
2011-10-24,20685,test,naive,62.0,12.0,111.4204431489803
2011-10-24,20685,test,moving_average,62.0,45.5,111.4204431489803
2011-10-24,20685,test,ridge,62.0,95.89959097642677,111.4204431489803
2011-10-31,20685,test,naive,90.0,62.0,111.4204431489803
2011-10-31,20685,test,moving_average,90.0,37.25,111.4204431489803
2011-10-31,20685,test,ridge,90.0,80.54480383293422,111.4204431489803
2011-11-07,20685,test,naive,36.0,90.0,111.4204431489803
2011-11-07,20685,test,moving_average,36.0,50.75,111.4204431489803
2011-11-07,20685,test,ridge,36.0,79.14537555779627,111.4204431489803
2011-11-14,20685,test,naive,26.0,36.0,111.4204431489803
2011-11-14,20685,test,moving_average,26.0,50.0,111.4204431489803
2011-11-14,20685,test,ridge,26.0,76.43149033441199,111.4204431489803
2011-11-21,20685,test,naive,96.0,26.0,111.4204431489803
2011-11-21,20685,test,moving_average,96.0,53.5,111.4204431489803
2011-11-21,20685,test,ridge,96.0,85.07003824430537,111.4204431489803
2011-11-28,20685,test,naive,95.0,96.0,111.4204431489803
2011-11-28,20685,test,moving_average,95.0,62.0,111.4204431489803
2011-11-28,20685,test,ridge,95.0,89.19924006303879,111.4204431489803
2011-06-20,85099C,validation,naive,83.0,265.0,91.06187540082377
2011-06-20,85099C,validation,moving_average,83.0,248.25,91.06187540082377
2011-06-20,85099C,validation,ridge,83.0,322.6580373050277,91.06187540082377
2011-06-27,85099C,validation,naive,181.0,83.0,91.06187540082377
2011-06-27,85099C,validation,moving_average,181.0,172.25,91.06187540082377
2011-06-27,85099C,validation,ridge,181.0,282.5576301371174,91.06187540082377
2011-07-04,85099C,validation,naive,324.0,181.0,91.06187540082377
2011-07-04,85099C,validation,moving_average,324.0,167.5,91.06187540082377
2011-07-04,85099C,validation,ridge,324.0,289.0244715168394,91.06187540082377
2011-07-11,85099C,validation,naive,93.0,324.0,91.06187540082377
2011-07-11,85099C,validation,moving_average,93.0,213.25,91.06187540082377
2011-07-11,85099C,validation,ridge,93.0,312.91475843869637,91.06187540082377
2011-07-18,85099C,validation,naive,210.0,93.0,91.06187540082377
2011-07-18,85099C,validation,moving_average,210.0,170.25,91.06187540082377
2011-07-18,85099C,validation,ridge,210.0,251.84867395799128,91.06187540082377
2011-07-25,85099C,validation,naive,164.0,210.0,91.06187540082377
2011-07-25,85099C,validation,moving_average,164.0,202.0,91.06187540082377
2011-07-25,85099C,validation,ridge,164.0,285.70356194899017,91.06187540082377
2011-08-01,85099C,validation,naive,264.0,164.0,91.06187540082377
2011-08-01,85099C,validation,moving_average,264.0,197.75,91.06187540082377
2011-08-01,85099C,validation,ridge,264.0,298.2498646935696,91.06187540082377
2011-08-08,85099C,validation,naive,252.0,264.0,91.06187540082377
2011-08-08,85099C,validation,moving_average,252.0,182.75,91.06187540082377
2011-08-08,85099C,validation,ridge,252.0,290.49587630904347,91.06187540082377
2011-08-15,85099C,validation,naive,113.0,252.0,91.06187540082377
2011-08-15,85099C,validation,moving_average,113.0,222.5,91.06187540082377
2011-08-15,85099C,validation,ridge,113.0,312.2981163883063,91.06187540082377
2011-08-22,85099C,validation,naive,132.0,113.0,91.06187540082377
2011-08-22,85099C,validation,moving_average,132.0,198.25,91.06187540082377
2011-08-22,85099C,validation,ridge,132.0,278.8464289785085,91.06187540082377
2011-08-29,85099C,validation,naive,264.0,132.0,91.06187540082377
2011-08-29,85099C,validation,moving_average,264.0,190.25,91.06187540082377
2011-08-29,85099C,validation,ridge,264.0,294.4769494356218,91.06187540082377
2011-09-05,85099C,validation,naive,439.0,264.0,91.06187540082377
2011-09-05,85099C,validation,moving_average,439.0,190.25,91.06187540082377
2011-09-05,85099C,validation,ridge,439.0,309.71114792720533,91.06187540082377
2011-09-12,85099C,test,naive,109.0,439.0,105.01121873688574
2011-09-12,85099C,test,moving_average,109.0,237.0,105.01121873688574
2011-09-12,85099C,test,ridge,109.0,272.445072689052,105.01121873688574
2011-09-19,85099C,test,naive,440.0,109.0,105.01121873688574
2011-09-19,85099C,test,moving_average,440.0,236.0,105.01121873688574
2011-09-19,85099C,test,ridge,440.0,225.4381120985383,105.01121873688574
2011-09-26,85099C,test,naive,398.0,440.0,105.01121873688574
2011-09-26,85099C,test,moving_average,398.0,313.0,105.01121873688574
2011-09-26,85099C,test,ridge,398.0,296.2113310178513,105.01121873688574
2011-10-03,85099C,test,naive,276.0,398.0,105.01121873688574
2011-10-03,85099C,test,moving_average,276.0,346.5,105.01121873688574
2011-10-03,85099C,test,ridge,276.0,307.4074529621946,105.01121873688574
2011-10-10,85099C,test,naive,210.0,276.0,105.01121873688574
2011-10-10,85099C,test,moving_average,210.0,305.75,105.01121873688574
2011-10-10,85099C,test,ridge,210.0,256.31322217848464,105.01121873688574
2011-10-17,85099C,test,naive,200.0,210.0,105.01121873688574
2011-10-17,85099C,test,moving_average,200.0,331.0,105.01121873688574
2011-10-17,85099C,test,ridge,200.0,304.2456891800268,105.01121873688574
2011-10-24,85099C,test,naive,391.0,200.0,105.01121873688574
2011-10-24,85099C,test,moving_average,391.0,271.0,105.01121873688574
2011-10-24,85099C,test,ridge,391.0,304.3733004645758,105.01121873688574
2011-10-31,85099C,test,naive,90.0,391.0,105.01121873688574
2011-10-31,85099C,test,moving_average,90.0,269.25,105.01121873688574
2011-10-31,85099C,test,ridge,90.0,318.5067431912463,105.01121873688574
2011-11-07,85099C,test,naive,353.0,90.0,105.01121873688574
2011-11-07,85099C,test,moving_average,353.0,222.75,105.01121873688574
2011-11-07,85099C,test,ridge,353.0,248.71423856094265,105.01121873688574
2011-11-14,85099C,test,naive,620.0,353.0,105.01121873688574
2011-11-14,85099C,test,moving_average,620.0,258.5,105.01121873688574
2011-11-14,85099C,test,ridge,620.0,289.7771390924818,105.01121873688574
2011-11-21,85099C,test,naive,203.0,620.0,105.01121873688574
2011-11-21,85099C,test,moving_average,203.0,363.5,105.01121873688574
2011-11-21,85099C,test,ridge,203.0,324.32277624176834,105.01121873688574
2011-11-28,85099C,test,naive,384.0,203.0,105.01121873688574
2011-11-28,85099C,test,moving_average,384.0,316.5,105.01121873688574
2011-11-28,85099C,test,ridge,384.0,220.12061676128243,105.01121873688574
2011-06-20,22189,validation,naive,13.0,454.0,132.80185741672943
2011-06-20,22189,validation,moving_average,13.0,140.75,132.80185741672943
2011-06-20,22189,validation,ridge,13.0,185.53347655936187,132.80185741672943
2011-06-27,22189,validation,naive,26.0,13.0,132.80185741672943
2011-06-27,22189,validation,moving_average,26.0,138.25,132.80185741672943
2011-06-27,22189,validation,ridge,26.0,162.66851086048055,132.80185741672943
2011-07-04,22189,validation,naive,14.0,26.0,132.80185741672943
2011-07-04,22189,validation,moving_average,14.0,139.5,132.80185741672943
2011-07-04,22189,validation,ridge,14.0,172.07151077202204,132.80185741672943
2011-07-11,22189,validation,naive,6.0,14.0,132.80185741672943
2011-07-11,22189,validation,moving_average,6.0,126.75,132.80185741672943
2011-07-11,22189,validation,ridge,6.0,231.86376953184003,132.80185741672943
2011-07-18,22189,validation,naive,176.0,6.0,132.80185741672943
2011-07-18,22189,validation,moving_average,176.0,14.75,132.80185741672943
2011-07-18,22189,validation,ridge,176.0,185.2975662402543,132.80185741672943
2011-07-25,22189,validation,naive,356.0,176.0,132.80185741672943
2011-07-25,22189,validation,moving_average,356.0,55.5,132.80185741672943
2011-07-25,22189,validation,ridge,356.0,186.25911280336646,132.80185741672943
2011-08-01,22189,validation,naive,70.0,356.0,132.80185741672943
2011-08-01,22189,validation,moving_average,70.0,138.0,132.80185741672943
2011-08-01,22189,validation,ridge,70.0,185.44103800604512,132.80185741672943
2011-08-08,22189,validation,naive,62.0,70.0,132.80185741672943
2011-08-08,22189,validation,moving_average,62.0,152.0,132.80185741672943
2011-08-08,22189,validation,ridge,62.0,174.464171670543,132.80185741672943
2011-08-15,22189,validation,naive,31.0,62.0,132.80185741672943
2011-08-15,22189,validation,moving_average,31.0,166.0,132.80185741672943
2011-08-15,22189,validation,ridge,31.0,210.96556979854645,132.80185741672943
2011-08-22,22189,validation,naive,41.0,31.0,132.80185741672943
2011-08-22,22189,validation,moving_average,41.0,129.75,132.80185741672943
2011-08-22,22189,validation,ridge,41.0,230.7264638428279,132.80185741672943
2011-08-29,22189,validation,naive,382.0,41.0,132.80185741672943
2011-08-29,22189,validation,moving_average,382.0,51.0,132.80185741672943
2011-08-29,22189,validation,ridge,382.0,198.52651773529587,132.80185741672943
2011-09-05,22189,validation,naive,24.0,382.0,132.80185741672943
2011-09-05,22189,validation,moving_average,24.0,129.0,132.80185741672943
2011-09-05,22189,validation,ridge,24.0,192.66801604273005,132.80185741672943
2011-09-12,22189,test,naive,47.0,24.0,133.64638439032333
2011-09-12,22189,test,moving_average,47.0,119.5,133.64638439032333
2011-09-12,22189,test,ridge,47.0,151.28740482698998,133.64638439032333
2011-09-19,22189,test,naive,43.0,47.0,133.64638439032333
2011-09-19,22189,test,moving_average,43.0,123.5,133.64638439032333
2011-09-19,22189,test,ridge,43.0,156.6049377481565,133.64638439032333
2011-09-26,22189,test,naive,34.0,43.0,133.64638439032333
2011-09-26,22189,test,moving_average,34.0,124.0,133.64638439032333
2011-09-26,22189,test,ridge,34.0,213.5673843991425,133.64638439032333
2011-10-03,22189,test,naive,304.0,34.0,133.64638439032333
2011-10-03,22189,test,moving_average,304.0,37.0,133.64638439032333
2011-10-03,22189,test,ridge,304.0,174.37960633497204,133.64638439032333
2011-10-10,22189,test,naive,24.0,304.0,133.64638439032333
2011-10-10,22189,test,moving_average,24.0,107.0,133.64638439032333
2011-10-10,22189,test,ridge,24.0,176.2487810292115,133.64638439032333
2011-10-17,22189,test,naive,148.0,24.0,133.64638439032333
2011-10-17,22189,test,moving_average,148.0,101.25,133.64638439032333
2011-10-17,22189,test,ridge,148.0,159.58200513501572,133.64638439032333
2011-10-24,22189,test,naive,57.0,148.0,133.64638439032333
2011-10-24,22189,test,moving_average,57.0,127.5,133.64638439032333
2011-10-24,22189,test,ridge,57.0,170.54584517943533,133.64638439032333
2011-10-31,22189,test,naive,338.0,57.0,133.64638439032333
2011-10-31,22189,test,moving_average,338.0,133.25,133.64638439032333
2011-10-31,22189,test,ridge,338.0,213.44895054014592,133.64638439032333
2011-11-07,22189,test,naive,73.0,338.0,133.64638439032333
2011-11-07,22189,test,moving_average,73.0,141.75,133.64638439032333
2011-11-07,22189,test,ridge,73.0,178.16274855661274,133.64638439032333
2011-11-14,22189,test,naive,38.0,73.0,133.64638439032333
2011-11-14,22189,test,moving_average,38.0,154.0,133.64638439032333
2011-11-14,22189,test,ridge,38.0,190.23360582071808,133.64638439032333
2011-11-21,22189,test,naive,33.0,38.0,133.64638439032333
2011-11-21,22189,test,moving_average,33.0,126.5,133.64638439032333
2011-11-21,22189,test,ridge,33.0,166.2165116100975,133.64638439032333
2011-11-28,22189,test,naive,55.0,33.0,133.64638439032333
2011-11-28,22189,test,moving_average,55.0,120.5,133.64638439032333
2011-11-28,22189,test,ridge,55.0,210.4028750675139,133.64638439032333
2011-06-20,20725,validation,naive,218.0,186.0,144.59250473050955
2011-06-20,20725,validation,moving_average,218.0,336.5,144.59250473050955
2011-06-20,20725,validation,ridge,218.0,289.3843634982581,144.59250473050955
2011-06-27,20725,validation,naive,183.0,218.0,144.59250473050955
2011-06-27,20725,validation,moving_average,183.0,285.0,144.59250473050955
2011-06-27,20725,validation,ridge,183.0,294.33467710844025,144.59250473050955
2011-07-04,20725,validation,naive,293.0,183.0,144.59250473050955
2011-07-04,20725,validation,moving_average,293.0,288.0,144.59250473050955
2011-07-04,20725,validation,ridge,293.0,256.31288234457406,144.59250473050955
2011-07-11,20725,validation,naive,201.0,293.0,144.59250473050955
2011-07-11,20725,validation,moving_average,201.0,220.0,144.59250473050955
2011-07-11,20725,validation,ridge,201.0,336.27381426785394,144.59250473050955
2011-07-18,20725,validation,naive,415.0,201.0,144.59250473050955
2011-07-18,20725,validation,moving_average,415.0,223.75,144.59250473050955
2011-07-18,20725,validation,ridge,415.0,337.3548617420975,144.59250473050955
2011-07-25,20725,validation,naive,345.0,415.0,144.59250473050955
2011-07-25,20725,validation,moving_average,345.0,273.0,144.59250473050955
2011-07-25,20725,validation,ridge,345.0,302.8606996288901,144.59250473050955
2011-08-01,20725,validation,naive,583.0,345.0,144.59250473050955
2011-08-01,20725,validation,moving_average,583.0,313.5,144.59250473050955
2011-08-01,20725,validation,ridge,583.0,334.85435472368704,144.59250473050955
2011-08-08,20725,validation,naive,575.0,583.0,144.59250473050955
2011-08-08,20725,validation,moving_average,575.0,386.0,144.59250473050955
2011-08-08,20725,validation,ridge,575.0,307.7373741291336,144.59250473050955
2011-08-15,20725,validation,naive,373.0,575.0,144.59250473050955
2011-08-15,20725,validation,moving_average,373.0,479.5,144.59250473050955
2011-08-15,20725,validation,ridge,373.0,369.3834305222197,144.59250473050955
2011-08-22,20725,validation,naive,281.0,373.0,144.59250473050955
2011-08-22,20725,validation,moving_average,281.0,469.0,144.59250473050955
2011-08-22,20725,validation,ridge,281.0,392.26165828485824,144.59250473050955
2011-08-29,20725,validation,naive,192.0,281.0,144.59250473050955
2011-08-29,20725,validation,moving_average,192.0,453.0,144.59250473050955
2011-08-29,20725,validation,ridge,192.0,356.2516157155923,144.59250473050955
2011-09-05,20725,validation,naive,304.0,192.0,144.59250473050955
2011-09-05,20725,validation,moving_average,304.0,355.25,144.59250473050955
2011-09-05,20725,validation,ridge,304.0,315.54344331150276,144.59250473050955
2011-09-12,20725,test,naive,299.0,304.0,137.38342165434133
2011-09-12,20725,test,moving_average,299.0,287.5,137.38342165434133
2011-09-12,20725,test,ridge,299.0,360.68947730036206,137.38342165434133
2011-09-19,20725,test,naive,212.0,299.0,137.38342165434133
2011-09-19,20725,test,moving_average,212.0,269.0,137.38342165434133
2011-09-19,20725,test,ridge,212.0,381.58994812266394,137.38342165434133
2011-09-26,20725,test,naive,228.0,212.0,137.38342165434133
2011-09-26,20725,test,moving_average,228.0,251.75,137.38342165434133
2011-09-26,20725,test,ridge,228.0,372.40553558969543,137.38342165434133
2011-10-03,20725,test,naive,278.0,228.0,137.38342165434133
2011-10-03,20725,test,moving_average,278.0,260.75,137.38342165434133
2011-10-03,20725,test,ridge,278.0,344.5748530468527,137.38342165434133
2011-10-10,20725,test,naive,383.0,278.0,137.38342165434133
2011-10-10,20725,test,moving_average,383.0,254.25,137.38342165434133
2011-10-10,20725,test,ridge,383.0,334.7441646601152,137.38342165434133
2011-10-17,20725,test,naive,146.0,383.0,137.38342165434133
2011-10-17,20725,test,moving_average,146.0,275.25,137.38342165434133
2011-10-17,20725,test,ridge,146.0,331.63884346801404,137.38342165434133
2011-10-24,20725,test,naive,234.0,146.0,137.38342165434133
2011-10-24,20725,test,moving_average,234.0,258.75,137.38342165434133
2011-10-24,20725,test,ridge,234.0,307.57190409178696,137.38342165434133
2011-10-31,20725,test,naive,223.0,234.0,137.38342165434133
2011-10-31,20725,test,moving_average,223.0,260.25,137.38342165434133
2011-10-31,20725,test,ridge,223.0,290.4401704058497,137.38342165434133
2011-11-07,20725,test,naive,526.0,223.0,137.38342165434133
2011-11-07,20725,test,moving_average,526.0,246.5,137.38342165434133
2011-11-07,20725,test,ridge,526.0,281.81973269426607,137.38342165434133
2011-11-14,20725,test,naive,449.0,526.0,137.38342165434133
2011-11-14,20725,test,moving_average,449.0,282.25,137.38342165434133
2011-11-14,20725,test,ridge,449.0,288.35280119769436,137.38342165434133
2011-11-21,20725,test,naive,256.0,449.0,137.38342165434133
2011-11-21,20725,test,moving_average,256.0,358.0,137.38342165434133
2011-11-21,20725,test,ridge,256.0,334.06495470863706,137.38342165434133
2011-11-28,20725,test,naive,321.0,256.0,137.38342165434133
2011-11-28,20725,test,moving_average,321.0,363.5,137.38342165434133
2011-11-28,20725,test,ridge,321.0,327.4595058766304,137.38342165434133
2011-06-20,22197,validation,naive,333.0,408.0,1192.8007117196016
2011-06-20,22197,validation,moving_average,333.0,1453.0,1192.8007117196016
2011-06-20,22197,validation,ridge,333.0,645.6578275708392,1192.8007117196016
2011-06-27,22197,validation,naive,394.0,333.0,1192.8007117196016
2011-06-27,22197,validation,moving_average,394.0,401.75,1192.8007117196016
2011-06-27,22197,validation,ridge,394.0,572.3761409147636,1192.8007117196016
2011-07-04,22197,validation,naive,621.0,394.0,1192.8007117196016
2011-07-04,22197,validation,moving_average,621.0,377.25,1192.8007117196016
2011-07-04,22197,validation,ridge,621.0,564.3671263199775,1192.8007117196016
2011-07-11,22197,validation,naive,105.0,621.0,1192.8007117196016
2011-07-11,22197,validation,moving_average,105.0,439.0,1192.8007117196016
2011-07-11,22197,validation,ridge,105.0,604.5151974475214,1192.8007117196016
2011-07-18,22197,validation,naive,609.0,105.0,1192.8007117196016
2011-07-18,22197,validation,moving_average,609.0,363.25,1192.8007117196016
2011-07-18,22197,validation,ridge,609.0,541.999091511217,1192.8007117196016
2011-07-25,22197,validation,naive,388.0,609.0,1192.8007117196016
2011-07-25,22197,validation,moving_average,388.0,432.25,1192.8007117196016
2011-07-25,22197,validation,ridge,388.0,538.3099935321897,1192.8007117196016
2011-08-01,22197,validation,naive,2178.0,388.0,1192.8007117196016
2011-08-01,22197,validation,moving_average,2178.0,430.75,1192.8007117196016
2011-08-01,22197,validation,ridge,2178.0,592.1510411456834,1192.8007117196016
2011-08-08,22197,validation,naive,1663.0,2178.0,1192.8007117196016
2011-08-08,22197,validation,moving_average,1663.0,820.0,1192.8007117196016
2011-08-08,22197,validation,ridge,1663.0,768.0765869606145,1192.8007117196016
2011-08-15,22197,validation,naive,446.0,1663.0,1192.8007117196016
2011-08-15,22197,validation,moving_average,446.0,1209.5,1192.8007117196016
2011-08-15,22197,validation,ridge,446.0,1112.859120288317,1192.8007117196016
2011-08-22,22197,validation,naive,784.0,446.0,1192.8007117196016
2011-08-22,22197,validation,moving_average,784.0,1168.75,1192.8007117196016
2011-08-22,22197,validation,ridge,784.0,871.0438749111922,1192.8007117196016
2011-08-29,22197,validation,naive,944.0,784.0,1192.8007117196016
2011-08-29,22197,validation,moving_average,944.0,1267.75,1192.8007117196016
2011-08-29,22197,validation,ridge,944.0,799.6081434146914,1192.8007117196016
2011-09-05,22197,validation,naive,344.0,944.0,1192.8007117196016
2011-09-05,22197,validation,moving_average,344.0,959.25,1192.8007117196016
2011-09-05,22197,validation,ridge,344.0,814.1684423880081,1192.8007117196016
2011-09-12,22197,test,naive,546.0,344.0,606.7778473713473
2011-09-12,22197,test,moving_average,546.0,629.5,606.7778473713473
2011-09-12,22197,test,ridge,546.0,674.2844546510275,606.7778473713473
2011-09-19,22197,test,naive,562.0,546.0,606.7778473713473
2011-09-19,22197,test,moving_average,562.0,654.5,606.7778473713473
2011-09-19,22197,test,ridge,562.0,626.420532925431,606.7778473713473
2011-09-26,22197,test,naive,1663.0,562.0,606.7778473713473
2011-09-26,22197,test,moving_average,1663.0,599.0,606.7778473713473
2011-09-26,22197,test,ridge,1663.0,635.7622737062429,606.7778473713473
2011-10-03,22197,test,naive,799.0,1663.0,606.7778473713473
2011-10-03,22197,test,moving_average,799.0,778.75,606.7778473713473
2011-10-03,22197,test,ridge,799.0,794.675799269029,606.7778473713473
2011-10-10,22197,test,naive,748.0,799.0,606.7778473713473
2011-10-10,22197,test,moving_average,748.0,892.5,606.7778473713473
2011-10-10,22197,test,ridge,748.0,883.5405756496475,606.7778473713473
2011-10-17,22197,test,naive,613.0,748.0,606.7778473713473
2011-10-17,22197,test,moving_average,613.0,943.0,606.7778473713473
2011-10-17,22197,test,ridge,613.0,781.9216889419511,606.7778473713473
2011-10-24,22197,test,naive,2775.0,613.0,606.7778473713473
2011-10-24,22197,test,moving_average,2775.0,955.75,606.7778473713473
2011-10-24,22197,test,ridge,2775.0,749.8226377013601,606.7778473713473
2011-10-31,22197,test,naive,1030.0,2775.0,606.7778473713473
2011-10-31,22197,test,moving_average,1030.0,1233.75,606.7778473713473
2011-10-31,22197,test,ridge,1030.0,1012.8460891230814,606.7778473713473
2011-11-07,22197,test,naive,3828.0,1030.0,606.7778473713473
2011-11-07,22197,test,moving_average,3828.0,1291.5,606.7778473713473
2011-11-07,22197,test,ridge,3828.0,1100.3981349475357,606.7778473713473
2011-11-14,22197,test,naive,3121.0,3828.0,606.7778473713473
2011-11-14,22197,test,moving_average,3121.0,2061.5,606.7778473713473
2011-11-14,22197,test,ridge,3121.0,1380.7203783008465,606.7778473713473
2011-11-21,22197,test,naive,2855.0,3121.0,606.7778473713473
2011-11-21,22197,test,moving_average,2855.0,2688.5,606.7778473713473
2011-11-21,22197,test,ridge,2855.0,1874.9619770785284,606.7778473713473
2011-11-28,22197,test,naive,3163.0,2855.0,606.7778473713473
2011-11-28,22197,test,moving_average,3163.0,2708.5,606.7778473713473
2011-11-28,22197,test,ridge,3163.0,1770.2873635252067,606.7778473713473
2011-06-20,21931,validation,naive,244.0,93.0,112.5046463686965
2011-06-20,21931,validation,moving_average,244.0,172.0,112.5046463686965
2011-06-20,21931,validation,ridge,244.0,207.51732565737277,112.5046463686965
2011-06-27,21931,validation,naive,427.0,244.0,112.5046463686965
2011-06-27,21931,validation,moving_average,427.0,170.25,112.5046463686965
2011-06-27,21931,validation,ridge,427.0,263.023606573216,112.5046463686965
2011-07-04,21931,validation,naive,351.0,427.0,112.5046463686965
2011-07-04,21931,validation,moving_average,351.0,248.5,112.5046463686965
2011-07-04,21931,validation,ridge,351.0,297.47399557723287,112.5046463686965
2011-07-11,21931,validation,naive,156.0,351.0,112.5046463686965
2011-07-11,21931,validation,moving_average,156.0,278.75,112.5046463686965
2011-07-11,21931,validation,ridge,156.0,282.7612175449803,112.5046463686965
2011-07-18,21931,validation,naive,257.0,156.0,112.5046463686965
2011-07-18,21931,validation,moving_average,257.0,294.5,112.5046463686965
2011-07-18,21931,validation,ridge,257.0,232.46412991752365,112.5046463686965
2011-07-25,21931,validation,naive,230.0,257.0,112.5046463686965
2011-07-25,21931,validation,moving_average,230.0,297.75,112.5046463686965
2011-07-25,21931,validation,ridge,230.0,254.9834662925692,112.5046463686965
2011-08-01,21931,validation,naive,383.0,230.0,112.5046463686965
2011-08-01,21931,validation,moving_average,383.0,248.5,112.5046463686965
2011-08-01,21931,validation,ridge,383.0,242.00963055139982,112.5046463686965
2011-08-08,21931,validation,naive,297.0,383.0,112.5046463686965
2011-08-08,21931,validation,moving_average,297.0,256.5,112.5046463686965
2011-08-08,21931,validation,ridge,297.0,296.4741373123535,112.5046463686965
2011-08-15,21931,validation,naive,395.0,297.0,112.5046463686965
2011-08-15,21931,validation,moving_average,395.0,291.75,112.5046463686965
2011-08-15,21931,validation,ridge,395.0,264.42306929505156,112.5046463686965
2011-08-22,21931,validation,naive,356.0,395.0,112.5046463686965
2011-08-22,21931,validation,moving_average,356.0,326.25,112.5046463686965
2011-08-22,21931,validation,ridge,356.0,300.2936208144761,112.5046463686965
2011-08-29,21931,validation,naive,302.0,356.0,112.5046463686965
2011-08-29,21931,validation,moving_average,302.0,357.75,112.5046463686965
2011-08-29,21931,validation,ridge,302.0,278.28936324499466,112.5046463686965
2011-09-05,21931,validation,naive,276.0,302.0,112.5046463686965
2011-09-05,21931,validation,moving_average,276.0,337.5,112.5046463686965
2011-09-05,21931,validation,ridge,276.0,271.6665113198939,112.5046463686965
2011-09-12,21931,test,naive,331.0,276.0,78.93246058076065
2011-09-12,21931,test,moving_average,331.0,332.25,78.93246058076065
2011-09-12,21931,test,ridge,331.0,272.89979219590697,78.93246058076065
2011-09-19,21931,test,naive,278.0,331.0,78.93246058076065
2011-09-19,21931,test,moving_average,278.0,316.25,78.93246058076065
2011-09-19,21931,test,ridge,278.0,293.15163777050947,78.93246058076065
2011-09-26,21931,test,naive,260.0,278.0,78.93246058076065
2011-09-26,21931,test,moving_average,260.0,296.75,78.93246058076065
2011-09-26,21931,test,ridge,260.0,279.8205033828846,78.93246058076065
2011-10-03,21931,test,naive,444.0,260.0,78.93246058076065
2011-10-03,21931,test,moving_average,444.0,286.25,78.93246058076065
2011-10-03,21931,test,ridge,444.0,277.48264971681306,78.93246058076065
2011-10-10,21931,test,naive,243.0,444.0,78.93246058076065
2011-10-10,21931,test,moving_average,243.0,328.25,78.93246058076065
2011-10-10,21931,test,ridge,243.0,318.76691419252995,78.93246058076065
2011-10-17,21931,test,naive,140.0,243.0,78.93246058076065
2011-10-17,21931,test,moving_average,140.0,306.25,78.93246058076065
2011-10-17,21931,test,ridge,140.0,255.18695573919888,78.93246058076065
2011-10-24,21931,test,naive,342.0,140.0,78.93246058076065
2011-10-24,21931,test,moving_average,342.0,271.75,78.93246058076065
2011-10-24,21931,test,ridge,342.0,232.59095822549153,78.93246058076065
2011-10-31,21931,test,naive,245.0,342.0,78.93246058076065
2011-10-31,21931,test,moving_average,245.0,292.25,78.93246058076065
2011-10-31,21931,test,ridge,245.0,280.76375726688326,78.93246058076065
2011-11-07,21931,test,naive,504.0,245.0,78.93246058076065
2011-11-07,21931,test,moving_average,504.0,242.5,78.93246058076065
2011-11-07,21931,test,ridge,504.0,259.4376869797839,78.93246058076065
2011-11-14,21931,test,naive,149.0,504.0,78.93246058076065
2011-11-14,21931,test,moving_average,149.0,307.75,78.93246058076065
2011-11-14,21931,test,ridge,149.0,332.93164062639005,78.93246058076065
2011-11-21,21931,test,naive,209.0,149.0,78.93246058076065
2011-11-21,21931,test,moving_average,209.0,310.0,78.93246058076065
2011-11-21,21931,test,ridge,209.0,213.88673530448753,78.93246058076065
2011-11-28,21931,test,naive,257.0,209.0,78.93246058076065
2011-11-28,21931,test,moving_average,257.0,276.75,78.93246058076065
2011-11-28,21931,test,ridge,257.0,252.61896618487276,78.93246058076065
2011-06-20,15056N,validation,naive,84.0,142.0,50.45632674988251
2011-06-20,15056N,validation,moving_average,84.0,79.0,50.45632674988251
2011-06-20,15056N,validation,ridge,84.0,91.87200039741496,50.45632674988251
2011-06-27,15056N,validation,naive,6.0,84.0,50.45632674988251
2011-06-27,15056N,validation,moving_average,6.0,91.25,50.45632674988251
2011-06-27,15056N,validation,ridge,6.0,99.89826056822984,50.45632674988251
2011-07-04,15056N,validation,naive,246.0,6.0,50.45632674988251
2011-07-04,15056N,validation,moving_average,246.0,79.75,50.45632674988251
2011-07-04,15056N,validation,ridge,246.0,71.01187160579258,50.45632674988251
2011-07-11,15056N,validation,naive,82.0,246.0,50.45632674988251
2011-07-11,15056N,validation,moving_average,82.0,119.5,50.45632674988251
2011-07-11,15056N,validation,ridge,82.0,62.58875836648741,50.45632674988251
2011-07-18,15056N,validation,naive,313.0,82.0,50.45632674988251
2011-07-18,15056N,validation,moving_average,313.0,104.5,50.45632674988251
2011-07-18,15056N,validation,ridge,313.0,86.27355564474558,50.45632674988251
2011-07-25,15056N,validation,naive,24.0,313.0,50.45632674988251
2011-07-25,15056N,validation,moving_average,24.0,161.75,50.45632674988251
2011-07-25,15056N,validation,ridge,24.0,92.25299217403747,50.45632674988251
2011-08-01,15056N,validation,naive,102.0,24.0,50.45632674988251
2011-08-01,15056N,validation,moving_average,102.0,166.25,50.45632674988251
2011-08-01,15056N,validation,ridge,102.0,77.85823134582829,50.45632674988251
2011-08-08,15056N,validation,naive,27.0,102.0,50.45632674988251
2011-08-08,15056N,validation,moving_average,27.0,130.25,50.45632674988251
2011-08-08,15056N,validation,ridge,27.0,78.40429621959827,50.45632674988251
2011-08-15,15056N,validation,naive,132.0,27.0,50.45632674988251
2011-08-15,15056N,validation,moving_average,132.0,116.5,50.45632674988251
2011-08-15,15056N,validation,ridge,132.0,45.02402643623519,50.45632674988251
2011-08-22,15056N,validation,naive,144.0,132.0,50.45632674988251
2011-08-22,15056N,validation,moving_average,144.0,71.25,50.45632674988251
2011-08-22,15056N,validation,ridge,144.0,106.93781944694541,50.45632674988251
2011-08-29,15056N,validation,naive,23.0,144.0,50.45632674988251
2011-08-29,15056N,validation,moving_average,23.0,101.25,50.45632674988251
2011-08-29,15056N,validation,ridge,23.0,117.83975076754095,50.45632674988251
2011-09-05,15056N,validation,naive,92.0,23.0,50.45632674988251
2011-09-05,15056N,validation,moving_average,92.0,81.5,50.45632674988251
2011-09-05,15056N,validation,ridge,92.0,103.72520472768288,50.45632674988251
2011-09-12,15056N,test,naive,112.0,92.0,93.27098837648967
2011-09-12,15056N,test,moving_average,112.0,97.75,93.27098837648967
2011-09-12,15056N,test,ridge,112.0,84.2545354883785,93.27098837648967
2011-09-19,15056N,test,naive,26.0,112.0,93.27098837648967
2011-09-19,15056N,test,moving_average,26.0,92.75,93.27098837648967
2011-09-19,15056N,test,ridge,26.0,90.53466730777917,93.27098837648967
2011-09-26,15056N,test,naive,46.0,26.0,93.27098837648967
2011-09-26,15056N,test,moving_average,46.0,63.25,93.27098837648967
2011-09-26,15056N,test,ridge,46.0,102.28148385250176,93.27098837648967
2011-10-03,15056N,test,naive,22.0,46.0,93.27098837648967
2011-10-03,15056N,test,moving_average,22.0,69.0,93.27098837648967
2011-10-03,15056N,test,ridge,22.0,83.10002187100312,93.27098837648967
2011-10-10,15056N,test,naive,29.0,22.0,93.27098837648967
2011-10-10,15056N,test,moving_average,29.0,51.5,93.27098837648967
2011-10-10,15056N,test,ridge,29.0,87.26974863531854,93.27098837648967
2011-10-17,15056N,test,naive,17.0,29.0,93.27098837648967
2011-10-17,15056N,test,moving_average,17.0,30.75,93.27098837648967
2011-10-17,15056N,test,ridge,17.0,93.3988150388725,93.27098837648967
2011-10-24,15056N,test,naive,105.0,17.0,93.27098837648967
2011-10-24,15056N,test,moving_average,105.0,28.5,93.27098837648967
2011-10-24,15056N,test,ridge,105.0,88.40341144576163,93.27098837648967
2011-10-31,15056N,test,naive,6.0,105.0,93.27098837648967
2011-10-31,15056N,test,moving_average,6.0,43.25,93.27098837648967
2011-10-31,15056N,test,ridge,6.0,80.80133775469443,93.27098837648967
2011-11-07,15056N,test,naive,27.0,6.0,93.27098837648967
2011-11-07,15056N,test,moving_average,27.0,39.25,93.27098837648967
2011-11-07,15056N,test,ridge,27.0,91.67553966264724,93.27098837648967
2011-11-14,15056N,test,naive,95.0,27.0,93.27098837648967
2011-11-14,15056N,test,moving_average,95.0,38.75,93.27098837648967
2011-11-14,15056N,test,ridge,95.0,70.37192642847405,93.27098837648967
2011-11-21,15056N,test,naive,8.0,95.0,93.27098837648967
2011-11-21,15056N,test,moving_average,8.0,58.25,93.27098837648967
2011-11-21,15056N,test,ridge,8.0,71.6506343397458,93.27098837648967
2011-11-28,15056N,test,naive,27.0,8.0,93.27098837648967
2011-11-28,15056N,test,moving_average,27.0,34.0,93.27098837648967
2011-11-28,15056N,test,ridge,27.0,89.93064924736485,93.27098837648967
2011-06-20,21754,validation,naive,30.0,30.0,29.108990592827734
2011-06-20,21754,validation,moving_average,30.0,38.5,29.108990592827734
2011-06-20,21754,validation,ridge,30.0,59.93739652195077,29.108990592827734
2011-06-27,21754,validation,naive,31.0,30.0,29.108990592827734
2011-06-27,21754,validation,moving_average,31.0,37.75,29.108990592827734
2011-06-27,21754,validation,ridge,31.0,59.18115000507197,29.108990592827734
2011-07-04,21754,validation,naive,22.0,31.0,29.108990592827734
2011-07-04,21754,validation,moving_average,22.0,34.5,29.108990592827734
2011-07-04,21754,validation,ridge,22.0,59.914978399620665,29.108990592827734
2011-07-11,21754,validation,naive,33.0,22.0,29.108990592827734
2011-07-11,21754,validation,moving_average,33.0,28.25,29.108990592827734
2011-07-11,21754,validation,ridge,33.0,53.3526037470344,29.108990592827734
2011-07-18,21754,validation,naive,45.0,33.0,29.108990592827734
2011-07-18,21754,validation,moving_average,45.0,29.0,29.108990592827734
2011-07-18,21754,validation,ridge,45.0,55.15859437154795,29.108990592827734
2011-07-25,21754,validation,naive,35.0,45.0,29.108990592827734
2011-07-25,21754,validation,moving_average,35.0,32.75,29.108990592827734
2011-07-25,21754,validation,ridge,35.0,59.07533953548558,29.108990592827734
2011-08-01,21754,validation,naive,28.0,35.0,29.108990592827734
2011-08-01,21754,validation,moving_average,28.0,33.75,29.108990592827734
2011-08-01,21754,validation,ridge,28.0,54.724430230902854,29.108990592827734
2011-08-08,21754,validation,naive,17.0,28.0,29.108990592827734
2011-08-08,21754,validation,moving_average,17.0,35.25,29.108990592827734
2011-08-08,21754,validation,ridge,17.0,52.178457306933254,29.108990592827734
2011-08-15,21754,validation,naive,67.0,17.0,29.108990592827734
2011-08-15,21754,validation,moving_average,67.0,31.25,29.108990592827734
2011-08-15,21754,validation,ridge,67.0,47.671038940472386,29.108990592827734
2011-08-22,21754,validation,naive,41.0,67.0,29.108990592827734
2011-08-22,21754,validation,moving_average,41.0,36.75,29.108990592827734
2011-08-22,21754,validation,ridge,41.0,63.870303091503374,29.108990592827734
2011-08-29,21754,validation,naive,17.0,41.0,29.108990592827734
2011-08-29,21754,validation,moving_average,17.0,38.25,29.108990592827734
2011-08-29,21754,validation,ridge,17.0,55.53436255590823,29.108990592827734
2011-09-05,21754,validation,naive,56.0,17.0,29.108990592827734
2011-09-05,21754,validation,moving_average,56.0,35.5,29.108990592827734
2011-09-05,21754,validation,ridge,56.0,44.56879141078798,29.108990592827734
2011-09-12,21754,test,naive,45.0,56.0,15.110702608857517
2011-09-12,21754,test,moving_average,45.0,45.25,15.110702608857517
2011-09-12,21754,test,ridge,45.0,54.95872919551567,15.110702608857517
2011-09-19,21754,test,naive,17.0,45.0,15.110702608857517
2011-09-19,21754,test,moving_average,17.0,39.75,15.110702608857517
2011-09-19,21754,test,ridge,17.0,50.819221975305865,15.110702608857517
2011-09-26,21754,test,naive,33.0,17.0,15.110702608857517
2011-09-26,21754,test,moving_average,33.0,33.75,15.110702608857517
2011-09-26,21754,test,ridge,33.0,37.32744956027071,15.110702608857517
2011-10-03,21754,test,naive,44.0,33.0,15.110702608857517
2011-10-03,21754,test,moving_average,44.0,37.75,15.110702608857517
2011-10-03,21754,test,ridge,44.0,46.31479818667208,15.110702608857517
2011-10-10,21754,test,naive,18.0,44.0,15.110702608857517
2011-10-10,21754,test,moving_average,18.0,34.75,15.110702608857517
2011-10-10,21754,test,ridge,18.0,51.62791048805528,15.110702608857517
2011-10-17,21754,test,naive,34.0,18.0,15.110702608857517
2011-10-17,21754,test,moving_average,34.0,28.0,15.110702608857517
2011-10-17,21754,test,ridge,34.0,38.47856690730745,15.110702608857517
2011-10-24,21754,test,naive,48.0,34.0,15.110702608857517
2011-10-24,21754,test,moving_average,48.0,32.25,15.110702608857517
2011-10-24,21754,test,ridge,48.0,45.30681313712268,15.110702608857517
2011-10-31,21754,test,naive,58.0,48.0,15.110702608857517
2011-10-31,21754,test,moving_average,58.0,36.0,15.110702608857517
2011-10-31,21754,test,ridge,58.0,52.02129612299537,15.110702608857517
2011-11-07,21754,test,naive,30.0,58.0,15.110702608857517
2011-11-07,21754,test,moving_average,30.0,39.5,15.110702608857517
2011-11-07,21754,test,ridge,30.0,53.37390958052987,15.110702608857517
2011-11-14,21754,test,naive,58.0,30.0,15.110702608857517
2011-11-14,21754,test,moving_average,58.0,42.5,15.110702608857517
2011-11-14,21754,test,ridge,58.0,44.80046592882881,15.110702608857517
2011-11-21,21754,test,naive,58.0,58.0,15.110702608857517
2011-11-21,21754,test,moving_average,58.0,48.5,15.110702608857517
2011-11-21,21754,test,ridge,58.0,57.15361633371161,15.110702608857517
2011-11-28,21754,test,naive,52.0,58.0,15.110702608857517
2011-11-28,21754,test,moving_average,52.0,51.0,15.110702608857517
2011-11-28,21754,test,ridge,52.0,59.01351153051295,15.110702608857517
2011-06-20,22411,validation,naive,221.0,134.0,138.6227439907144
2011-06-20,22411,validation,moving_average,221.0,177.75,138.6227439907144
2011-06-20,22411,validation,ridge,221.0,206.47163078044986,138.6227439907144
2011-06-27,22411,validation,naive,189.0,221.0,138.6227439907144
2011-06-27,22411,validation,moving_average,189.0,148.5,138.6227439907144
2011-06-27,22411,validation,ridge,189.0,208.18212452843832,138.6227439907144
2011-07-04,22411,validation,naive,188.0,189.0,138.6227439907144
2011-07-04,22411,validation,moving_average,188.0,175.5,138.6227439907144
2011-07-04,22411,validation,ridge,188.0,200.7874287037519,138.6227439907144
2011-07-11,22411,validation,naive,93.0,188.0,138.6227439907144
2011-07-11,22411,validation,moving_average,93.0,183.0,138.6227439907144
2011-07-11,22411,validation,ridge,93.0,215.14094774193137,138.6227439907144
2011-07-18,22411,validation,naive,265.0,93.0,138.6227439907144
2011-07-18,22411,validation,moving_average,265.0,172.75,138.6227439907144
2011-07-18,22411,validation,ridge,265.0,202.85407585550587,138.6227439907144
2011-07-25,22411,validation,naive,117.0,265.0,138.6227439907144
2011-07-25,22411,validation,moving_average,117.0,183.75,138.6227439907144
2011-07-25,22411,validation,ridge,117.0,234.5679267845205,138.6227439907144
2011-08-01,22411,validation,naive,408.0,117.0,138.6227439907144
2011-08-01,22411,validation,moving_average,408.0,165.75,138.6227439907144
2011-08-01,22411,validation,ridge,408.0,193.6540391095342,138.6227439907144
2011-08-08,22411,validation,naive,229.0,408.0,138.6227439907144
2011-08-08,22411,validation,moving_average,229.0,220.75,138.6227439907144
2011-08-08,22411,validation,ridge,229.0,280.7481878743386,138.6227439907144
2011-08-15,22411,validation,naive,313.0,229.0,138.6227439907144
2011-08-15,22411,validation,moving_average,313.0,254.75,138.6227439907144
2011-08-15,22411,validation,ridge,313.0,232.12063048170597,138.6227439907144
2011-08-22,22411,validation,naive,292.0,313.0,138.6227439907144
2011-08-22,22411,validation,moving_average,292.0,266.75,138.6227439907144
2011-08-22,22411,validation,ridge,292.0,286.0590024883986,138.6227439907144
2011-08-29,22411,validation,naive,155.0,292.0,138.6227439907144
2011-08-29,22411,validation,moving_average,155.0,310.5,138.6227439907144
2011-08-29,22411,validation,ridge,155.0,262.6737952771233,138.6227439907144
2011-09-05,22411,validation,naive,284.0,155.0,138.6227439907144
2011-09-05,22411,validation,moving_average,284.0,247.25,138.6227439907144
2011-09-05,22411,validation,ridge,284.0,238.51835124001911,138.6227439907144
2011-09-12,22411,test,naive,335.0,284.0,89.05820364437875
2011-09-12,22411,test,moving_average,335.0,261.0,89.05820364437875
2011-09-12,22411,test,ridge,335.0,255.0434139668041,89.05820364437875
2011-09-19,22411,test,naive,432.0,335.0,89.05820364437875
2011-09-19,22411,test,moving_average,432.0,266.5,89.05820364437875
2011-09-19,22411,test,ridge,432.0,247.0345034869002,89.05820364437875
2011-09-26,22411,test,naive,489.0,432.0,89.05820364437875
2011-09-26,22411,test,moving_average,489.0,301.5,89.05820364437875
2011-09-26,22411,test,ridge,489.0,279.67733860397584,89.05820364437875
2011-10-03,22411,test,naive,183.0,489.0,89.05820364437875
2011-10-03,22411,test,moving_average,183.0,385.0,89.05820364437875
2011-10-03,22411,test,ridge,183.0,304.7494948135312,89.05820364437875
2011-10-10,22411,test,naive,230.0,183.0,89.05820364437875
2011-10-10,22411,test,moving_average,230.0,359.75,89.05820364437875
2011-10-10,22411,test,ridge,230.0,289.0081934739254,89.05820364437875
2011-10-17,22411,test,naive,81.0,230.0,89.05820364437875
2011-10-17,22411,test,moving_average,81.0,333.5,89.05820364437875
2011-10-17,22411,test,ridge,81.0,302.7932248530262,89.05820364437875
2011-10-24,22411,test,naive,156.0,81.0,89.05820364437875
2011-10-24,22411,test,moving_average,156.0,245.75,89.05820364437875
2011-10-24,22411,test,ridge,156.0,246.86726446860933,89.05820364437875
2011-10-31,22411,test,naive,91.0,156.0,89.05820364437875
2011-10-31,22411,test,moving_average,91.0,162.5,89.05820364437875
2011-10-31,22411,test,ridge,91.0,209.24571233555253,89.05820364437875
2011-11-07,22411,test,naive,617.0,91.0,89.05820364437875
2011-11-07,22411,test,moving_average,617.0,139.5,89.05820364437875
2011-11-07,22411,test,ridge,617.0,186.57214424589128,89.05820364437875
2011-11-14,22411,test,naive,290.0,617.0,89.05820364437875
2011-11-14,22411,test,moving_average,290.0,236.25,89.05820364437875
2011-11-14,22411,test,ridge,290.0,305.6409256328835,89.05820364437875
2011-11-21,22411,test,naive,356.0,290.0,89.05820364437875
2011-11-21,22411,test,moving_average,356.0,288.5,89.05820364437875
2011-11-21,22411,test,ridge,356.0,271.31600700085875,89.05820364437875
2011-11-28,22411,test,naive,340.0,356.0,89.05820364437875
2011-11-28,22411,test,moving_average,340.0,338.5,89.05820364437875
2011-11-28,22411,test,ridge,340.0,339.02372188397044,89.05820364437875
2011-06-20,21232,validation,naive,117.0,74.0,56.7964867671488
2011-06-20,21232,validation,moving_average,117.0,120.25,56.7964867671488
2011-06-20,21232,validation,ridge,117.0,188.06479812694056,56.7964867671488
2011-06-27,21232,validation,naive,104.0,117.0,56.7964867671488
2011-06-27,21232,validation,moving_average,104.0,118.0,56.7964867671488
2011-06-27,21232,validation,ridge,104.0,191.05355742548818,56.7964867671488
2011-07-04,21232,validation,naive,65.0,104.0,56.7964867671488
2011-07-04,21232,validation,moving_average,65.0,116.5,56.7964867671488
2011-07-04,21232,validation,ridge,65.0,172.618504374437,56.7964867671488
2011-07-11,21232,validation,naive,121.0,65.0,56.7964867671488
2011-07-11,21232,validation,moving_average,121.0,90.0,56.7964867671488
2011-07-11,21232,validation,ridge,121.0,170.8582279355539,56.7964867671488
2011-07-18,21232,validation,naive,141.0,121.0,56.7964867671488
2011-07-18,21232,validation,moving_average,141.0,101.75,56.7964867671488
2011-07-18,21232,validation,ridge,141.0,173.93439021787708,56.7964867671488
2011-07-25,21232,validation,naive,95.0,141.0,56.7964867671488
2011-07-25,21232,validation,moving_average,95.0,107.75,56.7964867671488
2011-07-25,21232,validation,ridge,95.0,176.95161777731494,56.7964867671488
2011-08-01,21232,validation,naive,141.0,95.0,56.7964867671488
2011-08-01,21232,validation,moving_average,141.0,105.5,56.7964867671488
2011-08-01,21232,validation,ridge,141.0,173.94914216226394,56.7964867671488
2011-08-08,21232,validation,naive,119.0,141.0,56.7964867671488
2011-08-08,21232,validation,moving_average,119.0,124.5,56.7964867671488
2011-08-08,21232,validation,ridge,119.0,191.13696868605922,56.7964867671488
2011-08-15,21232,validation,naive,76.0,119.0,56.7964867671488
2011-08-15,21232,validation,moving_average,76.0,124.0,56.7964867671488
2011-08-15,21232,validation,ridge,76.0,186.757457053853,56.7964867671488
2011-08-22,21232,validation,naive,101.0,76.0,56.7964867671488
2011-08-22,21232,validation,moving_average,101.0,107.75,56.7964867671488
2011-08-22,21232,validation,ridge,101.0,171.60817713972568,56.7964867671488
2011-08-29,21232,validation,naive,74.0,101.0,56.7964867671488
2011-08-29,21232,validation,moving_average,74.0,109.25,56.7964867671488
2011-08-29,21232,validation,ridge,74.0,170.56225584782794,56.7964867671488
2011-09-05,21232,validation,naive,287.0,74.0,56.7964867671488
2011-09-05,21232,validation,moving_average,287.0,92.5,56.7964867671488
2011-09-05,21232,validation,ridge,287.0,163.127751250826,56.7964867671488
2011-09-12,21232,test,naive,133.0,287.0,58.07590383335077
2011-09-12,21232,test,moving_average,133.0,134.5,58.07590383335077
2011-09-12,21232,test,ridge,133.0,155.46446098440154,58.07590383335077
2011-09-19,21232,test,naive,207.0,133.0,58.07590383335077
2011-09-19,21232,test,moving_average,207.0,148.75,58.07590383335077
2011-09-19,21232,test,ridge,207.0,144.64224197335577,58.07590383335077
2011-09-26,21232,test,naive,214.0,207.0,58.07590383335077
2011-09-26,21232,test,moving_average,214.0,175.25,58.07590383335077
2011-09-26,21232,test,ridge,214.0,186.24006676115036,58.07590383335077
2011-10-03,21232,test,naive,67.0,214.0,58.07590383335077
2011-10-03,21232,test,moving_average,67.0,210.25,58.07590383335077
2011-10-03,21232,test,ridge,67.0,205.3017315652803,58.07590383335077
2011-10-10,21232,test,naive,370.0,67.0,58.07590383335077
2011-10-10,21232,test,moving_average,370.0,155.25,58.07590383335077
2011-10-10,21232,test,ridge,370.0,163.4948066996541,58.07590383335077
2011-10-17,21232,test,naive,139.0,370.0,58.07590383335077
2011-10-17,21232,test,moving_average,139.0,214.5,58.07590383335077
2011-10-17,21232,test,ridge,139.0,211.3026392052598,58.07590383335077
2011-10-24,21232,test,naive,137.0,139.0,58.07590383335077
2011-10-24,21232,test,moving_average,137.0,197.5,58.07590383335077
2011-10-24,21232,test,ridge,137.0,164.1168486973128,58.07590383335077
2011-10-31,21232,test,naive,201.0,137.0,58.07590383335077
2011-10-31,21232,test,moving_average,201.0,178.25,58.07590383335077
2011-10-31,21232,test,ridge,201.0,176.45909426267585,58.07590383335077
2011-11-07,21232,test,naive,135.0,201.0,58.07590383335077
2011-11-07,21232,test,moving_average,135.0,211.75,58.07590383335077
2011-11-07,21232,test,ridge,135.0,177.81342409556365,58.07590383335077
2011-11-14,21232,test,naive,733.0,135.0,58.07590383335077
2011-11-14,21232,test,moving_average,733.0,153.0,58.07590383335077
2011-11-14,21232,test,ridge,733.0,210.19161977905645,58.07590383335077
2011-11-21,21232,test,naive,165.0,733.0,58.07590383335077
2011-11-21,21232,test,moving_average,165.0,301.5,58.07590383335077
2011-11-21,21232,test,ridge,165.0,238.4270675108131,58.07590383335077
2011-11-28,21232,test,naive,379.0,165.0,58.07590383335077
2011-11-28,21232,test,moving_average,379.0,308.5,58.07590383335077
2011-11-28,21232,test,ridge,379.0,159.17680377306198,58.07590383335077
2011-06-20,48185,validation,naive,5.0,8.0,230.12807698797167
2011-06-20,48185,validation,moving_average,5.0,136.75,230.12807698797167
2011-06-20,48185,validation,ridge,5.0,54.9098393981855,230.12807698797167
2011-06-27,48185,validation,naive,11.0,5.0,230.12807698797167
2011-06-27,48185,validation,moving_average,11.0,134.25,230.12807698797167
2011-06-27,48185,validation,ridge,11.0,59.54304996305175,230.12807698797167
2011-07-04,48185,validation,naive,16.0,11.0,230.12807698797167
2011-07-04,48185,validation,moving_average,16.0,131.75,230.12807698797167
2011-07-04,48185,validation,ridge,16.0,71.45034903216501,230.12807698797167
2011-07-11,48185,validation,naive,9.0,16.0,230.12807698797167
2011-07-11,48185,validation,moving_average,9.0,10.0,230.12807698797167
2011-07-11,48185,validation,ridge,9.0,95.43781329957459,230.12807698797167
2011-07-18,48185,validation,naive,4.0,9.0,230.12807698797167
2011-07-18,48185,validation,moving_average,4.0,10.25,230.12807698797167
2011-07-18,48185,validation,ridge,4.0,97.71529168779547,230.12807698797167
2011-07-25,48185,validation,naive,2.0,4.0,230.12807698797167
2011-07-25,48185,validation,moving_average,2.0,10.0,230.12807698797167
2011-07-25,48185,validation,ridge,2.0,98.5342450819913,230.12807698797167
2011-08-01,48185,validation,naive,1.0,2.0,230.12807698797167
2011-08-01,48185,validation,moving_average,1.0,7.75,230.12807698797167
2011-08-01,48185,validation,ridge,1.0,100.94888493011372,230.12807698797167
2011-08-08,48185,validation,naive,39.0,1.0,230.12807698797167
2011-08-08,48185,validation,moving_average,39.0,4.0,230.12807698797167
2011-08-08,48185,validation,ridge,39.0,112.49456140111181,230.12807698797167
2011-08-15,48185,validation,naive,32.0,39.0,230.12807698797167
2011-08-15,48185,validation,moving_average,32.0,11.5,230.12807698797167
2011-08-15,48185,validation,ridge,32.0,108.20341727705284,230.12807698797167
2011-08-22,48185,validation,naive,6.0,32.0,230.12807698797167
2011-08-22,48185,validation,moving_average,6.0,18.5,230.12807698797167
2011-08-22,48185,validation,ridge,6.0,103.1440279236937,230.12807698797167
2011-08-29,48185,validation,naive,6.0,6.0,230.12807698797167
2011-08-29,48185,validation,moving_average,6.0,19.5,230.12807698797167
2011-08-29,48185,validation,ridge,6.0,103.3429729265048,230.12807698797167
2011-09-05,48185,validation,naive,14.0,6.0,230.12807698797167
2011-09-05,48185,validation,moving_average,14.0,20.75,230.12807698797167
2011-09-05,48185,validation,ridge,14.0,103.23138616294298,230.12807698797167
2011-09-12,48185,test,naive,538.0,14.0,11.927495609521367
2011-09-12,48185,test,moving_average,538.0,14.5,11.927495609521367
2011-09-12,48185,test,ridge,538.0,83.3701689624028,11.927495609521367
2011-09-19,48185,test,naive,15.0,538.0,11.927495609521367
2011-09-19,48185,test,moving_average,15.0,141.0,11.927495609521367
2011-09-19,48185,test,ridge,15.0,33.19147889992017,11.927495609521367
2011-09-26,48185,test,naive,48.0,15.0,11.927495609521367
2011-09-26,48185,test,moving_average,48.0,143.25,11.927495609521367
2011-09-26,48185,test,ridge,48.0,45.26021735533375,11.927495609521367
2011-10-03,48185,test,naive,30.0,48.0,11.927495609521367
2011-10-03,48185,test,moving_average,30.0,153.75,11.927495609521367
2011-10-03,48185,test,ridge,30.0,41.42222815369307,11.927495609521367
2011-10-10,48185,test,naive,6.0,30.0,11.927495609521367
2011-10-10,48185,test,moving_average,6.0,157.75,11.927495609521367
2011-10-10,48185,test,ridge,6.0,50.00026343150546,11.927495609521367
2011-10-17,48185,test,naive,16.0,6.0,11.927495609521367
2011-10-17,48185,test,moving_average,16.0,24.75,11.927495609521367
2011-10-17,48185,test,ridge,16.0,73.59177849561753,11.927495609521367
2011-10-24,48185,test,naive,7.0,16.0,11.927495609521367
2011-10-24,48185,test,moving_average,7.0,25.0,11.927495609521367
2011-10-24,48185,test,ridge,7.0,73.8023066295329,11.927495609521367
2011-10-31,48185,test,naive,7.0,7.0,11.927495609521367
2011-10-31,48185,test,moving_average,7.0,14.75,11.927495609521367
2011-10-31,48185,test,ridge,7.0,77.14808531978841,11.927495609521367
2011-11-07,48185,test,naive,22.0,7.0,11.927495609521367
2011-11-07,48185,test,moving_average,22.0,9.0,11.927495609521367
2011-11-07,48185,test,ridge,22.0,78.54121034464941,11.927495609521367
2011-11-14,48185,test,naive,16.0,22.0,11.927495609521367
2011-11-14,48185,test,moving_average,16.0,13.0,11.927495609521367
2011-11-14,48185,test,ridge,16.0,82.48480470902884,11.927495609521367
2011-11-21,48185,test,naive,53.0,16.0,11.927495609521367
2011-11-21,48185,test,moving_average,53.0,13.0,11.927495609521367
2011-11-21,48185,test,ridge,53.0,82.41614551966347,11.927495609521367
2011-11-28,48185,test,naive,25.0,53.0,11.927495609521367
2011-11-28,48185,test,moving_average,25.0,24.5,11.927495609521367
2011-11-28,48185,test,ridge,25.0,77.80308560078639,11.927495609521367
2011-06-20,48194,validation,naive,21.0,31.0,140.60289556913202
2011-06-20,48194,validation,moving_average,21.0,149.75,140.60289556913202
2011-06-20,48194,validation,ridge,21.0,169.5233888170455,140.60289556913202
2011-06-27,48194,validation,naive,14.0,21.0,140.60289556913202
2011-06-27,48194,validation,moving_average,14.0,149.0,140.60289556913202
2011-06-27,48194,validation,ridge,14.0,213.0708277109648,140.60289556913202
2011-07-04,48194,validation,naive,505.0,14.0,140.60289556913202
2011-07-04,48194,validation,moving_average,505.0,145.0,140.60289556913202
2011-07-04,48194,validation,ridge,505.0,97.00292619920837,140.60289556913202
2011-07-11,48194,validation,naive,38.0,505.0,140.60289556913202
2011-07-11,48194,validation,moving_average,38.0,142.75,140.60289556913202
2011-07-11,48194,validation,ridge,38.0,55.94985183324273,140.60289556913202
2011-07-18,48194,validation,naive,26.0,38.0,140.60289556913202
2011-07-18,48194,validation,moving_average,26.0,144.5,140.60289556913202
2011-07-18,48194,validation,ridge,26.0,142.47074361995516,140.60289556913202
2011-07-25,48194,validation,naive,42.0,26.0,140.60289556913202
2011-07-25,48194,validation,moving_average,42.0,145.75,140.60289556913202
2011-07-25,48194,validation,ridge,42.0,189.9435563315791,140.60289556913202
2011-08-01,48194,validation,naive,14.0,42.0,140.60289556913202
2011-08-01,48194,validation,moving_average,14.0,152.75,140.60289556913202
2011-08-01,48194,validation,ridge,14.0,74.07028257791781,140.60289556913202
2011-08-08,48194,validation,naive,47.0,14.0,140.60289556913202
2011-08-08,48194,validation,moving_average,47.0,30.0,140.60289556913202
2011-08-08,48194,validation,ridge,47.0,39.48113489795997,140.60289556913202
2011-08-15,48194,validation,naive,56.0,47.0,140.60289556913202
2011-08-15,48194,validation,moving_average,56.0,32.25,140.60289556913202
2011-08-15,48194,validation,ridge,56.0,38.29175542738767,140.60289556913202
2011-08-22,48194,validation,naive,26.0,56.0,140.60289556913202
2011-08-22,48194,validation,moving_average,26.0,39.75,140.60289556913202
2011-08-22,48194,validation,ridge,26.0,35.31780278958569,140.60289556913202
2011-08-29,48194,validation,naive,11.0,26.0,140.60289556913202
2011-08-29,48194,validation,moving_average,11.0,35.75,140.60289556913202
2011-08-29,48194,validation,ridge,11.0,44.571879430252906,140.60289556913202
2011-09-05,48194,validation,naive,21.0,11.0,140.60289556913202
2011-09-05,48194,validation,moving_average,21.0,35.0,140.60289556913202
2011-09-05,48194,validation,ridge,21.0,72.6036133687372,140.60289556913202
2011-09-12,48194,test,naive,546.0,21.0,138.22081038773587
2011-09-12,48194,test,moving_average,546.0,28.5,138.22081038773587
2011-09-12,48194,test,ridge,546.0,76.17747286131426,138.22081038773587
2011-09-19,48194,test,naive,7.0,546.0,138.22081038773587
2011-09-19,48194,test,moving_average,7.0,151.0,138.22081038773587
2011-09-19,48194,test,ridge,7.0,78.49950938104104,138.22081038773587
2011-09-26,48194,test,naive,87.0,7.0,138.22081038773587
2011-09-26,48194,test,moving_average,87.0,146.25,138.22081038773587
2011-09-26,48194,test,ridge,87.0,95.98646964199611,138.22081038773587
2011-10-03,48194,test,naive,11.0,87.0,138.22081038773587
2011-10-03,48194,test,moving_average,11.0,165.25,138.22081038773587
2011-10-03,48194,test,ridge,11.0,122.01550410638086,138.22081038773587
2011-10-10,48194,test,naive,58.0,11.0,138.22081038773587
2011-10-10,48194,test,moving_average,58.0,162.75,138.22081038773587
2011-10-10,48194,test,ridge,58.0,215.81786576881936,138.22081038773587
2011-10-17,48194,test,naive,10.0,58.0,138.22081038773587
2011-10-17,48194,test,moving_average,10.0,40.75,138.22081038773587
2011-10-17,48194,test,ridge,10.0,31.4638405011752,138.22081038773587
2011-10-24,48194,test,naive,31.0,10.0,138.22081038773587
2011-10-24,48194,test,moving_average,31.0,41.5,138.22081038773587
2011-10-24,48194,test,ridge,31.0,48.302580627770894,138.22081038773587
2011-10-31,48194,test,naive,25.0,31.0,138.22081038773587
2011-10-31,48194,test,moving_average,25.0,27.5,138.22081038773587
2011-10-31,48194,test,ridge,25.0,25.42427128266965,138.22081038773587
2011-11-07,48194,test,naive,25.0,25.0,138.22081038773587
2011-11-07,48194,test,moving_average,25.0,31.0,138.22081038773587
2011-11-07,48194,test,ridge,25.0,33.829874834907315,138.22081038773587
2011-11-14,48194,test,naive,13.0,25.0,138.22081038773587
2011-11-14,48194,test,moving_average,13.0,22.75,138.22081038773587
2011-11-14,48194,test,ridge,13.0,61.97352529185438,138.22081038773587
2011-11-21,48194,test,naive,108.0,13.0,138.22081038773587
2011-11-21,48194,test,moving_average,108.0,23.5,138.22081038773587
2011-11-21,48194,test,ridge,108.0,66.29310311273524,138.22081038773587
2011-11-28,48194,test,naive,14.0,108.0,138.22081038773587
2011-11-28,48194,test,moving_average,14.0,42.75,138.22081038773587
2011-11-28,48194,test,ridge,14.0,70.62453605559426,138.22081038773587
