product_id,revenue,active_weeks,description,active_share,cumulative_share,abc
22423,238235.15,65,REGENCY CAKESTAND 3 TIER,0.8125,0.019884781404912313,A
85123A,199404.04,78,WHITE HANGING HEART T-LIGHT HOLDER,0.975,0.03652844522469873,A
85099B,116000.83,78,JUMBO BAG RED WHITE SPOTTY ,0.975,0.046210690465748994,A
47566,98674.76000000001,77,PARTY BUNTING,0.9625,0.05444678003012345,A
84879,87474.89,78,ASSORTED COLOUR BIRD ORNAMENT,0.975,0.061748049662538114,A
23166,78189.78,7,MEDIUM CERAMIC TOP STORAGE JAR,0.0875,0.06827431870133523,A
22086,61426.38,57,PAPER CHAIN KIT 50'S CHRISTMAS ,0.7125,0.07340139645957147,A
22502,59356.03,56,PICNIC BASKET WICKER SMALL,0.7,0.07835566824361936,A
48138,54311.91,77,DOOR MAT UNION FLAG,0.9625,0.08288892229128308,A
79321,54033.94,71,CHILLI LIGHTS,0.8875,0.0873989750074593,A
21621,52414.13,76,VINTAGE UNION JACK BUNTING,0.95,0.0917738269870209,A
84347,50491.35,51,ROTATING SILVER ANGELS T-LIGHT HLDR,0.6375,0.09598819022262622,A
21623,48470.47,67,VINTAGE UNION JACK MEMOBOARD,0.8375,0.10003387659822345,A
85099F,48244.16,77,JUMBO BAG STRAWBERRY,0.9625,0.10406067354931825,A
22386,46374.24,72,JUMBO BAG PINK WITH WHITE SPOTS,0.9,0.10793139382388285,A
82484,46159.049999999996,62,WOOD BLACK BOARD ANT WHITE FINISH,0.775,0.111784152827365,A
21137,44754.95,74,BLACK RECORD COVER FRAME,0.925,0.11551971576817276,A
21843,44346.03,78,RETRO SPOT CAKE STAND,0.975,0.11922114736936883,A
20685,44260.94,77,RED SPOTTY COIR DOORMAT,0.9625,0.12291547676062758,A
85099C,43875.71,78,JUMBO  BAG BAROQUE BLACK WHITE,0.975,0.12657765214631406,A
22189,43829.51,70,CREAM HEART CARD HOLDER,0.875,0.130235971355022,A
20725,43775.09,78,LUNCH BAG RED SPOTTY,0.975,0.13388974828773056,A
22197,42764.72,78,"POPCORN HOLDER , SMALL ",0.975,0.13745919263312745,A
21931,41876.8,78,JUMBO STORAGE BAG SUKI,0.975,0.1409545249295465,A
22470,41285.08,52,HEART OF WICKER LARGE,0.65,0.14440046811250803,A
15056N,40448.51,78,EDWARDIAN PARASOL NATURAL,0.975,0.14777658527869617,A
21754,39283.83,78,HOME BUILDING BLOCK WORD,0.975,0.1510554900595303,A
22411,39242.69,72,JUMBO SHOPPER VINTAGE RED PAISLEY,0.9,0.1543309610065788,A
21232,38740.35,78,STRAWBERRY CERAMIC TRINKET BOX,0.975,0.15756450312368367,A
48185,38271.58,78,DOOR MAT FAIRY CAKE,0.975,0.1607589183991819,A
48194,36881.43,78,DOORMAT HEARTS,0.975,0.16383730197713242,A
21733,36440.19,78,RED HANGING HEART T-LIGHT HOLDER,0.975,0.1668788565609269,A
22469,36196.34,53,HEART OF WICKER SMALL,0.6625,0.16990005770843972,A
84946,36195.16,78,ANTIQUE SILVER TEA GLASS ETCHED,0.975,0.1729211603648522,A
22112,36132.14,78,CHOCOLATE HOT WATER BOTTLE,0.975,0.17593700292877143,A
21929,35806.43,73,JUMBO BAG PINK VINTAGE PAISLEY,0.9125,0.17892565944499206,A
22114,35442.58,60,HOT WATER BOTTLE TEA AND SYMPATHY,0.75,0.1818839464808309,A
22178,35402.04,78,VICTORIAN GLASS HANGING T-LIGHT,0.975,0.18483884976310458,A
22090,34832.44,78,PAPER BUNTING RETRO SPOTS,0.975,0.1877462102227165,A
21212,33965.42,78,PACK OF 72 RETRO SPOT CAKE CASES,0.975,0.19058120309436472,A
20914,33877.3,78,SET/5 RED SPOTTY LID GLASS BOWLS,0.975,0.19340884085096205,A
84078A,33689.72,70,SET/4 WHITE RETRO STORAGE CUBES ,0.875,0.1962208218612903,A
21928,33574.6,76,JUMBO BAG SCANDINAVIAN PAISLEY,0.95,0.19902319414664524,A
22457,33318.05,61,NATURAL SLATE HEART CHALKBOARD ,0.7625,0.2018041529643845,A
84029E,33076.42,69,RED WOOLLY HOTTIE WHITE HEART.,0.8625,0.2045649436426579,A
22910,32795.11,26,PAPER CHAIN KIT VINTAGE CHRISTMAS,0.325,0.2073022542095497,A
22111,32513.86,75,SCOTTIE DOG HOT WATER BOTTLE,0.9375,0.2100160896730819,A
21181,31997.820000000003,61,PLEASE ONE PERSON  METAL SIGN,0.7625,0.21268685280830243,A
48187,31588.56,71,DOOR MAT NEW ENGLAND,0.8875,0.21532345622511964,A
71477,31549.41,62,COLOUR GLASS. STAR T-LIGHT HOLDER,0.775,0.21795679190754919,A
82494L,31547.29,72,WOODEN FRAME ANTIQUE WHITE ,0.9,0.2205899506398663,A
22139,31384.300000000003,75,RETRO SPOT TEA SET CERAMIC 11 PC ,0.9375,0.22320950508028445,A
21523,30362.8,76,FANCY FONT HOME SWEET HOME DOORMAT,0.95,0.22574379794530067,A
21175,30103.38,73,GIN + TONIC DIET METAL SIGN,0.9125,0.2282564377923132,A
22083,29547.11,78,PAPER CHAIN KIT RETRO SPOT,0.975,0.23072264743222945,A
15056BL,29494.84,78,EDWARDIAN PARASOL BLACK,0.975,0.2331844942502698,A
20727,29414.99,78,LUNCH BAG  BLACK SKULL.,0.975,0.2356396762256319,A
21755,29295.890000000003,78,LOVE BUILDING BLOCK WORD,0.975,0.23808491727722464,A
22355,28948.899999999998,78,"CHARLOTTE BAG , SUKI DESIGN",0.975,0.24050119610263165,A
22188,28432.96,73,BLACK HEART CARD HOLDER,0.9125,0.2428744109464304,A
82486,28188.89,78,WOOD S/3 CABINET ANT WHITE FINISH,0.975,0.2452272539911999,A
82482,27756.54,69,WOODEN PICTURE FRAME WHITE FINISH,0.8625,0.24754401006374716,A
85066,26797.3,73,CREAM SWEETHEART MINI CHEST,0.9125,0.2497807012184397,A
22383,25690.9,73,LUNCHBAG SUKI  DESIGN ,0.9125,0.2519250444465295,A
20728,25096.98,78,LUNCH BAG CARS BLUE,0.975,0.25401981493368664,A
22084,24564.98,78,PAPER CHAIN KIT EMPIRE,0.975,0.2560701809586668,A
22379,24435.88,72,RECYCLING BAG RETROSPOT ,0.9,0.2581097713895359,A
15036,24105.04,76,ASSORTED COLOURS SILK FAN,0.95,0.26012174758682105,A
21524,24096.43,78,SPOTTY  HOME SWEET HOME DOORMAT,0.975,0.2621330051329421,A
22501,23913.68,56,PICNIC BASKET WICKER LARGE,0.7,0.26412900907856907,A
20713,23651.4,66,JUMBO BAG OWLS,0.825,0.26610312129047453,A
21485,23570.45,75,RED SPOT HEART HOT WATER BOTTLE,0.9375,0.26807047684596425,A
21915,23336.14,65,RED  HARMONICA IN BOX ,0.8125,0.2700182752406782,A
84029G,23087.3,76,KNITTED UNION FLAG HOT WATER BOTTLE,0.95,0.27194530369860986,A
20726,22653.46,78,LUNCH BAG WOODLAND,0.975,0.27383612081843844,A
21527,22597.620000000003,65,RETRO SPOT TRADITIONAL TEAPOT ,0.8125,0.2757222771390791,A
37503,22350.93,33,TEA TIME CAKE STAND IN GIFT BOX,0.4125,0.277587842977061,A
22087,22342.61,70,PAPER BUNTING WHITE LACE,0.875,0.2794527143693187,A
21479,21940.59,32,WHITE SKULL HOT WATER BOTTLE ,0.4,0.28128403034450034,A
47566B,21779.48,66,TEA TIME PARTY BUNTING,0.825,0.28310189894580734,A
22138,21723.420000000002,73,BAKING SET 9 PIECE RETROSPOT ,0.9125,0.28491508838517887,A
72741,21684.02,78,GRAND CHOCOLATECANDLE,0.975,0.2867249892234042,A
85152,21652.63,78,HAND OVER THE CHOCOLATE   SIGN ,0.975,0.28853227003142706,A
47590B,21640.33,75,PINK HAPPY BIRTHDAY BUNTING,0.9375,0.29033852419492967,A
22622,21548.61,58,BOX OF VINTAGE ALPHABET BLOCKS,0.725,0.29213712276205844,A
21108,21295.95,74,FAIRY CAKE FLANNEL ASSORTED COLOUR,0.925,0.2939146325483345,A
82483,21247.14,69,WOOD 2 DRAWER CABINET WHITE FINISH,0.8625,0.2956880683086729,A
20711,21214.22,78,JUMBO BAG TOYS ,0.975,0.29745875633424645,A
21166,21132.22,74,COOK WITH WINE METAL SIGN ,0.925,0.29922260006301826,A
22384,21031.74,72,LUNCHBAG PINK RETROSPOT,0.9,0.300978057024197,A
21955,20981.22,78,UNION JACK GUNS & ROSES  DOORMAT,0.975,0.30272929723080955,A
48188,20796.61,78,DOOR MAT WELCOME PUPPIES,0.975,0.3044651285882445,A
71459,20661.399999999998,77,HANGING JAM JAR T-LIGHT HOLDER,0.9625,0.30618967436798966,A
48111,20603.8,76,DOOR MAT 3 SMILEY CATS,0.95,0.3079094124465667,A
22659,20209.72,51,LUNCHBOX I LOVE LONDON,0.6375,0.3095962578363192,A
22752,19963.27,44,SET 7 BABUSHKA NESTING BOXES,0.55,0.31126253277550114,A
84978,19875.510000000002,77,HANGING HEART JAR T-LIGHT HOLDER,0.9625,0.3129214826477645,A
22385,19768.22,72,JUMBO BAG SPACEBOY DESIGN,0.9,0.3145714773419321,A
21731,19715.78,77,RED TOADSTOOL LED NIGHT LIGHT,0.9625,0.3162170950248279,A
22499,19503.58,71,WOODEN UNION JACK BUNTING,0.8875,0.31784500100307345,A
84755,19285.48,78,COLOUR GLASS T-LIGHT HOLDER HANGING,0.975,0.31945470282116706,A
21258,19225.64,58,VICTORIAN SEWING BOX LARGE,0.725,0.32105940997193616,A
22699,19136.8,44,ROSES REGENCY TEACUP AND SAUCER ,0.55,0.32265670191138973,A
21231,19120.24,70,SWEETHEART CERAMIC TRINKET BOX,0.875,0.32425261163675756,A
21314,19055.79,78,SMALL GLASS HEART TRINKET POT,0.975,0.3258431419117733,A
48184,18971.9,68,DOOR MAT ENGLISH ROSE ,0.85,0.32742667013729276,A
21217,18945.35,77,RED SPOTTY ROUND CAKE TINS,0.9625,0.32900798231305506,A
22382,18893.91,73,LUNCHBAG SPACEBOY DESIGN ,0.9125,0.33058500094457977,A
21977,18706.86,78,PACK OF 60 PINK PAISLEY CAKE CASES,0.975,0.3321464070673635,A
21622,18527.43,75,VINTAGE UNION JACK CUSHION COVER,0.9375,0.33369283670020655,A
21930,18357.41,78,JUMBO STORAGE BAG SKULLS,0.975,0.3352250752679005,A
20712,18256.34,71,JUMBO BAG WOODLAND ANIMALS,0.8875,0.33674887782245116,A
22507,18217.68,66,MEMO BOARD RETROSPOT  DESIGN,0.825,0.33826945354146093,A
84997B,18211.71,77,RED 3 PIECE MINI DOTS CUTLERY SET,0.9625,0.33978953096227665,A
37449,18197.46,64,CERAMIC CAKE STAND + HANGING CAKES,0.8,0.3413084189778555,A
22607,18174.99,47,WOODEN ROUNDERS GARDEN SET ,0.5875,0.3428254314891767,A
20679,18119.32,76,EDWARDIAN PARASOL RED,0.95,0.3443377973907057,A
22171,18041.86,76,3 HOOK PHOTO SHELF ANTIQUE WHITE,0.95,0.34584369793576814,A
22867,18037.75,23,HAND WARMER BIRD DESIGN,0.2875,0.34734925543132017,A
20724,18016.19,78,RED SPOTTY CHARLOTTE BAG,0.975,0.3488530133776155,A
20972,17961.23,78,PINK CREAM FELT CRAFT TRINKET BOX ,0.975,0.35035218397571305,A
84991,17782.100000000002,78,60 TEATIME FAIRY CAKE CASES,0.975,0.3518364031239802,A
22077,17773.489999999998,69,6 RIBBONS RUSTIC CHARM,0.8625,0.3533199036210831,A
85014B,17734.34,78,RED/WHITE DOTS RUFFLED UMBRELLA,0.975,0.3548001363837984,A
22697,17710.16,44,GREEN REGENCY TEACUP AND SAUCER,0.55,0.35627835091362753,A
22149,17688.09,78,FELTCRAFT 6 FLOWER FRIENDS,0.975,0.3577547233260126,A
21080,17536.7,78,SET/20 RED SPOTTY PAPER NAPKINS ,0.975,0.35921845966409505,A
22866,17366.800000000003,20,HAND WARMER SCOTTY DOG DESIGN,0.25,0.3606680149530725,A
48173C,17350.43,71,DOOR MAT BLACK FLOCK ,0.8875,0.36211620388670057,A
47590A,17137.850000000002,62,BLUE HAPPY BIRTHDAY BUNTING,0.775,0.36354664939820536,A
84467,17048.41,16,ENGLISH ROSE DESIGN QUILTED THROW,0.2,0.36496962961817425,A
82583,17020.510000000002,73,HOT BATHS METAL SIGN,0.9125,0.36639028110788985,A
84077,17017.34,77,WORLD WAR 2 GLIDERS ASSTD DESIGNS,0.9625,0.36781066800710716,A
84970S,17004.39,78,HANGING HEART ZINC T-LIGHT HOLDER,0.975,0.369229974008232,A
82600,16976.91,78,NO SINGING METAL SIGN,0.975,0.3706469863352579,A
22456,16896.57,64,NATURAL SLATE CHALKBOARD LARGE ,0.8,0.37205729292075884,A
84997D,16852.73,72,PINK 3 PIECE MINI DOTS CUTLERY SET,0.9,0.3734639403114819,A
22585,16680.760000000002,66,PACK OF 6 BIRDY GIFT TAGS,0.825,0.37485623387633915,A
84836,16625.16,78,ZINC METAL HEART DECORATION,0.975,0.3762438866740967,A
22865,16600.620000000003,30,HAND WARMER OWL DESIGN,0.375,0.37762949119083583,A
84406B,16564.06,76,CREAM CUPID HEARTS COAT HANGER,0.95,0.3790120441528057,A
22605,16486.51,60,WOODEN CROQUET GARDEN SET,0.75,0.38038812424627594,A
22837,16480.32,27,HOT WATER BOTTLE BABUSHKA ,0.3375,0.38176368767880475,A
22624,16382.01,54,IVORY KITCHEN SCALES,0.675,0.3831310454672045,A
48116,16254.91,67,DOOR MAT MULTICOLOUR STRIPE,0.8375,0.3844877945955616,A
35004C,16110.28,62,SET OF 3 COLOURED  FLYING DUCKS,0.775,0.3858324718867671,A
85150,16041.05,73,LADIES & GENTLEMEN METAL SIGN,0.9125,0.3871713707551972,A
21481,16018.230000000001,70,FAWN BLUE HOT WATER BOTTLE,0.875,0.38850836490590757,A
22727,15935.51,38,ALARM CLOCK BAKELIKE RED ,0.475,0.3898384546635516,A
22158,15925.42,49,3 HEARTS HANGING DECORATION RUSTIC,0.6125,0.3911677022388209,A
22960,15621.68,29,JAM MAKING SET WITH JARS,0.3625,0.3924715975371322,A
22061,15574.72,74,LARGE CAKE STAND  HANGING STRAWBERY,0.925,0.39377157322351897,A
22666,15467.910000000002,49,RECIPE BOX PANTRY YELLOW DESIGN,0.6125,0.3950626337959864,A
71053,15396.38,78,WHITE METAL LANTERN,0.975,0.3963477239714998,A
22734,15343.06,23,SET OF 6 RIBBONS VINTAGE CHRISTMAS,0.2875,0.3976283636847514,A
22570,15227.12,66,FELTCRAFT CUSHION RABBIT,0.825,0.39889932623006163,A
21213,15211.17,78,PACK OF 72 SKULL CAKE CASES,0.975,0.4001689574761769,A
22569,15200.28,66,FELTCRAFT CUSHION BUTTERFLY,0.825,0.40143767976629013,A
22381,15004.53,73,TOY TIDY PINK RETROSPOT  ,0.9125,0.4026900633844651,A
20971,14974.61,77,PINK BLUE FELT CRAFT TRINKET BOX,0.9625,0.4039399496689778,A
22835,14906.19,39,HOT WATER BOTTLE I AM SO POORLY,0.4875,0.4051841251390127,A
84949,14903.619999999999,76,SILVER HANGING T-LIGHT HOLDER,0.95,0.40642808609876985,A
22294,14595.83,78,HEART FILIGREE DOVE  SMALL,0.975,0.4076463567400806,A
21791,14581.91,78,VINTAGE HEADS AND TAILS CARD GAME ,0.975,0.40886346552027575,A
20719,14400.46,77,WOODLAND CHARLOTTE BAG,0.9625,0.4100654292071212,A
84997C,14075.2,75,BLUE 3 PIECE MINI DOTS CUTLERY SET,0.9375,0.4112402444064334,A
22632,14063.990000000002,15,HAND WARMER RED POLKA DOT,0.1875,0.41241412394029264,A
22693,14027.45,43,GROW A FLYTRAP OR SUNFLOWER IN TIN,0.5375,0.4135849535887233,A
21790,13828.14,78,VINTAGE SNAP CARDS,0.975,0.4147391474225741,A
79323W,13783.640000000001,21, WHITE CHERRY LIGHTS,0.2625,0.4158896269734045,A
21936,13698.47,76,RED/WHITE SPOT PICNIC BAG,0.95,0.4170329976369348,A
22467,13596.16,52,GUMBALL COAT RACK,0.65,0.41816782878819947,A
22113,13552.460000000001,39,GREY HEART HOT WATER BOTTLE,0.4875,0.41929901243007106,A
22297,13444.08,78,HEART IVORY TRELLIS SMALL,0.975,0.4204211499147795,A
72760B,13393.98,64,VINTAGE CREAM 3 BASKET CAKE STAND,0.8,0.4215391057010763,A
20748,13299.03,55,KENSINGTON COFFEE SET,0.6875,0.42264913629247886,A
85014A,13295.300000000001,76,BLACK/BLUE DOTS RUFFLED UMBRELLA,0.95,0.42375885555184395,A
21340,13219.55,52,CLASSIC METAL BIRDCAGE PLANT HOLDER,0.65,0.4248622521833708,A
21174,13187.09,78,POTTERING IN THE SHED METAL SIGN,0.975,0.42596293947496866,A
84945,13158.02,66,MULTI COLOUR SILVER T-LIGHT HOLDER,0.825,0.4270612003798832,A
47556B,13151.03,51,TEA TIME TEA TOWELS ,0.6375,0.428158877850229,A
22625,13127.17,53,RED KITCHEN SCALES,0.6625,0.4292545637971395,A
22726,13026.26,34,ALARM CLOCK BAKELIKE GREEN,0.425,0.43034182708563223,A
22424,13013.07,57,ENAMEL BREAD BIN CREAM,0.7125,0.4314279894439443,A
20749,12990.52,74,ASSORTED COLOUR MINI CASES,0.925,0.4325122696206358,A
84947,12979.37,77,ANTIQUE SILVER TEA GLASS ENGRAVED,0.9625,0.4335956191398964,A
22427,12928.2,51,ENAMEL FLOWER JUG CREAM,0.6375,0.4346746976510187,A
22492,12875.750000000002,58,MINI PAINT SET VINTAGE  BOY+ GIRL,0.725,0.43574939831619885,A
22698,12808.77,38,PINK REGENCY TEACUP AND SAUCER,0.475,0.4368185083594305,A
22900,12790.76,38, SET 2 TEA TOWELS I LOVE LONDON ,0.475,0.43788611516137677,A
21484,12739.69,70,CHICK GREY HOT WATER BOTTLE,0.875,0.43894945930188817,A
21535,12731.8,77,RETRO SPOT SMALL MILK JUG,0.9625,0.44001214488749996,A
84050,12729.109999999999,75,PINK HEART SHAPE EGG FRYING PAN,0.9375,0.4410746059467898,A
22328,12721.070000000002,74,ROUND SNACK BOXES SET OF 4 FRUITS ,0.925,0.442136395931125,A
22041,12656.27,74,"RECORD FRAME 7"" SINGLE SIZE ",0.925,0.44319277725164613,A
21533,12612.87,78,RETRO SPOT LARGE MILK JUG,0.975,0.4442455361028844,A
22444,12506.56,54,GROW YOUR OWN PLANT IN A CAN ,0.675,0.4452894215737203,A
22169,12447.86,73,FAMILY ALBUM WHITE PICTURE FRAME,0.9125,0.44632840752965064,A
22629,12394.31,50,SPACEBOY LUNCH BOX ,0.625,0.44736292382590126,A
21136,12381.1,76,PAINTED METAL PEARS ASSORTED,0.95,0.44839633752263053,A
22720,12373.1,25,SET OF 3 CAKE TINS PANTRY DESIGN ,0.3125,0.44942908348308647,A
22366,12350.02,74,DOORMAT AIRMAIL ,0.925,0.4504599030243938,A
47591D,12220.82,74,PINK FAIRY CAKE CHILD'S APRON,0.925,0.4514799386248868,A
35400,12204.1,28,WOODEN BOX ADVENT CALENDAR ,0.35,0.45249857865656845,A
15044A,12182.53,61,PINK PAPER PARASOL ,0.7625,0.4535154183043232,A
22487,12106.58,65,WHITE WOOD GARDEN PLANT LADDER,0.8125,0.45452591863083286,A
48129,12029.42,76,DOOR MAT TOPIARY,0.95,0.4555299786409862,A
22568,11913.56,66,FELTCRAFT CUSHION OWL,0.825,0.45652436816056086,A
17003,11768.65,72,BROCADE RING PURSE ,0.9,0.4575066624722144,A
84970L,11756.72,77,SINGLE HEART ZINC T-LIGHT HOLDER,0.9625,0.4584879610221503,A
20750,11708.0,77, RED/WHITE DOT MINI CASES,0.9625,0.4594651930581815,A
22776,11674.93,35,SWEETHEART CAKESTAND 3 TIER,0.4375,0.46043966483939286,A
22654,11663.62,45,DELUXE SEWING KIT ,0.5625,0.46141319260844776,A
22652,11659.72,48,TRAVEL SEWING KIT,0.6,0.4623863948560694,A
23298,11583.0,7,SPOTTY BUNTING,0.0875,0.4633531935128298,A
22356,11577.199999999999,78,"CHARLOTTE BAG , PINK/WHITE SPOTS",0.975,0.464319508060792,A
22147,11510.349999999999,78,FELTCRAFT BUTTERFLY HEARTS,0.975,0.46528024283752,A
20723,11478.01,78,STRAWBERRY CHARLOTTE BAG,0.975,0.46623827829036313,A
21155,11424.140000000001,67,RED SPOTTY PEG BAG,0.8375,0.4671918173740756,A
22296,11334.599999999999,67,HEART IVORY TRELLIS LARGE,0.8375,0.46813788281954877,A
84992,11325.9,78,72 SWEETHEART FAIRY CAKE CASES,0.975,0.4690832221018247,A
22088,11324.66,77,PAPER BUNTING COLOURED LACE,0.9625,0.47002845788497827,A
21908,11318.01,78,CHOCOLATE THIS WAY METAL SIGN,0.975,0.47097313861235457,A
21035,11278.460000000001,78,SET/2 RED SPOTTY TEA TOWELS ,0.975,0.4719145182185296,A
22633,11245.300000000001,18,HAND WARMER UNION JACK,0.225,0.4728531300578516,A
22655,11240.0,23,VINTAGE RED KITCHEN CABINET,0.2875,0.4737912995218926,A
85042,11227.99,45,ANTIQUE LILY FAIRY LIGHTS,0.5625,0.4747284665468532,A
22170,11205.880000000001,71,PICTURE FRAME WOOD TRIPLE PORTRAIT,0.8875,0.4756637881156883,A
22606,11187.43,60,WOODEN SKITTLES GARDEN SET,0.75,0.4765975697177431,A
20718,11126.96,78,RED SPOTTY SHOPPER BAG,0.975,0.47752630406824176,A
21156,11094.779999999999,77,RED SPOTTY CHILDS APRON,0.9625,0.47845235244958095,A
22558,11088.32,44,CLOTHES PEGS RETROSPOT PACK 24 ,0.55,0.4793778616338794,A
22969,11060.109999999999,30,HOMEMADE JAM SCENTED CANDLES,0.375,0.480301016213144,A
21844,10995.890000000001,78,RETRO SPOT MUG,0.975,0.48121881053947435,A
21259,10978.28,78,VICTORIAN SEWING BOX SMALL ,0.975,0.48213513501133304,A
22173,10708.15,57,METAL 4 HOOK HANGER FRENCH CHATEAU,0.7125,0.4830289125332521,A
85048,10691.29,36,15CM CHRISTMAS GLASS BALL 20 LIGHTS,0.45,0.48392128280097507,A
22722,10687.210000000001,26,SET OF 6 SPICE TINS PANTRY DESIGN,0.325,0.48481331252319865,A
22690,10671.0,45,DOORMAT HOME SWEET HOME BLUE ,0.5625,0.4857039892447984,A
22834,10640.84,30,HAND WARMER BABUSHKA DESIGN,0.375,0.48659214860064764,A
21165,10626.43,74,BEWARE OF THE CAT METAL SIGN ,0.925,0.4874791051965345,A
21704,10522.42,72,BAG 250g SWIRLY MARBLES,0.9,0.48835738038619764,A
21430,10516.44,54,SET/3 RED GINGHAM ROSE STORAGE BOX,0.675,0.4892351564429965,A
21210,10504.13,70,SET OF 72 RETRO SPOT PAPER  DOILIES,0.875,0.4901119050206047,A
21216,10475.83,72,"SET 3 RED SPOT TIN TEA,COFFEE,SUGAR",0.9,0.490986291481146,A
22561,10458.689999999999,64,WOODEN SCHOOL COLOURING SET,0.8,0.4918592473167217,A
22961,10447.34,30,JAM MAKING SET PRINTED,0.375,0.49273125580145954,A
22295,10392.279999999999,68,HEART FILIGREE DOVE LARGE,0.85,0.49359866859129614,A
22617,10375.32,65,BAKING SET SPACEBOY DESIGN,0.8125,0.4944646657802333,A
79323P,10365.02,20,PINK CHERRY LIGHTS,0.25,0.49532980325871845,A
21218,10351.55,78,RED SPOTTY BISCUIT TIN,0.975,0.49619381643625343,A
22207,10341.99,75,FRYING PAN UNION FLAG,0.9375,0.4970570316689418,A
22804,10335.51,38,CANDLEHOLDER PINK HANGING HEART,0.475,0.49791970603524865,A
22365,10334.04,73,DOORMAT RESPECTABLE HOUSE,0.9125,0.4987822577050154,A
22150,10320.13,77, 3 STRIPEY MICE FELTCRAFT,0.9625,0.4996436483483368,A
22630,10317.17,50,DOLLY GIRL LUNCH BOX,0.625,0.5005047919292371,A
21164,10257.08,77,HOME SWEET HOME METAL SIGN ,0.9625,0.5013609199760543,A
21735,10244.56,59,TWO DOOR CURIO CABINET,0.7375,0.5022160030156037,A
22236,10222.27,70,CAKE STAND 3 TIER MAGIC GARDEN,0.875,0.5030692255749615,A
22485,10186.27,66,SET OF 2 WOODEN MARKET CRATES,0.825,0.5039194433210892,A
22326,10132.380000000001,70,ROUND SNACK BOXES SET OF4 WOODLAND ,0.875,0.5047651630287456,A
21868,10127.14,78,POTTING SHED TEA MUG,0.975,0.5056104453691431,A
22464,10113.539999999999,67,HANGING METAL HEART LANTERN,0.8375,0.506454592557876,A
22198,10072.039999999999,59,"POPCORN HOLDER , LARGE",0.7375,0.5072952758646908,A
21906,10062.720000000001,68,PHARMACIE FIRST AID TIN,0.85,0.5081351812587472,A
37370,10052.710000000001,75,RETRO COFFEE MUGS ASSORTED,0.9375,0.5089742511477916,A
21624,9996.26,73,VINTAGE UNION JACK DOORSTOP,0.9125,0.5098086093227572,A
22952,9995.73,26,72 CAKE CASES VINTAGE CHRISTMAS,0.325,0.5106429232601948,A
84997A,9994.56,67,GREEN 3 PIECE MINI DOTS CUTLERY SET,0.8375,0.5114771395412023,A
75049L,9992.769999999999,57,LARGE CIRCULAR MIRROR MOBILE,0.7125,0.5123112064162187,A
22557,9990.76,64,PLASTERS IN TIN VINTAGE PAISLEY ,0.8,0.5131451055224964,A
23284,9981.73,8,DOORMAT KEEP CALM AND COME IN,0.1,0.5139782509214557,A
22560,9899.210000000001,64,TRADITIONAL MODELLING CLAY,0.8,0.5148045086207553,A
22413,9796.11,72,METAL SIGN TAKE IT OR LEAVE IT ,0.9,0.5156221608688325,A
82582,9673.640000000001,71,AREA PATROLLED METAL SIGN,0.8875,0.516429590909235,A
21770,9495.85,37,OPEN CLOSED METAL SIGN,0.4625,0.5172221813456329,A
22728,9472.23,38,ALARM CLOCK BAKELIKE PINK,0.475,0.518012800290684,A
22551,9434.999999999998,64,PLASTERS IN TIN SPACEBOY,0.8,0.5188003117580529,A
72351B,9421.58,75,SET/6 PINK  BUTTERFLY T-LIGHTS,0.9375,0.5195867030978232,A
21098,9402.07,35,CHRISTMAS TOILET ROLL,0.4375,0.520371465995757,A
22179,9380.66,75,SET 10 LIGHTS NIGHT OWL,0.9375,0.5211544418644892,A
21877,9372.76,76,HOME SWEET HOME MUG,0.95,0.5219367583436515,A
21539,9361.57,77,RETRO SPOTS BUTTER DISH,0.9625,0.5227181408267015,A
21488,9349.53,41,RED WHITE SCARF  HOT WATER BOTTLE,0.5125,0.5234985183666602,A
22941,9346.67,14,CHRISTMAS LIGHTS 10 REINDEER,0.175,0.524278657190901,A
84375,9339.960000000001,70,SET OF 20 KIDS COOKIE CUTTERS,0.875,0.5250582359513427,A
22646,9289.35,57,CERAMIC STRAWBERRY CAKE MONEY BANK,0.7125,0.5258335904451851,A
22556,9278.97,64,PLASTERS IN TIN CIRCUS PARADE ,0.8,0.5266080785512128,A
21094,9278.32,78,SET/6 RED SPOTTY PAPER PLATES,0.975,0.5273825124036684,A
21982,9263.11,68,PACK OF 12 SUKI TISSUES ,0.85,0.5281556767225343,A
84378,9252.78,78,SET OF 3 HEART COOKIE CUTTERS,0.975,0.5289279788269372,A
21937,9248.72,71,STRAWBERRY   PICNIC BAG,0.8875,0.5296999420551813,A
22109,9212.09,77,FULL ENGLISH BREAKFAST PLATE,0.9625,0.530468847885964,A
21390,9209.87,77,FILIGRIS HEART WITH BUTTERFLY,0.9625,0.5312375684199309,A
21889,9160.63,78,WOODEN BOX OF DOMINOES,0.975,0.5320021790371352,A
21975,9156.17,78,PACK OF 60 DINOSAUR CAKE CASES,0.975,0.5327664173913672,A
22367,9145.55,75,CHILDS APRON SPACEBOY DESIGN,0.9375,0.5335297693256963,A
21749,9138.970000000001,66,LARGE RED SPOT WINDMILL,0.825,0.5342925720469407,A
21673,9043.42,78,WHITE SPOT BLUE CERAMIC DRAWER KNOB,0.975,0.5350473994930703,A
84880,9038.730000000001,68,WHITE WIRE EGG HOLDER,0.85,0.5358018354788098,A
21669,8970.29,66,BLUE STRIPE CERAMIC DRAWER KNOB,0.825,0.5365505589807307,A
20828,8927.43,77,GLITTER BUTTERFLY CLIPS,0.9625,0.5372957050855672,A
79000,8921.91,76,MOROCCAN TEA GLASS,0.95,0.5380403904523753,A
21914,8911.0,66,BLUE HARMONICA IN BOX ,0.825,0.5387841651938404,A
22301,8901.46,77,COFFEE MUG CAT + BIRD DESIGN,0.9625,0.5395271436597997,A
21922,8887.550000000001,54,UNION STRIPE WITH FRINGE  HAMMOCK,0.675,0.5402689610993137,A
22694,8866.87,45,WICKER STAR ,0.5625,0.5410090524405611,A
62018,8866.5,52,SOMBRERO ,0.65,0.5417491128990058,A
22333,8845.039999999999,75,RETRO SPORT PARTY BAG + STICKER SET,0.9375,0.5424873821548973,A
47567B,8832.54,68,TEA TIME KITCHEN APRON,0.85,0.5432246080728618,A
22555,8826.439999999999,64,PLASTERS IN TIN STRONGMAN,0.8,0.5439613248419178,A
84212,8825.92,67,"ASSORTED FLOWER COLOUR ""LEIS""",0.8375,0.544697998208116,A
21781,8767.27,78,MA CAMPAGNE CUTLERY BOX,0.975,0.5454297762327603,A
22740,8746.859999999999,35,POLKA DOT PEN,0.4375,0.5461598506952373,A
22349,8737.529999999999,71,"DOG BOWL , CHASING BALL DESIGN",0.8875,0.5468891464102855,A
22759,8708.33,45,SET OF 3 NOTEBOOKS IN PARCEL,0.5625,0.547616004887936,A
21559,8686.25,78,STRAWBERRY LUNCHBOX WITH CUTLERY,0.975,0.5483410204134722,A
22692,8622.19,47,DOORMAT WELCOME TO OUR HOME,0.5875,0.5490606890407995,A
22616,8585.07,58,PACK OF 12 LONDON TISSUES ,0.725,0.5497772593718185,A
22488,8581.31,67,NATURAL SLATE RECTANGLE CHALKBOARD,0.8375,0.5504935158667891,A
22505,8576.17,66,MEMO BOARD COTTAGE DESIGN,0.825,0.5512093433412041,A
20747,8501.58,20,PICCADILLY TEA SET,0.25,0.5519189450095405,A
22468,8493.6,62,BABUSHKA LIGHTS STRING OF 10,0.775,0.5526278806109443,A
21672,8479.32,75,WHITE SPOT RED CERAMIC DRAWER KNOB,0.9375,0.5533356243031001,A
22649,8433.99,57,STRAWBERRY FAIRY CAKE TEAPOT,0.7125,0.5540395844345971,A
22635,8424.38,51,CHILDS BREAKFAST SET DOLLY GIRL ,0.6375,0.5547427424478958,A
47599A,8420.5,63,PINK PARTY BAGS,0.7875,0.5554455766091019,A
22584,8395.289999999999,65,PACK OF 6 PANNETONE GIFT BOXES,0.8125,0.5561463065663766,A
47570B,8388.37,62,TEA TIME TABLE CLOTH,0.775,0.556846458931775,A
22619,8279.31,57,SET OF 6 SOLDIER SKITTLES,0.7125,0.557537508382427,A
22656,8275.0,21,VINTAGE BLUE KITCHEN CABINET,0.2625,0.5582281980901618,A
22645,8232.44,57,CERAMIC HEART FAIRY CAKE MONEY BANK,0.7125,0.5589153354409224,A
21121,8224.52,78,SET/10 RED SPOTTY PARTY CANDLES,0.975,0.5596018117327725,A
21326,8222.4,76,AGED GLASS SILVER T-LIGHT HOLDER,0.95,0.56028811107451,A
20676,8222.37,78,RED SPOTTY BOWL,0.975,0.5609744079122365,A
22151,8214.949999999999,78,PLACE SETTING WHITE HEART,0.975,0.5616600854245696,A
20975,8175.18,76,12 PENCILS SMALL TUBE RED SPOTTY,0.95,0.5623424434529538,A
21769,8162.77,31,VINTAGE POST OFFICE CABINET,0.3875,0.5630237656554439,A
84380,8157.35,78,SET OF 3 BUTTERFLY COOKIE CUTTERS,0.975,0.5637046354666089,A
21668,8156.92,71,RED STRIPE CERAMIC DRAWER KNOB,0.8875,0.5643854693869491,A
22749,8136.67,40,FELTCRAFT PRINCESS CHARLOTTE DOLL,0.5,0.5650646130998476,A
84839,8128.3,38,SWEETHEART KEY CABINET,0.475,0.5657430581936699,A
22634,8123.049999999999,55,CHILDS BREAKFAST SET SPACEBOY ,0.6875,0.566421065085563,A
22174,8113.36,65,PHOTO CUBE,0.8125,0.5670982631818949,A
21935,8110.73,77,SUKI  SHOULDER BAG,0.9625,0.5677752417599271,A
21172,8105.82,71,PARTY METAL SIGN ,0.8875,0.5684518105148214,A
22357,8093.74,74,KINGS CHOICE BISCUIT TIN,0.925,0.5691273709879431,A
21033,8089.32,77,JUMBO BAG CHARLIE AND LOLA TOYS,0.9625,0.5698025625367736,A
20829,8079.29,77,GLITTER HANGING BUTTERFLY STRING,0.9625,0.5704769169112516,A
21871,8053.3,69,SAVE THE PLANET MUG,0.8625,0.5711491019775115,A
22636,8049.29,53,CHILDS BREAKFAST SET CIRCUS PARADE,0.6625,0.5718209523409643,A
21670,8021.23,74,BLUE SPOT CERAMIC DRAWER KNOB,0.925,0.5724904606194384,A
22130,8020.0599999999995,41,PARTY CONE CHRISTMAS DECORATION ,0.5125,0.5731598712414826,A
85064,8010.19,40,CREAM SWEETHEART LETTER RACK,0.5,0.5738284580438995,A
48189,7997.28,61,DOOR MAT FRIENDSHIP ,0.7625,0.5744959672869053,A
22064,7955.659999999999,78,PINK DOUGHNUT TRINKET POT ,0.975,0.5751600026319491,A
21912,7955.2300000000005,77,VINTAGE SNAKES & LADDERS,0.9625,0.5758240020861682,A
21428,7902.51,58,SET3 BOOK BOX GREEN GINGHAM FLOWER ,0.725,0.576483601158346,A
22271,7881.670000000001,75,FELTCRAFT DOLL ROSIE,0.9375,0.5771414607775317,A
22940,7880.46,26,FELTCRAFT CHRISTMAS FAIRY,0.325,0.5777992194016061,A
21260,7865.139999999999,76,FIRST AID TIN,0.95,0.578455699310717,A
22946,7857.839999999999,21,WOODEN ADVENT CALENDAR CREAM,0.2625,0.5791115699104785,A
22082,7848.46,78,RIBBON REEL STRIPES DESIGN ,0.975,0.5797666575894596,A
21907,7848.030000000001,72,I'M ON HOLIDAY METAL SIGN,0.9,0.580421709377616,A
21186,7825.57,51,WHITE DOVE HONEYCOMB PAPER GARLAND,0.6375,0.5810748864961849,A
21257,7809.74,77,VICTORIAN SEWING BOX MEDIUM,0.9625,0.5817267423316029,A
21756,7804.64,57,BATH BUILDING BLOCK WORD,0.7125,0.5823781724851468,A
84988,7796.469999999999,78,SET OF 72 PINK HEART PAPER DOILIES,0.975,0.5830289207130214,A
21671,7783.2699999999995,65,RED SPOT CERAMIC DRAWER KNOB,0.8125,0.583678567176045,A
84792,7780.77,77,ENCHANTED BIRD COATHANGER 5 HOOK,0.9625,0.5843280049714833,A
21891,7741.04,67,TRADITIONAL WOODEN SKIPPING ROPE,0.8375,0.584974126621654,A
21498,7712.92,77,RED SPOTS  WRAP ,0.9625,0.5856179011788241,A
21658,7709.5,73,GLASS  BEURRE DISH,0.9125,0.5862613902787371,A
85232B,7690.81,54,SET/3 RUSSIAN DOLL STACKING TINS,0.675,0.5869033193797817,A
22380,7680.26,73,TOY TIDY SPACEBOY  ,0.9125,0.5875443679036157,A
23199,7670.38,10,JUMBO BAG APPLES,0.125,0.5881845917731523,A
82001S,7651.82,62,VINYL RECORD FRAME SILVER,0.775,0.5888232664945346,A
22300,7594.65,74,COFFEE MUG DOG + BALL DESIGN,0.925,0.5894571694055737,A
85067,7593.69,50,CREAM SWEETHEART WALL CABINET,0.625,0.5900909921882599,A
22627,7592.91,48,MINT KITCHEN SCALES,0.6,0.5907247498666596,A
21380,7555.680000000001,77,WOODEN HAPPY BIRTHDAY GARLAND,0.9625,0.591355400067377,A
16014,7550.14,42,SMALL CHINESE STYLE SCISSOR,0.525,0.5919855878607252,A
21122,7527.34,75,SET/10 PINK SPOTTY PARTY CANDLES,0.9375,0.5926138726056944,A
22352,7509.599999999999,78,LUNCHBOX WITH CUTLERY RETROSPOT ,0.975,0.5932406766454774,A
22943,7504.64,19,CHRISTMAS LIGHTS 10 VINTAGE BAUBLES,0.2375,0.5938670666887711,A
22089,7504.1,75,PAPER BUNTING VINTAGE PAISLEY,0.9375,0.5944934116598662,A
84987,7503.2699999999995,78,SET OF 36 TEATIME PAPER DOILIES,0.975,0.595119687353323,A
22812,7490.78,18,PACK 3 BOXES CHRISTMAS PANNETONE,0.225,0.595744920543523,A
22909,7462.209999999999,27,SET OF 20 VINTAGE CHRISTMAS NAPKINS,0.3375,0.5963677690805569,A
22273,7419.410000000001,74,FELTCRAFT DOLL MOLLY,0.925,0.5969870452285285,A
22528,7410.89,36,GARDENERS KNEELING PAD,0.45,0.5976056102373689,A
21888,7408.01,77,BINGO SET,0.9625,0.5982239348611509,A
22623,7394.35,56,BOX OF VINTAGE JIGSAW BLOCKS ,0.7,0.5988411193252462,A
22847,7386.66,26,"BREAD BIN, DINER STYLE, IVORY",0.325,0.5994576619278488,A
22180,7364.5199999999995,73,RETRO SPOT LAMP,0.9125,0.6000723565703148,A
21890,7325.290000000001,77,S/6 WOODEN SKITTLES IN COTTON BAG,0.9625,0.6006837768010305,A
21531,7317.38,76,RETRO SPOT SUGAR JAM BOWL,0.95,0.6012945368075059,A
22729,7294.9,38,ALARM CLOCK BAKELIKE ORANGE,0.475,0.6019034204750533,A
22968,7287.58,33,ROSE COTTAGE KEEPSAKE BOX ,0.4125,0.6025116931639105,A
21154,7264.9,78,RED SPOTTY OVEN GLOVE ,0.975,0.603118072820433,A
22219,7262.87,77,LOVEBIRD HANGING DECORATION WHITE ,0.9625,0.6037242830388759,A
21974,7244.509999999999,78,SET OF 36 PAISLEY FLOWER DOILIES,0.975,0.6043289608025716,A
22766,7226.75,36,PHOTO FRAME CORNICE,0.45,0.6049321561917405,A
21041,7212.08,54,RED SPOTTY OVEN GLOVE DOUBLE,0.675,0.605534127119518,A
21985,7200.049999999999,78,PACK OF 12 HEARTS DESIGN TISSUES ,0.975,0.6061350939388745,A
22120,7191.599999999999,55,WELCOME  WOODEN BLOCK LETTERS,0.6875,0.6067353554617925,A
21361,7157.72,64,LOVE LARGE WOOD LETTERS ,0.8,0.6073327891215927,A
22191,7150.62,61,EAU DE NIL DINER WALL CLOCK,0.7625,0.6079296301654504,A
22662,7128.12,47,LUNCH BAG DOLLY GIRL DESIGN,0.5875,0.6085245932010394,A
21042,7106.610000000001,72,RED SPOTTY APRON ,0.9,0.6091177608607233,A
22072,7097.44,76,TEA CUP AND SAUCER RETRO SPOT,0.95,0.6097101631277041,A
21169,7085.89,61,YOU'RE CONFUSING ME METAL SIGN ,0.7625,0.6103016013504401,A
22193,7062.26,52,RED DINER WALL CLOCK,0.65,0.6108910672471587,A
22667,7051.670000000001,42,RECIPE BOX RETRO SPOT DESIGN,0.525,0.6114796492279856,A
22303,7027.9,73,COFFEE MUG APPLES DESIGN,0.9125,0.6120662471974102,A
22073,7022.99,70,RETRO SPOT STORAGE JAR,0.875,0.6126524353436972,A
22668,6964.79,49,PINK BABY BUNTING,0.6125,0.6132337657085956,A
22348,6951.719999999999,78,TEA BAG PLATE RED SPOTTY ,0.975,0.6138140051593574,A
21745,6943.13,76,GAOLERS KEYS DECORATIVE GARDEN ,0.95,0.6143935276282957,A
85065,6932.69,45,CREAM SWEETHEART TRAYS,0.5625,0.6149721787013973,A
21833,6930.04,73,CAMOUFLAGE LED TORCH,0.9125,0.6155506085868584,A
21892,6921.82,76,TRADITIONAL WOODEN CATCH CUP GAME ,0.95,0.6161283523732985,A
22665,6912.950000000001,49,RECIPE BOX BLUE SKETCHBOOK DESIGN,0.6125,0.6167053558071457,A
84032A,6891.570000000001,64,CHARLIE+LOLA PINK HOT WATER BOTTLE,0.8,0.6172805747158024,A
20754,6854.1900000000005,78,RETRO RED SPOTTY WASHING UP GLOVES,0.975,0.6178526736267219,A
22302,6854.19,63,COFFEE MUG PEARS  DESIGN,0.7875,0.6184247725376414,A
22055,6850.88,75,MINI CAKE STAND  HANGING STRAWBERY,0.9375,0.6189965951726778,A
22121,6804.59,34,NOEL WOODEN BLOCK LETTERS ,0.425,0.6195645541187025,A
21777,6795.66,49,RECIPE BOX WITH METAL HEART,0.6125,0.6201317677041122,A
22350,6759.87,70,CAT BOWL ,0.875,0.620695994004369,A
15056P,6755.88,68,EDWARDIAN PARASOL PINK,0.85,0.6212598872711594,A
21870,6751.99,75,I CAN ONLY PLEASE ONE PERSON MUG,0.9375,0.621823455851187,A
22358,6742.35,75,KINGS CHOICE TEA CADDY ,0.9375,0.6223862198090052,A
22730,6713.56,38,ALARM CLOCK BAKELIKE IVORY,0.475,0.6229465807509097,A
51008,6705.45,31,AFGHAN SLIPPER SOCK PAIR,0.3875,0.6235062647751671,A
22283,6683.26,75,6 EGG HOUSE PAINTED WOOD,0.9375,0.6240640966659363,A
21385,6665.25,72,IVORY HANGING DECORATION  HEART,0.9,0.6246204253154203,A
22844,6618.62,34,VINTAGE CREAM DOG FOOD CONTAINER,0.425,0.625172861897101,A
21768,6579.7,30,WALL MOUNTED VINTAGE ORGANISER,0.375,0.6257220499418118,A
22110,6556.25,66,BIRD HOUSE HOT WATER BOTTLE,0.825,0.6262692806845714,A
21429,6534.9,61,RED GINGHAM ROSE JEWELLERY BOX,0.7625,0.6268147294061517,A
22748,6519.58,38,POPPY'S PLAYHOUSE KITCHEN,0.475,0.6273588994127685,A
22833,6517.219999999999,8,HALL CABINET WITH 3 DRAWERS,0.1,0.6279028724371845,A
72351A,6510.42,78,SET/6 TURQUOISE BUTTERFLY T-LIGHTS,0.975,0.6284462778857682,A
79323LP,6499.47,19,LIGHT PINK CHERRY LIGHTS,0.2375,0.6289887693703279,A
22621,6453.679999999999,55,TRADITIONAL KNITTING NANCY,0.6875,0.6295274388993929,A
21242,6442.67,77,RED SPOTTY PLATE ,0.9625,0.6300651894564119,A
22508,6433.82,65,DOORSTOP RETROSPOT HEART,0.8125,0.6306022013301784,A
84692,6433.08,78,BOX OF 24 COCKTAIL PARASOLS,0.975,0.6311391514383397,A
23203,6430.54,7,JUMBO BAG DOILEY PATTERNS,0.0875,0.6316758895402341,A
22553,6429.7699999999995,64,PLASTERS IN TIN SKULLS,0.8,0.6322125633725123,A
22275,6424.38,45,WEEKEND BAG VINTAGE ROSE PAISLEY,0.5625,0.6327487873174763,A
84032B,6384.400000000001,66,CHARLIE + LOLA RED HOT WATER BOTTLE,0.825,0.6332816742504143,A
22212,6350.79,78,FOUR HOOK  WHITE LOVEBIRDS,0.975,0.6338117558563339,A
20970,6311.52,78,PINK FLORAL FELTCRAFT SHOULDER BAG,0.975,0.6343385597118217,A
85068,6309.44,30,CREAM SWEETHEART SHELF + HOOKS,0.375,0.6348651899558786,A
22195,6303.589999999999,78,LARGE HEART MEASURING SPOONS,0.975,0.6353913319177855,A
22830,6297.1,9,UTILTY CABINET WITH HOOKS,0.1125,0.6359169321786406,A
22274,6273.89,76,FELTCRAFT DOLL EMILY,0.95,0.6364405951696328,A
22745,6226.75,38,POPPY'S PLAYHOUSE BEDROOM ,0.475,0.6369603235246343,A
21716,6224.349999999999,73,BOYS VINTAGE TIN SEASIDE BUCKET,0.9125,0.6374798515587538,A
72807C,6210.94,63,SET/3 VANILLA SCENTED CANDLE IN BOX,0.7875,0.6379982602999451,A
84508A,6198.780000000001,52,CAMOFLAGE DESIGN TEDDY,0.65,0.638515654082001,A
22771,6165.61,35,CLEAR DRAWER KNOB ACRYLIC EDWARDIAN,0.4375,0.6390302792625335,A
22783,6153.1,19,SET 3 WICKER OVAL BASKETS W LIDS,0.2375,0.6395438602704686,A
20969,6143.9,75,RED FLORAL FELTCRAFT SHOULDER BAG,0.9375,0.6400566733816894,A
22791,6117.13,28,T-LIGHT GLASS FLUTED ANTIQUE,0.35,0.6405672520804054,A
22224,6116.200000000001,76,WHITE LOVEBIRD LANTERN,0.95,0.6410777531547798,A
22360,6115.91,66,"GLASS JAR, ENGLISH CONFECTIONERY",0.825,0.6415882300237142,A
21086,6109.740000000001,70,SET/6 RED SPOTTY PAPER CUPS,0.875,0.6420981919010478,A
22768,6107.34,36,FAMILY PHOTO FRAME CORNICE,0.45,0.6426079534574993,A
22970,6107.0,26,LONDON BUS COFFEE MUG,0.325,0.6431176866351593,A
22554,6102.879999999999,63,PLASTERS IN TIN WOODLAND ANIMALS,0.7875,0.6436270759286385,A
21135,6101.21,75,VICTORIAN  METAL POSTCARD SPRING,0.9375,0.6441363258321706,A
82552,6086.26,74,WASHROOM METAL SIGN,0.925,0.644644327903542,A
22595,6084.0599999999995,48,CHRISTMAS GINGHAM HEART,0.6,0.6451521463474381,A
21114,6063.26,76,LAVENDER SCENTED FABRIC HEART,0.95,0.6456582286770236,A
21411,6054.14,75,GINGHAM HEART  DOORSTOP RED,0.9375,0.6461635497872574,A
85047,6048.23,45,WHITE BEADED GARLAND STRING 20LIGHT,0.5625,0.6466683776073194,A
22192,5991.27,58,BLUE DINER WALL CLOCK,0.725,0.6471684511451152,A
22418,5989.24,58,10 COLOUR SPACEBOY PEN,0.725,0.6476683552448316,A
22354,5974.51,66,RETRO SPOT PADDED SEAT CUSHION,0.825,0.6481670298751347,A
20974,5974.4400000000005,77,12 PENCILS SMALL TUBE SKULL,0.9625,0.6486656986627455,A
22429,5968.7,56,ENAMEL MEASURING JUG CREAM,0.7,0.6491638883495802,A
20677,5966.37,77,PINK SPOTTY BOWL,0.9625,0.6496618835582252,A
22846,5964.36,32,BREAD BIN DINER STYLE RED ,0.4,0.6501597109981315,A
21875,5951.34,76,KINGS CHOICE MUG,0.95,0.6506564516972531,A
22855,5913.62,39,FINE WICKER HEART ,0.4875,0.6511500440198458,A
22993,5895.18,18,SET OF 4 PANTRY JELLY MOULDS,0.225,0.6516420972103284,A
22795,5876.22,23,SWEETHEART RECIPE BOOK STAND,0.2875,0.6521325678658432,A
21110,5873.92,66,LARGE CAKE TOWEL PINK SPOTS,0.825,0.6526228465471794,A
85174,5860.76,73,S/4 CACTI CANDLES,0.9125,0.6531120268023459,A
23201,5860.36,10,JUMBO BAG ALPHABET,0.125,0.6536011736706989,A
21980,5843.499999999999,76,PACK OF 12 RED SPOTTY TISSUES ,0.95,0.6540889132848559,A
79067,5796.7300000000005,54,CORONA MEXICAN TRAY,0.675,0.6545727491458248,A
22904,5777.7300000000005,38,CALENDAR PAPER CUT DESIGN,0.475,0.6550549991331445,A
22663,5777.71,47,JUMBO BAG DOLLY GIRL DESIGN,0.5875,0.6555372474511234,A
22988,5759.9400000000005,21,SOLDIERS EGG CUP ,0.2625,0.6560180125599053,A
22371,5759.11,67,AIRLINE BAG VINTAGE TOKYO 78,0.8375,0.6564987083910488,A
21715,5737.5599999999995,74,GIRLS VINTAGE TIN SEASIDE BUCKET,0.925,0.656977605507606,A
85175,5728.91,71,CACTI T-LIGHT CANDLES,0.8875,0.6574557806343176,A
22526,5707.25,54,WHEELBARROW FOR CHILDREN ,0.675,0.6579321478650693,A
22588,5706.59,29,CARD HOLDER GINGHAM HEART,0.3625,0.6584084600075782,A
22637,5697.82,56,PIGGY BANK RETROSPOT ,0.7,0.6588840401441977,A
22165,5679.43,66,"DIAMANTE HEART SHAPED WALL MIRROR, ",0.825,0.6593580853220586,A
21625,5679.39,74,VINTAGE UNION JACK APRON,0.925,0.6598321271612383,A
22750,5672.06,40,FELTCRAFT PRINCESS LOLA DOLL,0.5,0.6603055571870575,A
35004B,5652.51,66,SET OF 3 BLACK FLYING DUCKS,0.825,0.6607773554323587,A
22282,5635.81,65,12 EGG HOUSE PAINTED WOOD,0.8125,0.6612477597781894,A
84520B,5628.19,63,PACK 20 ENGLISH ROSE PAPER NAPKINS,0.7875,0.6617175281052197,A
22221,5618.7699999999995,57,CAKE STAND LOVEBIRD 2 TIER PINK,0.7125,0.6621865101727881,A
82551,5602.599999999999,76,LAUNDRY 15C METAL SIGN,0.95,0.662654142578414,A
21934,5592.14,78,SKULL SHOULDER BAG,0.975,0.6631209019188625,A
22575,5576.5199999999995,25,METAL MERRY CHRISTMAS WREATH,0.3125,0.6635863575042374,A
37450,5551.85,73,CERAMIC CAKE BOWL + HANGING CAKES,0.9125,0.6640497539578794,A
82599,5531.72,72,FANNY'S REST STOPMETAL SIGN,0.9,0.6645114702201235,A
84884A,5529.54,71,ANT WHITE WIRE HEART SPIRAL,0.8875,0.6649730045242332,A
22580,5524.62,23,ADVENT CALENDAR GINGHAM SACK,0.2875,0.6654341281705348,A
22241,5520.24,55,"GARLAND , WOODEN  "" HAPPY EASTER""",0.6875,0.6658948862312267,A
22890,5518.71,33,NOVELTY BISCUITS CAKE STAND 3 TIER,0.4125,0.6663555165873564,A
22059,5517.04,76,CERAMIC STRWBERRY DESIGN MUG,0.95,0.666816007553539,A
22327,5493.39,74,ROUND SNACK BOXES SET OF 4 SKULLS,0.925,0.6672745245243635,A
48197,5490.14,33,DOOR MAT BIRD ON THE WIRE,0.4125,0.667732770227327,A
22767,5483.679999999999,34,TRIPLE PHOTO FRAME CORNICE ,0.425,0.6681904767332497,A
22466,5483.19,53,FAIRY TALE COTTAGE NIGHTLIGHT,0.6625,0.6686481423403259,A
22417,5478.54,72,PACK OF 60 SPACEBOY CAKE CASES,0.9,0.669105419825693,A
21463,5473.76,74,MIRRORED DISCO BALL ,0.925,0.6695622983386368,A
22620,5458.2,57,4 TRADITIONAL SPINNING TOPS,0.7125,0.6700178781045291,A
22827,5455.0,16,GIANT SEVENTEEN DRAWER SIDEBOARD,0.2,0.6704731907759119,A
22838,5453.0,27,3 TIER CAKE TIN RED AND CREAM,0.3375,0.6709283365132265,A
22414,5450.25,66,DOORMAT NEIGHBOURHOOD WITCH ,0.825,0.671383252716197,A
21124,5448.6,74,SET/10 BLUE SPOTTY PARTY CANDLES,0.925,0.6718380311985611,A
84968C,5435.4,56,S/16 VINTAGE PISTACHIO CUTLERY,0.7,0.6722917079160744,A
22085,5431.21,69,PAPER CHAIN KIT SKULLS ,0.8625,0.6727450349067143,A
22669,5404.55,47,RED BABY BUNTING ,0.5875,0.6731961366662235,A
22465,5398.299999999999,63,HANGING METAL STAR LANTERN,0.7875,0.673646716756769,A
21667,5384.65,47,GLASS CAKE COVER AND PLATE,0.5875,0.6740961575222982,A
22644,5382.71,56,CERAMIC CHERRY CAKE MONEY BANK,0.7,0.6745454363617812,A
22220,5365.86,67,CAKE STAND LOVEBIRD 2 TIER WHITE,0.8375,0.6749933087817384,A
79029,5363.82,34,GLASS HONEYPOT WASP CATCHER,0.425,0.6754410109289459,A
22549,5332.92,63,PICTURE DOMINOES,0.7875,0.6758861339447976,A
21558,5327.73,61,SKULL LUNCHBOX WITH CUTLERY ,0.7625,0.676330823766742,A
11001,5325.21,59,ASSTD DESIGN RACING CAR PEN,0.7375,0.6767753032517603,A
84568,5305.29,69,GIRLS ALPHABET IRON ON PATCHES ,0.8625,0.6772181200734579,A
22498,5297.740000000001,70,WOODEN REGATTA BUNTING,0.875,0.6776603067190476,A
21243,5280.79,75,PINK  SPOTTY PLATE ,0.9375,0.6781010785984083,A
22167,5231.98,73,"WALL MIRROR , DIAMANTE OVAL SHAPE",0.9125,0.6785377764518311,A
35970,5219.75,50,ZINC FOLKART SLEIGH BELLS,0.625,0.6789734535034262,A
10002,5218.099999999999,68,INFLATABLE POLITICAL GLOBE ,0.85,0.6794089928344147,A
22618,5211.299999999999,48,COOKING SET RETROSPOT,0.6,0.679843964589571,A
15060B,5201.57,77,FAIRY CAKE DESIGN UMBRELLA,0.9625,0.6802781242104848,A
16156S,5196.12,72,WRAP PINK FAIRY CAKES ,0.9,0.6807118289360625,A
22060,5194.01,62,LARGE CAKE STAND HANGING HEARTS,0.775,0.681145357546198,A
22063,5187.57,71,CERAMIC BOWL WITH STRAWBERRY DESIGN,0.8875,0.6815783486286335,A
22215,5167.31,71,CAKE STAND WHITE TWO TIER LACE,0.8875,0.6820096486689567,A
37448,5163.87,72,CERAMIC CAKE DESIGN SPOTTED MUG,0.9,0.6824406615826825,A
20717,5142.45,78,STRAWBERRY SHOPPER BAG,0.975,0.6828698866325363,A
82580,5141.62,78,BATHROOM METAL SIGN,0.975,0.6832990424047518,A
21363,5136.06,70,HOME SMALL WOOD LETTERS,0.875,0.6837277341002573,A
21586,5133.45,59,KINGS CHOICE GIANT TUBE MATCHES,0.7375,0.6841562079468037,A
21116,5131.85,76,OWL DOORSTOP,0.95,0.6845845482460954,A
23206,5129.08,10,LUNCH BAG APPLE DESIGN,0.125,0.6850126573417024,A
22567,5074.18,56,20 DOLLY PEGS RETROSPOT,0.7,0.6854361840971336,A
21407,5071.68,73,BROWN CHECK CAT DOORSTOP ,0.9125,0.6858595021849795,A
22840,5067.96,35,ROUND CAKE TIN VINTAGE RED,0.4375,0.6862825097754581,A
85063,5060.889999999999,46,CREAM SWEETHEART MAGAZINE RACK,0.575,0.6867049272540053,A
21244,5014.0599999999995,75,BLUE  SPOTTY PLATE ,0.9375,0.6871234359713424,A
84937,5004.52,21,KASHMIR FOLKART TUMBLERS,0.2625,0.6875411484131735,A
21730,4987.25,50,GLASS STAR FROSTED T-LIGHT HOLDER,0.625,0.6879574193793246,A
22148,4984.55,40,EASTER CRAFT 4 CHICKS ,0.5,0.6883734649844834,A
22332,4980.74,75,SKULLS PARTY BAG + STICKER SET,0.9375,0.6887891925802421,A
22168,4974.43,66,"ORGANISER WOOD, ANTIQUE WHITE ",0.825,0.6892043934990151,A
21984,4965.2699999999995,74,PACK OF 12 PINK PAISLEY TISSUES ,0.925,0.6896188298597552,A
47599B,4936.79,70,BLUE PARTY BAGS ,0.875,0.6900308890793622,A
22942,4927.04,10,CHRISTMAS LIGHTS 10 SANTAS ,0.125,0.690442134495386,A
23202,4926.89,7,JUMBO BAG VINTAGE LEAF,0.0875,0.6908533673913547,A
22364,4915.35,63,GLASS JAR DIGESTIVE BISCUITS,0.7875,0.6912636370777492,A
22796,4911.599999999999,35,PHOTO FRAME 3 CLASSIC HANGING,0.4375,0.6916735937627655,A
22079,4876.44,78,RIBBON REEL HEARTS DESIGN ,0.975,0.6920806157468605,A
21876,4876.42,77,POTTERING MUG,0.9625,0.6924876360616148,A
20675,4855.17,78,BLUE SPOTTY BOWL,0.975,0.6928928827018931,A
21746,4849.52,74,SMALL RED SPOT  WINDMILL,0.925,0.6932976577534283,A
84030E,4823.24,40,ENGLISH ROSE HOT WATER BOTTLE,0.5,0.6937002392913056,A
85062,4812.87,77,PEARL CRYSTAL PUMPKIN T-LIGHT HLDR,0.9625,0.6941019552760386,A
40016,4803.92,73,CHINESE DRAGON PAPER LANTERNS,0.9125,0.6945029242308157,A
22185,4790.78,73,SLATE TILE NATURAL HANGING,0.9125,0.6949027964287641,A
22906,4787.49,37,12 MESSAGE CARDS WITH ENVELOPES,0.4625,0.6953023940201698,A
21737,4785.96,42,SET 3 WICKER LOG BASKETS,0.525,0.6957018639070134,A
21989,4765.2,75,PACK OF 20 SKULL PAPER NAPKINS,0.9375,0.6960996010182277,A
84971S,4762.36,77,SMALL HEART FLOWERS HOOK ,0.9625,0.6964971010830648,A
47559B,4720.85,74,TEA TIME OVEN GLOVE,0.925,0.6968911364313137,A
21587,4717.95,35,COSY HOUR GIANT TUBE MATCHES,0.4375,0.6972849297251635,A
22780,4700.11,29,LIGHT GARLAND BUTTERFILES PINK,0.3625,0.6976772339671239,A
85049E,4691.98,76,SCANDINAVIAN REDS RIBBONS,0.95,0.6980688596220964,A
22784,4690.29,32,LANTERN CREAM GAZEBO ,0.4,0.6984603442177811,A
22430,4683.83,55,ENAMEL WATERING CAN CREAM,0.6875,0.6988512896164252,A
21071,4625.28,76,VINTAGE BILLBOARD DRINK ME MUG,0.95,0.6992373480202188,A
22431,4624.46,66,WATERING CAN BLUE ELEPHANT,0.825,0.6996233379810443,A
21115,4623.83,76,ROSE CARAVAN DOORSTOP,0.95,0.7000092753576382,A
47502,4598.0,31,POLKADOT CUTLERY 24 PCS IN TRAY,0.3875,0.7003930567807397,A
21714,4597.38,72,CITRONELLA CANDLE GARDEN POT,0.9,0.70077678645428,A
85132A,4586.98,56,CHARLIE + LOLA BISCUITS TINS,0.7,0.701159648070665,A
21528,4581.84,74,DAIRY MAID TRADITIONAL TEAPOT ,0.925,0.7015420806664943,A
21981,4581.58,66,PACK OF 12 WOODLAND TISSUES ,0.825,0.7019244915608948,A
22443,4575.8,60,GROW YOUR OWN HERBS SET OF 3,0.75,0.7023064200158378,A
84270,4574.15,50,ASSTD DESIGN BUBBLE GUM RING,0.625,0.7026882107501743,A
22738,4573.74,23,RIBBON REEL SNOWY VILLAGE,0.2875,0.7030699672630268,A
22849,4573.53,33,"BREAD BIN, DINER STYLE, MINT",0.4125,0.7034517062478022,A
22947,4568.11,16,WOODEN ADVENT CALENDAR RED,0.2,0.7038329928412523,A
21500,4568.0,73,PINK SPOTS  WRAP ,0.9125,0.7042142702533287,A
21238,4567.48,78,RED SPOTTY CUP,0.975,0.7045955042625475,A
21107,4556.39,66,CREAM SLICE FLANNEL PINK SPOT ,0.825,0.7049758126223572,A
22353,4546.61,58,LUNCHBOX WITH CUTLERY FAIRY CAKES ,0.725,0.7053553046745727,A
21932,4544.12,66,SCANDINAVIAN PAISLEY PICNIC BAG,0.825,0.7057345888938732,A
47568,4543.92,36,ENGLISH ROSE DESIGN PEG BAG,0.45,0.7061138564197669,A
22460,4543.61,64,EMBOSSED GLASS TEALIGHT HOLDER,0.8,0.7064930980708799,A
21992,4528.57,77,VINTAGE PAISLEY STATIONERY SET,0.9625,0.7068710843777991,A
22725,4526.21,38,ALARM CLOCK BAKELIKE CHOCOLATE,0.475,0.7072488737025178,A
37446,4523.17,51,MINI CAKE STAND WITH HANGING CAKES,0.6375,0.7076264092874525,A
85014D,4514.0,13,PINK/BROWN DOTS RUFFLED UMBRELLA,0.1625,0.7080031794796839,A
22839,4502.83,34,"CAKE TIN, 3 TIER MINT/IVORY",0.425,0.7083790173451436,A
21497,4479.5,74,FANCY FONTS BIRTHDAY WRAP,0.925,0.7087529079246963,A
22196,4473.8099999999995,78,SMALL HEART MEASURING SPOONS,0.975,0.7091263235768245,A
22810,4471.2300000000005,18,SET OF 6 T-LIGHTS SNOWMEN,0.225,0.7094995238840046,A
21381,4469.35,77,MINI WOODEN HAPPY BIRTHDAY GARLAND,0.9625,0.7098725672731604,A
20682,4467.83,75,RED SPOTTY CHILDS UMBRELLA,0.9375,0.7102454837924242,A
22218,4458.76,46,CAKE STAND LACE WHITE,0.575,0.7106176432656882,A
21933,4456.03,66,PINK VINTAGE PAISLEY PICNIC BAG,0.825,0.7109895748739489,A
22966,4428.85,29,GINGERBREAD MAN COOKIE CUTTER,0.3625,0.7113592378482209,A
22550,4424.71,61,HOLIDAY FUN LUDO,0.7625,0.7117285552689716,A
84968B,4411.36,34,S/16 VINTAGE IVORY CUTLERY,0.425,0.712096758404816,A
20979,4409.76,77,36 PENCILS TUBE RED SPOTTY,0.9625,0.7124648279934057,A
21313,4409.57,71,GLASS HEART T-LIGHT HOLDER ,0.8875,0.7128328817232591,A
22945,4403.46,23,CHRISTMAS METAL TAGS ASSORTED ,0.2875,0.7132004254695337,A
21713,4401.22,68,CITRONELLA CANDLE FLOWERPOT,0.85,0.7135677822496517,A
22779,4391.62,30,WOODEN OWLS LIGHT GARLAND ,0.375,0.7139343377462416,A
84950,4377.18,66,ASSORTED COLOUR T-LIGHT HOLDER,0.825,0.7142996879788582,A
21078,4375.62,77,SET/20 STRAWBERRY PAPER NAPKINS ,0.9625,0.7146649080029015,A
22854,4363.900000000001,38,CREAM SWEETHEART EGG HOLDER,0.475,0.7150291497933043,A
22626,4352.78,57,BLACK KITCHEN SCALES,0.7125,0.7153924634302873,A
22926,4352.52,25,IVORY GIANT GARDEN THERMOMETER,0.3125,0.7157557553658412,A
22377,4339.11,71,BOTTLE BAG RETROSPOT ,0.8875,0.7161179280084671,A
22781,4338.17,34,GUMBALL MAGAZINE RACK,0.425,0.7164800221920808,A
22441,4322.34,60,GROW YOUR OWN BASIL IN ENAMEL MUG,0.75,0.7168407950925437,A
22412,4313.240000000001,69,METAL SIGN NEIGHBOURHOOD WITCH ,0.8625,0.7172008084429956,A
22115,4312.900000000001,75,METAL SIGN EMPIRE TEA,0.9375,0.7175607934146561,A
22432,4310.7699999999995,68,WATERING CAN PINK BUNNY,0.85,0.7179206006015335,A
22741,4302.7,35,FUNKY DIVA PEN,0.4375,0.7182797342094454,A
23173,4301.92,6,REGENCY TEAPOT ROSES ,0.075,0.7186388027130705,A
22845,4300.82,35,VINTAGE CREAM CAT FOOD CONTAINER,0.4375,0.7189977794029582,A
15044B,4293.09,60,BLUE PAPER PARASOL ,0.75,0.7193561108926716,A
72802C,4292.42,68,VANILLA SCENT CANDLE JEWELLED BOX,0.85,0.7197143864594722,A
85038,4273.72,67,6 CHOCOLATE LOVE HEART T-LIGHTS,0.8375,0.7200711011927339,A
37500,4259.349999999999,62,TEA TIME TEAPOT IN GIFT BOX,0.775,0.7204266165047145,A
22222,4254.36,75,CAKE PLATE LOVEBIRD WHITE,0.9375,0.7207817153161946,A
21874,4252.44,78,GIN AND TONIC MUG,0.975,0.7211366538709693,A
22763,4251.37,30,KEY CABINET MA CAMPAGNE,0.375,0.7214915031160172,A
22361,4250.34,63,GLASS JAR DAISY FRESH COTTON WOOL,0.7875,0.7218462663900199,A
21896,4249.1900000000005,73,POTTING SHED TWINE,0.9125,0.7222009336769335,A
21900,4246.06,77,"KEY FOB , SHED",0.9625,0.7225553397120301,A
22563,4238.81,64,HAPPY STENCIL CRAFT,0.8,0.722909140611129,A
22813,4229.84,38,PACK 3 BOXES BIRD PANNETONE ,0.475,0.7232621928109314,A
85061W,4229.54,74,WHITE JEWELLED HEART DECORATION,0.925,0.7236152199706235,A
22156,4212.99,78,HEART DECORATION WITH PEARLS ,0.975,0.7239668657509002,A
21700,4201.74,77,BIG DOUGHNUT FRIDGE MAGNETS,0.9625,0.7243175725270425,A
21491,4190.11,23,SET OF THREE VINTAGE GIFT WRAPS,0.2875,0.7246673085815774,A
21832,4185.23,70,CHOCOLATE CALCULATOR,0.875,0.7250166373169856,A
21143,4182.78,36,ANTIQUE GLASS HEART DECORATION ,0.45,0.72536576155816,A
22938,4167.37,38,CUPCAKE LACE PAPER SET 6,0.475,0.7257135995723379,A
21499,4166.34,72,BLUE SPOTS  WRAP,0.9,0.7260613516154707,A
22029,4162.47,76,SPACE BOY BIRTHDAY CARD,0.95,0.7264087806411813,A
22119,4141.74,60, PEACE WOODEN BLOCK LETTERS,0.75,0.7267544793952736,A
22798,4141.67,34,ANTIQUE GLASS DRESSING TABLE POT,0.425,0.7271001723066735,A
23209,4128.13,7,LUNCH BAG DOILEY PATTERN ,0.0875,0.7274447350744307,A
21240,4110.35,77,BLUE  SPOTTY CUP,0.9625,0.7277878137983205,A
21787,4096.57,60,RAIN PONCHO WITH RED SPOTS,0.75,0.7281297423464794,A
21588,4093.35,58,RETRO SPOT GIANT  TUBE MATCHES,0.725,0.7284714021307882,A
21591,4085.6900000000005,51,COSY HOUR CIGAR BOX MATCHES ,0.6375,0.7288124225576154,A
22144,4084.36,23,CHRISTMAS CRAFT LITTLE FRIENDS,0.2875,0.729153331973287,A
85049A,4079.43,59,TRADITIONAL CHRISTMAS RIBBONS,0.7375,0.7294938298964804,A
21563,4053.8,75,RED HEART SHAPE LOVE BUCKET ,0.9375,0.729832188559588,A
22809,4048.7900000000004,15,SET OF 6 T-LIGHTS SANTA,0.1875,0.7301701290528543,A
35832,4036.4000000000005,20,WOOLLY HAT SOCK GLOVE ADVENT STRING,0.25,0.7305070353895674,A
22493,4032.6999999999994,58,PAINT YOUR OWN CANVAS SET,0.725,0.7308436328982539,A
22291,4025.68,52,"SPRING DEC , HANGING CHICK CREAM",0.65,0.7311796444683607,A
84968A,4016.13,54,S/16 VINTAGE ROSE CUTLERY,0.675,0.7315148589282913,A
22746,4015.6600000000003,38,POPPY'S PLAYHOUSE LIVINGROOM ,0.475,0.7318500341587157,A
72756,4010.58,6,FAIRY CAKE CANDLES,0.075,0.7321847853766066,A
22631,4008.6099999999997,51,CIRCUS PARADE LUNCHBOX ,0.6375,0.7325193721644402,A
21112,4003.05,59,"SWISS ROLL TOWEL, PINK  SPOTS",0.7375,0.7328534948755637,A
22378,3996.92,69,WALL TIDY RETROSPOT ,0.8625,0.7331871059337679,A
22772,3989.7,35,PINK DRAWER KNOB ACRYLIC EDWARDIAN,0.4375,0.7335201143599853,A
23134,3988.42,9,LARGE ZINC HEART WALL ORGANISER,0.1125,0.733853015948399,A
79341,3980.17,18,WILLOW BRANCH LIGHTS.,0.225,0.7341852289337808,A
21988,3979.68,72,PACK OF 6 SKULL PAPER PLATES,0.9,0.7345174010203159,A
22131,3971.85,77,FOOD CONTAINER SET 3 LOVE HEART ,0.9625,0.7348489195599734,A
21584,3953.3999999999996,65,RETRO SPOT SMALL TUBE MATCHES,0.8125,0.7351788981328506,A
22078,3948.37,68,RIBBON REEL LACE DESIGN ,0.85,0.7355084568665459,A
22053,3939.5699999999997,45,EMPIRE DESIGN ROSETTE,0.5625,0.7358372810903405,A
37495,3923.77,67,FAIRY CAKE BIRTHDAY CANDLE SET,0.8375,0.7361647865349953,A
22329,3921.1599999999994,72,ROUND CONTAINER SET OF 5 RETROSPOT,0.9,0.736492074130691,A
21494,3912.16,65,ROTATING LEAVES T-LIGHT HOLDER,0.8125,0.7368186105230791,A
84509A,3906.59,77,ENGLISH ROSE PLACEMATS,0.9625,0.7371446820040869,A
85184C,3899.48,65,S/4 VALENTINE DECOUPAGE HEART BOX,0.8125,0.7374701600344818,A
20966,3897.68,66,SANDWICH BATH SPONGE,0.825,0.7377954878242151,A
22739,3897.21,26,"RIBBON REEL, XMAS SOCK/BAUBLE",0.325,0.7381207763844425,A
20751,3890.34,76,FUNKY WASHING UP GLOVES ASSORTED,0.95,0.7384454915261451,A
22790,3884.0000000000005,1,"MIRROR, ARCHED GEORGIAN",0.0125,0.7387696774868511,A
21201,3880.99,75,TROPICAL  HONEYCOMB PAPER GARLAND ,0.9375,0.7390936122117843,A
21986,3879.7799999999997,76,PACK OF 12 PINK SPOT TISSUES ,0.95,0.739417445941606,A
21592,3872.83,73,RETRO SPOT  CIGAR BOX MATCHES ,0.9125,0.7397406995755402,A
21474,3870.2999999999997,27,SWEETHEART CREAM STEEL FOLDIN BENCH,0.3375,0.7400637420378782,A
21239,3862.27,77,PINK  SPOTTY CUP,0.9625,0.7403861142599316,A
22612,3858.6299999999997,24,TEA COSY VINTAGE UNION JACK,0.3,0.7407081826619809,A
21069,3853.69,72,VINTAGE BILLBOARD TEA MUG,0.9,0.7410298387368812,A
22442,3849.9799999999996,46,GROW YOUR OWN FLOWERS SET OF 3,0.575,0.7413511851490848,A
21878,3847.96,60,PACK OF 6 SANDCASTLE FLAGS ASSORTED,0.75,0.7416723629578794,A
21534,3834.1000000000004,76,DAIRY MAID LARGE MILK JUG,0.95,0.7419923839135805,A
84796B,3833.9500000000003,33,BLUE SAVANNAH PICNIC HAMPER FOR 2,0.4125,0.7423123923492263,A
22435,3799.05,61,SET OF 9 HEART SHAPED BALLOONS,0.7625,0.7426294877853797,A
22660,3797.66,45,DOORMAT I LOVE LONDON,0.5625,0.7429464672023557,A
22311,3784.77,61,OFFICE MUG WARMER BLACK+SILVER ,0.7625,0.7432623707292613,A
84016,3776.13,21,FLAG OF ST GEORGE CAR FLAG,0.2625,0.7435775531009916,A
21911,3770.89,63,GARDEN METAL SIGN ,0.7875,0.743892298105463,A
22187,3768.09,28,GREEN CHRISTMAS TREE CARD HOLDER,0.35,0.7442068094022386,A
22611,3760.65,49,VINTAGE UNION JACK SHOPPING BAG,0.6125,0.74452069970428,A
22433,3750.1899999999996,65,WATERING CAN GREEN DINOSAUR,0.8125,0.7448337169411441,A
21743,3748.21,46,STAR PORTABLE TABLE LIGHT ,0.575,0.7451465689132805,A
47580,3738.25,70,TEA TIME DES TEA COSY,0.875,0.7454585895537565,A
22030,3730.12,78,SWALLOWS GREETING CARD,0.975,0.7457699316072448,A
22045,3724.14,73,SPACE BOY GIFT WRAP,0.9125,0.7460807745278688,A
20967,3714.41,66,GREY FLORAL FELTCRAFT SHOULDER BAG,0.825,0.7463908053142504,A
22458,3711.2999999999997,49,CAST IRON HOOK GARDEN FORK,0.6125,0.7467005765181557,A
85206A,3707.3599999999997,32,CREAM FELT EASTER EGG BASKET,0.4,0.7470100188619463,A
84832,3705.67,78,ZINC WILLIE WINKIE  CANDLE STICK,0.975,0.7473193201464492,A
22318,3701.1500000000005,71,FIVE HEART HANGING DECORATION,0.8875,0.7476282441599577,A
22359,3700.3999999999996,51,GLASS JAR KINGS CHOICE,0.6375,0.7479371055731905,A
21718,3695.0299999999997,71,RED METAL BEACH SPADE ,0.8875,0.7482455187684498,A
35961,3694.4599999999996,77,FOLKART ZINC HEART CHRISTMAS DEC,0.9625,0.7485538843874998,A
22583,3687.75,60,PACK OF 6 HANDBAG GIFT BOXES,0.75,0.7488616899427504,A
21916,3684.39,78,SET 12 RETRO WHITE CHALK STICKS,0.975,0.7491692150487663,A
22788,3675.41,32,BROCANTE COAT RACK,0.4,0.7494759906208153,A
22227,3673.46,78,"DECORATION, HANGING HEART+MIRROR ",0.975,0.7497826034321478,A
72807B,3669.7799999999997,64,SET/3 OCEAN SCENT CANDLE JEWEL BOX,0.8,0.7500889090847943,A
21795,3632.9400000000005,29,SET OF 3 BLUE STRIPE BASKET,0.3625,0.7503921398119022,A
20785,3632.4,26,FUSCHIA RETRO BAR STOOL,0.325,0.7506953254668117,A
22080,3630.39,58,RIBBON REEL SPOTS DESIGN ,0.725,0.7509983433529825,A
22451,3629.1400000000003,48,SILK PURSE RUSSIAN DOLL RED,0.6,0.7513012569053606,A
21207,3625.0699999999997,65,SKULL AND CROSSBONES  GARLAND ,0.8125,0.7516038307469097,A
21561,3622.3799999999997,76,DINOSAUR LUNCHBOX WITH CUTLERY,0.95,0.7519061800621368,A
22202,3619.28,63,MILK PAN PINK RETROSPOT,0.7875,0.752208270629558,A
22200,3618.34,71,FRYING PAN PINK POLKADOT ,0.8875,0.752510282737967,A
21067,3617.86,74,VINTAGE RED TEATIME MUG,0.925,0.7528122547821997,A
22602,3605.64,47,CHRISTMAS RETROSPOT HEART WOOD,0.5875,0.7531132068592749,A
84968D,3605.17,32,S/16 VINTAGE RED CUTLERY,0.4,0.7534141197068439,A
21349,3604.6,26,IVY HEART WREATH,0.325,0.7537149849782036,A
22610,3604.2599999999998,53,PENS ASSORTED FUNNY FACE,0.6625,0.7540158218707714,A
22765,3603.65,10,NEWSPAPER STAND,0.125,0.7543166078484487,A
21495,3583.3,75,SKULLS WRAP,0.9375,0.7546156952719806,A
21864,3577.36,75,UNION JACK FLAG PASSPORT COVER ,0.9375,0.7549142869013294,A
70006,3559.23,46,LOVE HEART POCKET WARMER,0.575,0.7552113652733489,A
21068,3559.0099999999998,73,VINTAGE BILLBOARD LOVE/HATE MUG,0.9125,0.7555084252826207,A
79320,3552.02,40, FLAMINGO LIGHTS,0.5,0.7558049018573239,A
22278,3546.61,73,OVERNIGHT BAG VINTAGE ROSE PAISLEY,0.9125,0.756100926875372,A
85040B,3538.5399999999995,64,SET/4 BLUE FLOWER CANDLES IN BOWL,0.8,0.7563962783144544,A
21903,3537.3300000000004,74,MAN FLU METAL SIGN,0.925,0.7566915287584256,A
22971,3536.13,26,QUEENS GUARD COFFEE MUG,0.325,0.7569866790419558,A
20786,3533.9,18,BLACK RETRO BAR STOOL,0.225,0.7572816431939999,A
20961,3531.37,74,STRAWBERRY BATH SPONGE ,0.925,0.7575763961744474,A
21872,3522.86,68,GLAMOROUS  MUG,0.85,0.757870438850434,A
22841,3519.48,35,ROUND CAKE TIN VINTAGE GREEN,0.4375,0.7581641994078454,A
20963,3517.85,77,APPLE BATH SPONGE,0.9625,0.758457823913991,A
21556,3514.81,65,CERAMIC STRAWBERRY MONEY BOX,0.8125,0.7587511946803527,A
22848,3510.83,34,BREAD BIN DINER STYLE PINK,0.425,0.7590442332479185,A
22199,3510.16,71,FRYING PAN RED POLKADOT ,0.8875,0.7593372158925713,A
23207,3508.81,10,LUNCH BAG ALPHABET DESIGN,0.125,0.7596300858567281,A
22689,3508.27,26,DOORMAT MERRY CHRISTMAS RED ,0.325,0.7599229107486863,A
72807A,3495.03,61,SET/3 ROSE CANDLE IN JEWELLED BOX,0.7625,0.7602146305371121,A
20784,3492.65,23,RED RETRO BAR STOOL,0.2875,0.7605061516739967,A
22454,3489.29,44,MEASURING TAPE RUSSIAN DOLL RED,0.55,0.7607973923616465,A
21918,3487.7799999999997,77,SET 12 KIDS COLOUR  CHALK STICKS,0.9625,0.7610885070140746,A
21590,3483.5,47,KINGS CHOICE CIGAR BOX MATCHES ,0.5875,0.7613792644275965,A
21901,3472.3300000000004,77,"KEY FOB , BACK DOOR ",0.9625,0.7616690895143469,A
37447,3466.0699999999997,74,CERAMIC CAKE DESIGN SPOTTED PLATE,0.925,0.7619583920974632,A
22057,3465.31,65,CERAMIC PLATE STRAWBERRY DESIGN,0.8125,0.7622476312456338,A
84598,3457.2599999999998,65,BOYS ALPHABET IRON ON PATCHES,0.8125,0.7625361984841791,A
22489,3453.31,59,PACK OF 12 TRADITIONAL CRAYONS,0.7375,0.7628244360279396,A
22162,3439.6200000000003,58,HEART GARLAND RUSTIC PADDED,0.725,0.7631115309080022,A
82581,3438.7000000000003,78,TOILET METAL SIGN,0.975,0.7633985489983933,A
22691,3431.46,41,DOORMAT WELCOME SUNRISE,0.5125,0.7636849627874573,A
84968E,3431.0,43,S/16 VINTAGE BLACK CUTLERY,0.5375,0.7639713381816855,A
46000S,3426.35,73,POLYESTER FILLER PAD 40x40cm,0.9125,0.7642573254542048,A
22276,3425.69,72,WASH BAG VINTAGE ROSE PAISLEY,0.9,0.7645432576384814,A
21609,3420.8500000000004,67,SET 12 LAVENDER  BOTANICAL T-LIGHTS,0.8375,0.7648287858423127,A
22476,3413.54,60,EMPIRE UNION JACK TV DINNER TRAY,0.75,0.7651137039021243,A
22284,3400.74,71,HEN HOUSE DECORATION,0.8875,0.7653975535838985,A
21153,3397.69,32,RED SPOTTY TABLECLOTH ,0.4,0.7656811486912185,A
22737,3388.62,24,RIBBON REEL CHRISTMAS PRESENT ,0.3,0.7659639867525386,A
22426,3387.23,55,ENAMEL WASH BOWL CREAM,0.6875,0.7662467087946813,A
21614,3381.92,54,SET OF 12 ROSE BOTANICAL T-LIGHTS,0.675,0.7665289876268725,A
21846,3381.81,64,PINK DIAMANTE PEN IN GIFT BOX,0.8,0.7668112572776901,A
21506,3381.25,77,"FANCY FONT BIRTHDAY CARD, ",0.9625,0.7670934801869683,A
22800,3368.66,33,ANTIQUE TALL SWIRLGLASS TRINKET POT,0.4125,0.7673746522462865,A
21355,3368.11,62,TOAST ITS - I LOVE YOU ,0.775,0.7676557783987359,A
21472,3365.1,67,LADYBIRD + BEE RAFFIA FOOD COVER,0.8375,0.7679366533154124,A
21544,3360.4199999999996,72,SKULLS  WATER TRANSFER TATTOOS ,0.9,0.768217137606369,A
22769,3356.68,12,CHALKBOARD KITCHEN ORGANISER,0.15,0.7684973097306178,A
15044D,3347.4700000000003,62,RED PAPER PARASOL,0.775,0.768776713123482,A
22896,3344.5699999999997,38,PEG BAG APPLE DESIGN,0.475,0.7690558744619471,A
22604,3344.2200000000003,41,SET OF 4 NAPKIN CHARMS CUTLERY,0.5125,0.7693350065869503,A
21679,3339.16,71,SKULLS  STICKERS,0.8875,0.7696137163687605,A
44230,3325.9700000000003,24,SQUARE MIRROR CURTAIN,0.3,0.7698913252203902,A
21703,3324.9,77,BAG 125g SWIRLY MARBLES,0.9625,0.7701688447622932,A
22183,3322.73,57,CAKE STAND VICTORIAN FILIGREE MED,0.7125,0.7704461831807321,A
21351,3320.87,19,CINAMMON & ORANGE WREATH,0.2375,0.7707233663504873,A
21486,3319.74,42,PINK HEART DOTS HOT WATER BOTTLE,0.525,0.771000455202494,A
22751,3318.79,40,FELTCRAFT PRINCESS OLIVIA DOLL,0.5,0.7712774647608182,A
21100,3311.2,59,CHARLIE AND LOLA CHARLOTTE BAG,0.7375,0.771553840804353,A
22244,3310.0699999999997,67,"HOOK, 3 HANGER ,MAGIC GARDEN",0.8375,0.7718301225301394,A
20978,3309.14,76,36 PENCILS TUBE SKULLS,0.95,0.772106326631584,A
35924,3304.47,57,HANGING FAIRY CAKE DECORATION,0.7125,0.772382140941979,A
21899,3298.2700000000004,77,"KEY FOB , GARAGE DESIGN",0.9625,0.772657437756762,A
10135,3293.02,68,COLOURING PENCILS BROWN TUBE,0.85,0.7729322963696157,A
18097C,3291.17,63,WHITE TALL PORCELAIN T-LIGHT HOLDER,0.7875,0.7732070005684563,A
21471,3288.83,62,STRAWBERRY RAFFIA FOOD COVER,0.775,0.7734815094544368,A
22764,3286.89,9,"RUSTIC WOODEN CABINET, GLASS DOORS",0.1125,0.7737558564143712,A
22577,3286.54,40,WOODEN HEART CHRISTMAS SCANDINAVIAN,0.5,0.7740301741608435,A
84031A,3278.0,51,CHARLIE+LOLA RED HOT WATER BOTTLE ,0.6375,0.7743037790988441,A
20983,3264.27,76,12 PENCILS TALL TUBE RED SPOTTY,0.95,0.7745762380344654,A
21364,3258.11,46,PEACE SMALL WOOD LETTERS,0.575,0.7748481828131564,A
71038,3252.55,59,WHITE HANGING BEADS CANDLE HOLDER,0.7375,0.7751196635151374,A
84797A,3251.0,9,PINK HAWAIIAN PICNIC HAMPER FOR 4,0.1125,0.7753910148432155,A
22127,3250.71,56,PARTY CONES CARNIVAL ASSORTED,0.7,0.7756623419658536,A
21866,3248.93,76,UNION JACK FLAG LUGGAGE TAG,0.95,0.7759335205171709,A
22459,3238.23,51,CAST IRON HOOK GARDEN TROWEL,0.6375,0.7762038059712226,A
22437,3237.94,60,SET OF 9 BLACK SKULL BALLOONS,0.75,0.7764740672198345,A
22335,3232.8700000000003,76,HEART DECORATION PAINTED ZINC ,0.95,0.7767439052905829,A
22534,3231.52,64,MAGIC DRAWING SLATE SPACEBOY ,0.8,0.7770136306808354,A
85178,3231.33,67,VICTORIAN SEWING KIT,0.8375,0.7772833402123513,A
21707,3230.59,50,"FOLDING UMBRELLA , BLACK/BLUE  SPOT",0.625,0.777552987978262,A
84997b,3225.17,36,RED 3 PIECE MINI DOTS CUTLERY SET,0.45,0.7778221833528475,A
21109,3224.23,58,"LARGE CAKE TOWEL, CHOCOLATE SPOTS",0.725,0.7780913002684209,A
16161P,3222.4,64,WRAP ENGLISH ROSE ,0.8,0.7783602644393218,A
84472,3218.52,16,PINK AND LILAC QUILTED THROW ,0.2,0.7786289047581301,A
22895,3217.3,37,SET OF 2 TEA TOWELS APPLE AND PEARS,0.4625,0.7788974432471567,A
22125,3209.34,14,UNION JACK HOT WATER BOTTLE ,0.175,0.7791653173385913,A
22118,3203.11,50,JOY WOODEN BLOCK LETTERS,0.625,0.7794326714304031,A
22592,3201.69,23,CARDHOLDER HOLLY WREATH METAL,0.2875,0.7796999069990262,A
72349B,3195.8700000000003,69,SET/6 PURPLE BUTTERFLY T-LIGHTS,0.8625,0.7799666567895105,A
22491,3190.33,58,PACK OF 12 COLOURED PENCILS,0.725,0.7802329441726257,A
21706,3188.04,60,"FOLDING UMBRELLA , RED/WHITE SPOT",0.75,0.7804990404162324,A
85132C,3187.07,51,CHARLIE AND LOLA FIGURES TINS,0.6375,0.7807650556968162,A
22801,3186.93,34,ANTIQUE GLASS PEDESTAL BOWL,0.425,0.7810310592920151,A
15039,3178.22,67,SANDALWOOD FAN,0.8375,0.7812963358893464,A
22504,3172.74,29,CABIN BAG VINTAGE RETROSPOT,0.3625,0.7815611550873306,A
22571,3171.14,27,ROCKING HORSE RED CHRISTMAS ,0.3375,0.78182584073806,A
22461,3169.5299999999997,52,SAVOY ART DECO CLOCK,0.65,0.7820903920068645,A
21328,3165.22,75,BALLOONS  WRITING SET ,0.9375,0.7823545835327517,A
22299,3161.19,51,PIG KEYRING WITH LIGHT & SOUND ,0.6375,0.7826184386864911,A
21447,3158.47,76,12 IVORY ROSE PEG PLACE SETTINGS,0.95,0.7828820668098977,A
22862,3156.26,19,LOVE HEART NAPKIN BOX ,0.2375,0.7831455104711587,A
18098C,3154.51,58,PORCELAIN BUTTERFLY OIL BURNER,0.725,0.7834088080651098,A
22672,3154.24,42,FRENCH BATHROOM SIGN BLUE METAL,0.525,0.7836720831229619,A
22141,3149.57,16,CHRISTMAS CRAFT TREE TOP ANGEL,0.2,0.7839349683897644,A
23200,3141.5,7,JUMBO BAG PEARS,0.0875,0.7841971800776011,A
22851,3141.43,43,SET 20 NAPKINS FAIRY CAKES DESIGN ,0.5375,0.7844593859227453,A
22907,3135.6699999999996,39,PACK OF 20 NAPKINS PANTRY DESIGN,0.4875,0.7847211109977729,A
21627,3130.58,54,ELEPHANT CARNIVAL POUFFE,0.675,0.7849824112255965,A
85123a,3117.2299999999996,28,WHITE HANGING HEART T-LIGHT HOLDER,0.35,0.785242597168514,A
22478,3110.96,63,BIRDHOUSE GARDEN MARKER ,0.7875,0.7855022597731273,A
22743,3109.8100000000004,40,MAKE YOUR OWN FLOWERPOWER CARD KIT,0.5,0.7857618263906513,A
22172,3109.42,33,METAL SHELF WITH RAIL ,0.4125,0.7860213604560319,A
22777,3098.4100000000003,22,GLASS CLOCHE LARGE,0.275,0.7862799755493664,A
22186,3092.51,34,RED STAR CARD HOLDER,0.425,0.7865380981871992,A
22374,3091.78,65,AIRLINE BAG VINTAGE JET SET RED,0.8125,0.786796159894097,A
21537,3078.29,69,RETRO SPOTS PUDDING BOWL,0.8625,0.787053095630704,A
79164,3077.39,44,BLACK WINE GLASS,0.55,0.7873099562469803,A
22281,3077.05,34,EASTER TREE YELLOW BIRDS,0.425,0.7875667884844649,A
22070,3070.8,64,SMALL RETRO SPOT MUG IN BOX  RED,0.8,0.7878230990529861,A
23208,3070.17,10,LUNCH BAG VINTAGE LEAF DESIGN,0.125,0.7880793570372756,A
84352,3056.0299999999997,27,SILVER CHRISTMAS TREE BAUBLE STAND ,0.3375,0.788334434797702,A
21012,3048.5,64,ANTIQUE ALL GLASS CANDLESTICK,0.8,0.7885888840513612,A
22107,3043.02,64,PIZZA PLATE IN BOX,0.8,0.788842875905673,A
21976,3040.9300000000003,78,PACK OF 60 MUSHROOM CAKE CASES,0.975,0.7890966933138835,A
22700,3040.36,37,BLACK AND WHITE DOG BOWL,0.4625,0.7893504631458845,A
21648,3033.41,57,ASSORTED TUTTI FRUTTI SMALL PURSE,0.7125,0.7896036528819981,A
22285,3031.7999999999997,64,"DECORATION HEN ON NEST, HANGING",0.8,0.7898567082361867,A
22242,3030.39,59,"HOOK, 5 HANGER , MAGIC TOADSTOOL",0.7375,0.7901096459018571,A
22593,3023.8199999999997,30,CHRISTMAS GINGHAM STAR,0.375,0.7903620351891131,A
22639,3020.5899999999997,44,SET OF 4 NAPKIN CHARMS HEARTS,0.55,0.7906141548778486,A
22582,3017.1299999999997,56,PACK OF 6 SWEETIE GIFT BOXES,0.7,0.7908659857706459,A
22203,3015.61,73,MILK PAN RED RETROSPOT,0.9125,0.7911176897935512,A
85114B,3010.3199999999997,64,IVORY ENCHANTED FOREST PLACEMAT,0.8,0.7913689522758459,A
84837,3004.96,33,WHITE SWEETHEARTS CABINET 4 DRAWERS,0.4125,0.7916197673748375,A
21470,2994.36,72,FLOWER VINE RAFFIA FOOD COVER,0.9,0.7918696977232668,A
22075,2987.0899999999997,50,6 RIBBONS ELEGANT CHRISTMAS ,0.625,0.7921190212663577,A
22128,2985.22,56,PARTY CONES CANDY ASSORTED,0.7,0.7923681887260948,A
21452,2983.9,65,TOADSTOOL MONEY BOX,0.8125,0.7926172460093468,A
22564,2980.91,59,ALPHABET STENCIL CRAFT,0.7375,0.7928660537261666,A
20681,2976.22,62,PINK SPOTTY CHILDS UMBRELLA,0.775,0.7931144699825962,A
22509,2964.54,50,SEWING BOX RETROSPOT DESIGN ,0.625,0.7933619113440665,A
22425,2962.0600000000004,56,ENAMEL COLLANDER CREAM,0.7,0.7936091457072924,A
21064,2961.8,34,BOOM BOX SPEAKER BOYS,0.425,0.7938563583690892,A
22702,2961.2999999999997,37,BLACK AND WHITE CAT BOWL,0.4625,0.794103529297369,A
72802A,2959.62,58,ROSE SCENT CANDLE IN JEWELLED BOX,0.725,0.7943505600010313,A
22175,2957.1200000000003,73,PINK OWL SOFT TOY,0.9125,0.7945973820371082,A
22027,2954.58,76,TEA PARTY BIRTHDAY CARD,0.95,0.7948439920669184,A
22950,2952.7599999999998,12,36 DOILIES VINTAGE CHRISTMAS,0.15,0.7950904501867263,A
21845,2948.32,59,DAIRY MAID STRIPE MUG,0.7375,0.7953365377129026,A
20886,2937.21,72,BOX OF 9 PEBBLE CANDLES,0.9,0.7955816979203293,A
21765,2932.54,39,HANGING METAL BIRD BATH,0.4875,0.7958264683367063,A
84580,2930.67,72,MOUSE TOY WITH PINK T-SHIRT,0.9,0.7960710826697296,A
47505,2919.1600000000003,21,MINATURE COLOURED GARDENING SET,0.2625,0.7963147362971895,A
22440,2915.36,54,BALLOON WATER BOMB PACK OF 35,0.675,0.7965580727499195,A
22065,2912.56,35,CHRISTMAS PUDDING TRINKET POT ,0.4375,0.796801175494954,A
21732,2904.4500000000003,26,RED HANGING METAL STAR TLIGHT HLDR,0.325,0.7970436013223413,A
22304,2900.8399999999997,55,COFFEE MUG BLUE PAISLEY DESIGN,0.6875,0.7972857258337354,A
84969,2899.21,71,ASSORTED COLOUR SET 6 TEASPOONS,0.8875,0.7975277142938637,A
21830,2896.33,72,ASSORTED CREEPY CRAWLIES,0.9,0.7977694623689336,A
21034,2894.6499999999996,78,REX CASH+CARRY JUMBO SHOPPER,0.975,0.7980110702193861,A
22122,2894.2200000000003,35,SET OF 2 FANCY FONT TEA TOWELS,0.4375,0.798252642179014,A
85049G,2879.31,67,CHOCOLATE BOX RIBBONS ,0.8375,0.7984929696451624,A
22272,2877.4900000000002,65,FELTCRAFT DOLL MARIA,0.8125,0.7987331452013087,A
22177,2870.81,21,5 HOOK BLACKBOARD ORGANISER ,0.2625,0.7989727631976666,A
16161U,2869.92,74,"WRAP,SUKI AND FRIENDS",0.925,0.7992123069083642,A
20973,2863.67,63,12 PENCIL SMALL TUBE WOODLAND,0.7875,0.7994513289500982,A
21333,2861.7000000000003,60,CLASSIC WHITE FRAME,0.75,0.7996901865617748,A
21626,2861.37,62,VINTAGE UNION JACK PENNANT,0.775,0.7999290166293301,A
23170,2859.7699999999995,6,REGENCY TEA PLATE ROSES ,0.075,0.8001677131496309,B
22628,2859.7400000000002,48,PICNIC BOXES SET OF 3 RETROSPOT ,0.6,0.8004064071659206,B
22732,2858.43,21,3D VINTAGE CHRISTMAS STICKERS ,0.2625,0.8006449918403955,B
35001W,2856.08,45,HAND OPEN SHAPE DECO.WHITE,0.5625,0.8008833803673402,B
22477,2855.7999999999997,58,WATERING CAN GARDEN MARKER,0.725,0.8011217455235153,B
22978,2838.04,18,PANTRY ROLLING PIN,0.225,0.8013586283051636,B
22548,2833.2,61,HEADS AND TAILS SPORTING FUN,0.7625,0.8015951071063664,B
82494l,2832.61,26,WOODEN FRAME ANTIQUE WHITE ,0.325,0.8018315366620191,B
22166,2832.22,60,"WALL MIRROR , RECT DIAMANTE, PINK/",0.75,0.8020679336655286,B
22406,2827.31,53,MONEY BOX KINGS CHOICE DESIGN,0.6625,0.8023039208459003,B
22475,2827.21,58,SKULL DESIGN TV DINNER TRAY,0.725,0.8025398996795686,B
22957,2825.2500000000005,15,SET 3 PAPER VINTAGE CHICK PAPER EGG,0.1875,0.8027757149178499,B
22797,2819.79,31,CHEST OF DRAWERS GINGHAM HEART ,0.3875,0.8030110744261246,B
22778,2817.4,30,GLASS CLOCHE SMALL,0.375,0.8032462344481878,B
21272,2816.28,75,SALLE DE BAIN HOOK,0.9375,0.8034813009871725,B
22562,2816.03,62,MONSTERS STENCIL CRAFT,0.775,0.8037163466593987,B
22898,2815.41,37,CHILDRENS APRON APPLE DESIGN,0.4625,0.8039513405820637,B
21473,2813.16,37,SWEETHEART CREAM STEEL TABLE RECT,0.4625,0.804186146703902,B
23078,2809.79,13,ICE CREAM PEN LIP GLOSS ,0.1625,0.8044206715418349,B
72802B,2805.79,62,OCEAN SCENT CANDLE IN JEWELLED BOX,0.775,0.8046548625116313,B
46000M,2802.4,72,POLYESTER FILLER PAD 45x45cm,0.9,0.8048887705281819,B
85040A,2801.2999999999997,76,S/4 PINK FLOWER CANDLES IN BOWL,0.95,0.8051225867309949,B
21324,2783.77,60,HANGING MEDINA LANTERN SMALL,0.75,0.8053549397566989,B
22774,2781.89,29,RED DRAWER KNOB ACRYLIC EDWARDIAN,0.3625,0.8055871358643788,B
22223,2777.21,62,CAKE PLATE LOVEBIRD PINK,0.775,0.8058189413463387,B
21728,2773.11,21,METAL MEDINA LANTERN ,0.2625,0.8060504046134584,B
22760,2770.19,32,"TRAY, BREAKFAST IN BED",0.4,0.8062816241568385,B
22744,2765.65,39,MAKE YOUR OWN MONSOON CARD KIT,0.4875,0.8065124647598834,B
21564,2762.1400000000003,73,PINK  HEART SHAPE LOVE BUCKET ,0.9125,0.8067430123936384,B
23077,2760.11,13,DOUGHNUT LIP GLOSS ,0.1625,0.806973390589314,B
22245,2758.8199999999997,72,"HOOK, 1 HANGER ,MAGIC GARDEN",0.9,0.8072036611125156,B
21784,2748.43,62,SHOE SHINE BOX ,0.775,0.8074330644132321,B
22574,2748.2799999999997,31,HEART WOODEN CHRISTMAS DECORATION,0.3875,0.8076624551938935,B
84909A,2746.55,7,PINK PAISLEY QUILT ,0.0875,0.8078917015765859,B
22483,2745.51,62,RED GINGHAM TEDDY BEAR ,0.775,0.8081208611535626,B
85184D,2742.6499999999996,30,S/4 BLUE ROUND DECOUPAGE BOXES,0.375,0.8083497820148218,B
22661,2735.55,46,CHARLOTTE BAG DOLLY GIRL DESIGN,0.575,0.8085781102601383,B
23052,2734.63,16,RECYCLED ACAPULCO MAT TURQUOISE,0.2,0.8088063617157834,B
22497,2720.26,66,SET OF 2 TINS VINTAGE BATHROOM ,0.825,0.8090334137501475,B
21796,2705.69,29,SET OF 3 RED STRIPE BASKETS,0.3625,0.8092592496698237,B
21717,2702.7999999999997,38,EASTER TIN BUCKET,0.475,0.8094848443697712,B
22536,2702.75,58,MAGIC DRAWING SLATE PURDEY,0.725,0.809710434896367,B
22341,2700.5099999999998,71,LOVE GARLAND PAINTED ZINC ,0.8875,0.8099358384568063,B
22775,2692.35,34,PURPLE DRAWERKNOB ACRYLIC EDWARDIAN,0.425,0.8101605609262467,B
22519,2676.03,56,CHILDS GARDEN BRUSH PINK,0.7,0.8103839212136894,B
21191,2662.61,46,LARGE WHITE HONEYCOMB PAPER BELL  ,0.575,0.8106061613735337,B
20674,2659.46,74,GREEN SPOTTY BOWL,0.925,0.8108281386122205,B
22594,2657.89,31,CHRISTMAS GINGHAM TREE,0.3875,0.8110499848076635,B
22292,2647.77,56,"SPRING DEC , HANGING CHICK  YELLOW",0.7,0.8112709863167208,B
84968F,2647.04,41,S/16 VINTAGE SKY BLUE CUTLERY,0.5125,0.8114919268948431,B
22782,2646.7,22,SET 3 WICKER STORAGE BASKETS ,0.275,0.8117128390941737,B
21812,2619.9500000000003,46,GARLAND WITH HEARTS AND BELLS,0.575,0.8119315185503403,B
22184,2619.81,44,CAKE STAND VICTORIAN FILIGREE LARGE,0.55,0.8121501863211223,B
22518,2619.65,54,CHILDS GARDEN BRUSH BLUE,0.675,0.8123688407371789,B
22071,2618.25,61,SMALL RETRO SPOT MUG IN BOX  WHITE,0.7625,0.8125873782993875,B
84795C,2617.44,28,OCEAN STRIPE HAMMOCK ,0.35,0.8128058482532984,B
22305,2612.96,58,COFFEE MUG PINK PAISLEY DESIGN,0.725,0.8130239442748964,B
84558A,2608.05,52,3D DOG PICTURE PLAYING CARDS,0.65,0.8132416304733566,B
22194,2607.64,66,BLACK DINER WALL CLOCK,0.825,0.8134592824503328,B
22578,2605.63,24,WOODEN STAR CHRISTMAS SCANDINAVIAN,0.3,0.8136767666585704,B
84596B,2600.73,74,SMALL DOLLY MIX DESIGN ORANGE BOWL,0.925,0.8138938418783404,B
84849B,2593.83,73,FAIRY SOAP SOAP HOLDER,0.9125,0.8141103411755747,B
22428,2593.33,53,ENAMEL FIRE BUCKET CREAM,0.6625,0.8143267987392919,B
22989,2592.26,20,SET 2 PANTRY DESIGN TEA TOWELS,0.25,0.8145431669932824,B
21993,2587.76,69,FLORAL FOLK STATIONERY SET,0.8625,0.8147591596456194,B
21923,2581.69,27,RED/CREAM STRIPE FRINGE HAMMOCK,0.3375,0.8149746456530588,B
22723,2580.15,26,SET OF 6 HERB TINS SKETCHBOOK,0.325,0.8151900031212657,B
21179,2577.67,73,NO JUNK MAIL METAL SIGN,0.9125,0.8154051535912279,B
20982,2577.33,74,12 PENCILS TALL TUBE SKULLS,0.925,0.8156202756823984,B
21987,2570.4,72,PACK OF 6 SKULL PAPER CUPS,0.9,0.8158348193470222,B
23076,2562.1,13,ICE CREAM SUNDAE LIP GLOSS,0.1625,0.8160486702352623,B
22747,2549.4100000000003,36,POPPY'S PLAYHOUSE BATHROOM,0.45,0.8162614619268388,B
22822,2547.9500000000003,31,CREAM WALL PLANTER HEART SHAPED,0.3875,0.8164741317565455,B
22807,2544.8100000000004,36,SET OF 6 T-LIGHTS TOADSTOOLS,0.45,0.8166865394997649,B
21192,2535.81,48,WHITE BELL HONEYCOMB PAPER ,0.6,0.8168981960396768,B
20787,2535.1,16,BLUE RETRO BAR STOOL,0.2,0.8171097933179945,B
23171,2533.7599999999998,6,REGENCY TEA PLATE GREEN ,0.075,0.8173212787504863,B
22600,2531.12,29,CHRISTMAS RETROSPOT STAR WOOD,0.3625,0.8175325438300078,B
79323GR,2530.54,18,GREEN CHERRY LIGHTS,0.225,0.8177437604986496,B
21557,2530.27,72,SET OF 6 FUNKY BEAKERS,0.9,0.8179549546311922,B
85132B,2528.15,35,CHARLIE AND LOLA TABLE TINS,0.4375,0.8181659718136224,B
21354,2523.52,52,TOAST ITS - BEST MUM,0.65,0.8183766025436843,B
21577,2523.2599999999998,71,SAVE THE PLANET COTTON TOTE BAG,0.8875,0.8185872115723174,B
15044C,2518.55,65,PURPLE PAPER PARASOL,0.8125,0.8187974274712196,B
22449,2516.77,52,SILK PURSE RUSSIAN DOLL PINK,0.65,0.819007494798801,B
21329,2515.74,77,DINOSAURS  WRITING SET ,0.9625,0.8192174761553371,B
22731,2513.16,17,3D CHRISTMAS STAMPS STICKERS ,0.2125,0.8194272421669251,B
22589,2511.98,22,CARDHOLDER GINGHAM STAR,0.275,0.8196369096874129,B
21902,2509.1400000000003,75,"KEY FOB , FRONT  DOOR ",0.9375,0.8198463401615236,B
82597,2508.5600000000004,45,BOMBS AWAY METAL SIGN,0.5625,0.8200557222247544,B
22653,2507.07,43,BUTTON BOX ,0.5375,0.8202649799221043,B
21469,2497.9,60,POLKA DOT RAFFIA FOOD COVER,0.75,0.820473472226751,B
84754,2497.4,37,S/15 SILVER GLASS BAUBLES IN BAG,0.4625,0.8206819227978805,B
21245,2492.37,74,GREEN  SPOTTY PLATE ,0.925,0.8208899535298282,B
23174,2487.94,6,REGENCY SUGAR BOWL GREEN,0.075,0.8210976145028144,B
22803,2483.44,12,IVORY EMBROIDERED QUILT ,0.15,0.8213048998741469,B
22347,2470.63,29,PIZZA SLICE DISH,0.3625,0.8215111160327718,B
22842,2467.04,35,BISCUIT TIN VINTAGE RED,0.4375,0.8217170325447439,B
21360,2459.11,45,JOY LARGE WOOD LETTERS,0.5625,0.8219222871631352,B
20977,2454.2799999999997,72,36 PENCILS TUBE WOODLAND,0.9,0.8221271386357514,B
21466,2450.4900000000002,67,RED FLOWER CROCHET FOOD COVER,0.8375,0.8223316737683081,B
22479,2444.75,53,DAISY GARDEN MARKER,0.6625,0.8225357298000887,B
21688,2442.2200000000003,56,SILVER PLATE CANDLE BOWL SMALL,0.7,0.8227395746602729,B
51014A,2438.58,63,"FEATHER PEN,HOT PINK",0.7875,0.8229431157004528,B
20692,2428.36,30,FLORAL ELEPHANT SOFT TOY,0.375,0.8231458037075433,B
21948,2424.23,70,SET OF 6 CAKE CHOPSTICKS,0.875,0.8233481469957828,B
22474,2419.87,57,SPACEBOY TV DINNER TRAY,0.7125,0.8235501263677534,B
15058B,2417.77,39,PINK WHITE SPOTS GARDEN PARASOL,0.4875,0.8237519304589521,B
21111,2410.36,53,"SWISS ROLL TOWEL, CHOCOLATE  SPOTS",0.6625,0.8239531160594276,B
22047,2408.0,66,EMPIRE GIFT WRAP,0.825,0.8241541046777026,B
21327,2407.2799999999997,76,SKULLS WRITING SET ,0.95,0.8243550331997129,B
21924,2405.71,34,BLUE/CREAM STRIPE FRINGE HAMMOCK,0.425,0.8245558306784797,B
21897,2405.2200000000003,40,POTTING SHED CANDLE CITRONELLA,0.5,0.8247565872583997,B
84356,2403.96,47,POMPOM CURTAIN,0.5875,0.8249572386698567,B
22823,2400.0,9,CHEST NATURAL WOOD 20 DRAWERS,0.1125,0.8251575595518583,B
21829,2398.14,76,DINOSAUR KEYRINGS ASSORTED,0.95,0.8253577251851765,B
22721,2395.69,26,SET OF 3 CAKE TINS SKETCHBOOK,0.325,0.8255576863242607,B
21054,2395.0499999999997,59,NURSE'S BAG SOFT TOY,0.7375,0.8257575940444434,B
23283,2392.48,8,DOORMAT VINTAGE LEAVES DESIGN ,0.1,0.825957287254348,B
21811,2391.59,55,CHRISTMAS HANGING HEART WITH BELL,0.6875,0.8261569061785924,B
21323,2386.99,26,HANGING MEDINA LANTERN LARGE,0.325,0.8263561411544794,B
84944,2379.82,32,SET OF 6 KASHMIR FOLKART BAUBLES,0.4,0.8265547776717316,B
90062,2374.11,47,CARNIVAL BRACELET,0.5875,0.8267529375922186,B
22894,2367.08,31,TABLECLOTH RED APPLES DESIGN ,0.3875,0.8269505107394555,B
20981,2367.02,73,12 PENCILS TALL TUBE WOODLAND,0.9125,0.8271480788786701,B
15058A,2366.5,38,BLUE WHITE SPOTS GARDEN PARASOL,0.475,0.8273456036150272,B
22293,2361.8199999999997,55,"SPRING DEC , HANGING CHICK  GREEN",0.6875,0.8275427377256643,B
22136,2353.68,71,LOVE HEART SOCK HANGER,0.8875,0.8277391924146433,B
37501,2353.39,64,TEA TIME TEA SET IN GIFT BOX,0.8,0.8279356228981825,B
85041,2350.84,25,SET/4 PINK ORCHID CANDLES IN BOWL,0.3125,0.8281318405407844,B
22525,2348.91,55,CHILDRENS GARDEN GLOVES PINK,0.6875,0.8283278970920105,B
22095,2347.96,54,LADS ONLY TISSUE BOX,0.675,0.8285238743495541,B
84509F,2347.35,27,NEW ENGLAND PLACEMATS,0.3375,0.8287198006922067,B
23108,2347.14,6,SET OF 10 LED DOLLY LIGHTS,0.075,0.8289157095067824,B
22794,2342.88,34,SWEETHEART WIRE MAGAZINE RACK,0.425,0.8291112627517924,B
21967,2341.73,67,PACK OF 12 SKULL TISSUES,0.8375,0.8293067200097132,B
21540,2339.55,34,DAIRY MAID CERAMIC BUTTER DISH,0.425,0.8295019953094994,B
21709,2339.51,43,FOLDING UMBRELLA  CHOC/WHITE  SPOT,0.5375,0.8296972672706042,B
22415,2337.3,49,WHITE TISSUE REAM,0.6125,0.8298923547695636,B
21055,2336.2599999999998,58,TOOL BOX SOFT TOY ,0.725,0.8300873554628074,B
22927,2335.93,30,GREEN GIANT GARDEN THERMOMETER,0.375,0.8302823286119299,B
21056,2334.33,61,DOCTOR'S BAG SOFT TOY,0.7625,0.8304771682137978,B
21274,2331.44,41,EMBOSSED HEART 3 DRAWER SHELF,0.5125,0.8306717665959368,B
22736,2330.2799999999997,22,"RIBBON REEL, MAKING SNOWMEN ",0.275,0.8308662681563163,B
21467,2326.42,64,CHERRY CROCHET FOOD COVER,0.8,0.8310604475339438,B
22473,2319.42,50,TV DINNER TRAY VINTAGE PAISLEY,0.625,0.8312540426423323,B
20702,2314.95,65,PINK PADDED MOBILE,0.8125,0.8314472646530778,B
21628,2314.58,38,TRIANGULAR POUFFE VINTAGE ,0.475,0.831640455781021,B
21913,2312.62,71,VINTAGE SEASIDE JIGSAW PUZZLES,0.8875,0.831833483313577,B
84813,2310.04,40,SET OF 4 DIAMOND NAPKIN RINGS,0.5,0.8320262955011848,B
21352,2305.91,27,EUCALYPTUS & PINECONE  WREATH,0.3375,0.8322187629699417,B
22826,2300.0,8,LOVE SEAT ANTIQUE WHITE METAL,0.1,0.8324107371485265,B
84279P,2298.65,71, CHERRY BLOSSOM  DECORATIVE FLASK,0.8875,0.8326025986466153,B
21794,2287.35,52,CLASSIC FRENCH STYLE BASKET NATURAL,0.65,0.8327935169672179,B
84840,2277.76,36,SWEETHEART CARRY-ALL BASKET,0.45,0.832983634838963,B
22524,2277.7,59,CHILDRENS GARDEN GLOVES BLUE,0.7375,0.8331737477026858,B
21507,2277.42,77,"ELEPHANT, BIRTHDAY CARD, ",0.9625,0.8333638371956392,B
85035B,2274.6,39,CHOCOLATE 3 WICK MORRIS BOX CANDLE,0.4875,0.8335536913115562,B
21898,2270.3599999999997,42,POTTING SHED ROSE CANDLE,0.525,0.8337431915272484,B
21509,2270.32,78,COWBOYS AND INDIANS BIRTHDAY CARD ,0.975,0.8339326884042592,B
22021,2265.31,28,BLUE FELT EASTER EGG BASKET,0.35,0.8341217671114288,B
21203,2257.45,34,BUTTERFLIES  HONEYCOMB GARLAND,0.425,0.8343101897677099,B
23172,2255.7099999999996,6,REGENCY TEA PLATE PINK,0.075,0.8344984671913516,B
21246,2250.2000000000003,62,RED SPOTTY BIG BOWL,0.775,0.8346862847116349,B
85049C,2239.14,70,ROMANTIC PINKS RIBBONS ,0.875,0.8348731790865204,B
22154,2238.89,35,ANGEL DECORATION 3 BUTTONS ,0.4375,0.8350600525946473,B
22270,2233.71,47,HAPPY EASTER HANGING DECORATION,0.5875,0.8352464937435373,B
22902,2229.02,34,TOTE BAG I LOVE LONDON,0.425,0.835432543432037,B
21792,2224.15,51,CLASSIC FRENCH STYLE BASKET GREEN ,0.6375,0.8356181866360803,B
21949,2223.59,59,SET OF 6 STRAWBERRY CHOPSTICKS,0.7375,0.8358037830985845,B
20665,2220.25,66,RED SPOTTY PURSE ,0.825,0.8359891007811946,B
23301,2218.43,6,GARDENERS KNEELING PAD KEEP CALM ,0.075,0.8361742665538024,B
22979,2218.36,16,PANTRY WASHING UP BRUSH,0.2,0.8363594264837179,B
22530,2216.08,61,MAGIC DRAWING SLATE DOLLY GIRL ,0.7625,0.8365443961087954,B
22891,2215.59,33,TEA FOR ONE POLKADOT,0.4125,0.8367293248350262,B
22762,2215.1,31,CUPBOARD 3 DRAWER MA CAMPAGNE,0.3875,0.8369142126624103,B
21519,2214.32,75,GIN & TONIC DIET GREETING CARD ,0.9375,0.8370990353855077,B
22755,2213.91,44,SMALL PURPLE BABUSHKA NOTEBOOK ,0.55,0.8372838238871212,B
79072,2209.25,15,TEATIME CAKE TIN WITH HANDLE,0.1875,0.8374682234323554,B
22480,2207.8,59,RED TEA TOWEL CLASSIC DESIGN,0.7375,0.8376525019503901,B
23135,2207.18,9,SMALL ZINC HEART WALL ORGANISER,0.1125,0.8378367287188635,B
84519A,2204.44,66,TOMATO CHARLIE+LOLA COASTER SET,0.825,0.8380207267876634,B
22217,2203.43,66,T-LIGHT HOLDER HANGING LACE,0.825,0.8382046405547586,B
21820,2195.4900000000002,40,GLITTER HEART GARLAND WITH BELLS ,0.5,0.8383878915936027,B
20960,2195.22,55,WATERMELON BATH SPONGE,0.6875,0.8385711200963476,B
21187,2191.31,52,WHITE BELL HONEYCOMB PAPER GARLAND ,0.65,0.8387540222429889,B
20956,2180.85,47,PORCELAIN T-LIGHT HOLDERS ASSORTED,0.5875,0.8389360513244527,B
22601,2179.89,29,CHRISTMAS RETROSPOT ANGEL WOOD,0.3625,0.8391180002775639,B
20752,2177.98,70,RETRO BLUE SPOTTY WASHING UP GLOVES,0.875,0.8392997898086397,B
22892,2170.46,34,SALT AND PEPPER SHAKERS TOADSTOOLS,0.425,0.8394809516676186,B
21990,2166.73,63,MODERN FLORAL STATIONERY SET,0.7875,0.8396618021945601,B
22531,2165.97,61,MAGIC DRAWING SLATE CIRCUS PARADE  ,0.7625,0.8398425892865555,B
22372,2162.81,60,AIRLINE BAG VINTAGE WORLD CHAMPION ,0.75,0.8400231126227231,B
22596,2158.7,18,CHRISTMAS STAR WISH LIST CHALKBOARD,0.225,0.84020329290938,B
22930,2157.34,25,BAKING MOULD HEART MILK CHOCOLATE,0.3125,0.8403833596808706,B
15058C,2157.0,37,ICE CREAM DESIGN GARDEN PARASOL,0.4625,0.8405633980735696,B
21693,2156.88,49,SMALL HAMMERED SILVER CANDLEPOT ,0.6125,0.8407434264502245,B
85116,2149.63,59,BLACK CANDELABRA T-LIGHT HOLDER,0.7375,0.8409228496908817,B
84031B,2147.4700000000003,49,CHARLIE LOLA BLUE HOT WATER BOTTLE ,0.6125,0.8411020926427452,B
22933,2144.55,19,BAKING MOULD EASTER EGG MILK CHOC,0.2375,0.8412810918708687,B
21188,2143.1200000000003,61,3D HEARTS  HONEYCOMB PAPER GARLAND,0.7625,0.8414599717411334,B
22450,2140.87,45,SILK PURSE RUSSIAN DOLL BLUE,0.5625,0.8416386638105712,B
21408,2140.86,60,SPOTTY PINK DUCK DOORSTOP,0.75,0.8418173550453386,B
21686,2140.54,22,MEDINA STAMPED METAL STOOL,0.275,0.8419960195706552,B
22176,2129.4,69,BLUE OWL SOFT TOY,0.8625,0.8421737542732111,B
22066,2126.43,62,LOVE HEART TRINKET POT,0.775,0.8423512410786755,B
84510A,2125.29,77,SET OF 4 ENGLISH ROSE COASTERS,0.9625,0.842528632731721,B
22076,2124.6299999999997,72,6 RIBBONS EMPIRE  ,0.9,0.842705969296524,B
22067,2124.23,69,CHOC TRUFFLE GOLD TRINKET POT ,0.8625,0.8428832724745133,B
84469,2124.06,11,ROSE DES PADDED FLOOR CUSHION,0.1375,0.8430605614631069,B
22472,2124.02,52,TV DINNER TRAY DOLLY GIRL,0.65,0.843237847113019,B
21214,2120.37,34,SET OF 72 IVORY PAPER DOILIES,0.425,0.8434148281082563,B
22773,2116.08,34,GREEN DRAWER KNOB ACRYLIC EDWARDIAN,0.425,0.8435914510299172,B
85099b,2111.64,10,JUMBO BAG RED RETROSPOT,0.125,0.8437677033579464,B
22573,2109.13,27,STAR WOODEN CHRISTMAS DECORATION,0.3375,0.8439437461837198,B
21826,2107.89,60,EIGHT PIECE DINOSAUR SET,0.75,0.8441196855103709,B
22494,2107.07,72,EMERGENCY FIRST AID TIN ,0.9,0.8442955563940538,B
22733,2106.5099999999998,18,3D STICKERS TRADITIONAL CHRISTMAS ,0.225,0.8444713805361976,B
22687,2104.54,18,DOORMAT CHRISTMAS VILLAGE,0.225,0.8446470402482842,B
84828,2103.09,66,JUNGLE POPSICLES ICE LOLLY HOLDERS,0.825,0.8448225789331711,B
82578,2100.8700000000003,75,KITCHEN METAL SIGN,0.9375,0.8449979323212422,B
22398,2099.38,56,MAGNETS PACK OF 4 SWALLOWS,0.7,0.8451731613434325,B
23300,2083.0299999999997,6,GARDENERS KNEELING PAD CUP OF TEA ,0.075,0.8453470256796141,B
84596F,2083.0,74,SMALL MARSHMALLOWS PINK BOWL,0.925,0.8455208875117847,B
22951,2080.8900000000003,39,72 CAKE CASES DOLLY GIRL DESIGN,0.4875,0.8456945732285132,B
21747,2072.06,52,SMALL SKULL WINDMILL,0.65,0.84586752193133,B
22754,2069.79,42,SMALL RED BABUSHKA NOTEBOOK ,0.525,0.8460402811639791,B
22434,2067.5,52,BALLOON PUMP WITH 10 BALLOONS,0.65,0.8462128492571201,B
22713,2063.83,54,CARD I LOVE LONDON ,0.675,0.8463851110262457,B
22325,2062.05,56,MOBILE VINTAGE HEARTS ,0.7,0.8465572242240506,B
22251,2061.17,67,BIRDHOUSE DECORATION MAGIC GARDEN,0.8375,0.8467292639708652,B
21206,2057.6699999999996,64,STRAWBERRY HONEYCOMB  GARLAND ,0.8,0.8469010115830604,B
22243,2055.71,63,"HOOK, 5 HANGER ,MAGIC TOADSTOOL RED",0.7875,0.8470725955998686,B
21651,2053.6299999999997,47,HANGING GLASS ETCHED TEALIGHT,0.5875,0.8472440060052457,B
85206B,2053.5499999999997,16,PINK FELT EASTER EGG BASKET,0.2,0.8474154097332601,B
84975,2048.71,47,HEART SHAPED MIRROR,0.5875,0.8475864094808292,B
22452,2042.5800000000002,46,MEASURING TAPE RUSSIAN DOLL PINK,0.575,0.8477568975754788,B
22964,2040.5600000000002,30,3 PIECE SPACEBOY COOKIE CUTTER SET,0.375,0.8479272170667194,B
22664,2036.74,45,TOY TIDY DOLLY GIRL DESIGN,0.5625,0.8480972177138894,B
22670,2023.66,43,FRENCH WC SIGN BLUE METAL,0.5375,0.8482661266122524,B
85036A,2020.6399999999999,64,GARDENIA 1 WICK MORRIS BOXED CANDLE,0.8,0.8484347834401724,B
22925,2016.5500000000002,28,BLUE GIANT GARDEN THERMOMETER,0.35,0.8486030988879226,B
90057,2015.8799999999999,14,DIAMANTE RING ASSORTED IN BOX.,0.175,0.84877135841276,B
21508,2015.77,76,VINTAGE KID DOLLY CARD ,0.95,0.8489396087562234,B
22572,2015.1299999999999,28,ROCKING HORSE GREEN CHRISTMAS ,0.35,0.8491078056807851,B
22789,2015.12,34,T-LIGHT HOLDER SWEETHEART HANGING,0.425,0.8492760017706763,B
22482,2011.88,56,BLUE TEA TOWEL CLASSIC DESIGN,0.7,0.849443927427377,B
84763,2009.79,66,ZINC FINISH 15CM PLANTER POTS,0.825,0.8496116786379762,B
22757,2006.48,42,LARGE RED BABUSHKA NOTEBOOK ,0.525,0.8497791535726923,B
85172,1999.58,56,HYACINTH BULB T-LIGHT CANDLES,0.7,0.8499460525848725,B
22190,1999.3400000000001,59,LOCAL CAFE MUG,0.7375,0.8501129315649647,B
85049D,1991.57,75,BRIGHT BLUES RIBBONS ,0.9375,0.8502791620062014,B
22445,1991.2000000000003,55,PENCIL CASE LIFE IS BEAUTIFUL,0.6875,0.8504453615646353,B
21421,1990.73,46,PORCELAIN ROSE LARGE ,0.575,0.8506115218935634,B
23175,1990.19,6,REGENCY MILK JUG PINK ,0.075,0.8507776371502928,B
47585A,1989.58,44,PINK FAIRY CAKE CUSHION COVER,0.55,0.8509437014921315,B
21204,1985.6199999999997,66,DAISIES  HONEYCOMB GARLAND ,0.825,0.8511094353045148,B
22828,1985.0,7,REGENCY MIRROR WITH SHUTTERS,0.0875,0.851275117367337,B
22500,1982.8300000000002,62,SET OF 2 TINS JARDIN DE PROVENCE,0.775,0.851440618306695,B
22208,1979.1299999999999,62,WOOD STAMP SET THANK YOU,0.775,0.8516058104180266,B
84279B,1974.8799999999999,46,CHERRY BLOSSOM DECORATIVE FLASK,0.575,0.8517706477944631,B
21465,1970.42,59,PINK FLOWER CROCHET FOOD COVER,0.7375,0.8519351129079271,B
85227,1967.08,69,SET/6 3D KIT CARDS FOR KIDS,0.8625,0.8520992992414971,B
22375,1967.02,64,AIRLINE BAG VINTAGE JET SET BROWN,0.8,0.8522634805670448,B
22145,1964.8600000000001,26,CHRISTMAS CRAFT HEART STOCKING ,0.325,0.8524274816037989,B
21682,1961.46,61,LARGE MEDINA STAMPED METAL BOWL ,0.7625,0.8525911988526368,B
21808,1960.61,23,"CHRISTMAS GARLAND STARS,TREES",0.2875,0.8527548451544956,B
84795B,1960.3300000000002,39,SUNSET CHECK HAMMOCK,0.4875,0.8529184680855849,B
22863,1959.49,35,SOAP DISH BROCANTE,0.4375,0.8530820209043655,B
37502,1959.13,29,TEA TIME MUG IN GIFT BOX,0.3625,0.8532455436750138,B
21211,1956.8899999999999,66,SET OF 72 SKULL PAPER  DOILIES,0.825,0.8534088794795056,B
21705,1950.7399999999998,34,BAG 500g SWIRLY MARBLES,0.425,0.8535717019617373,B
84872A,1949.6399999999999,32,TEATIME FUNKY FLOWER BACKPACK FOR 2,0.4,0.8537344326302313,B
84670,1949.34,44,JAPANESE CROCHETED ANIMAL,0.55,0.853897138258615,B
47570,1946.6100000000001,19,ENGLISH ROSE TABLE CLOTH,0.2375,0.8540596160219955,B
72800E,1944.26,61,4 IVORY DINNER CANDLES SILVER FLOCK,0.7625,0.8542218976378456,B
22719,1942.94,51,"GUMBALL COATHOOK., BLACK & WHITE ",0.6375,0.8543840690772108,B
85232D,1939.5800000000002,66,SET/3 DECOUPAGE STACKING TINS,0.825,0.8545459600673411,B
20985,1939.0,64,HEART CALCULATOR,0.8,0.8547078026465915,B
22998,1938.4099999999999,18,TRAVEL CARD WALLET KEEP CALM,0.225,0.8548695959802919,B
22331,1937.06,70,WOODLAND PARTY BAG + STICKER SET,0.875,0.8550312766334961,B
21538,1935.76,26,DAIRY MAID  PUDDING BOWL,0.325,0.8551928487795558,B
22342,1934.0399999999997,69,HOME GARLAND PAINTED ZINC ,0.8625,0.8553542773623167,B
85049B,1933.16,56,LUSH GREENS RIBBONS,0.7,0.8555156324940877,B
47480,1926.3299999999997,51,HANGING PHOTO CLIP ROPE LADDER,0.6375,0.8556764175460153,B
22805,1920.87,35,BLUE DRAWER KNOB ACRYLIC EDWARDIAN,0.4375,0.8558367468679363,B
84676,1919.5600000000002,27,BATH DUCK WATERING CAN,0.3375,0.8559969668480426,B
47503J,1914.73,35,SET/3 FLORAL GARDEN TOOLS IN BAG,0.4375,0.8561567836823739,B
22899,1907.21,35,CHILDRENS APRON DOLLY GIRL ,0.4375,0.8563159728446083,B
21476,1907.07,36,STEEL SWEETHEART ROUND TABLE CREAM,0.45,0.8564751503214578,B
22419,1903.19,57,LIPSTICK PEN RED,0.7125,0.8566340039462147,B
35001G,1899.08,43,HAND OPEN SHAPE GOLD,0.5375,0.8567925145214612,B
22980,1897.9799999999998,17,PANTRY SCRUBBING BRUSH,0.2125,0.8569509332829702,B
21468,1897.75,57,BUTTERFLY CROCHET FOOD COVER,0.7125,0.8571093328470613,B
21786,1895.54,72,RAIN HAT WITH RED SPOTS,0.9,0.8572675479490067,B
23167,1892.08,6,SMALL CERAMIC TOP STORAGE JAR ,0.075,0.8574254742550141,B
23050,1891.73,16,RECYCLED ACAPULCO MAT GREEN,0.2,0.8575833713475596,B
21696,1891.3600000000001,48,SMALL SILVER TRELLIS CANDLEPOT,0.6,0.8577412375573022,B
85045,1888.48,21,GREEN CHRISTMAS TREE STRING 20LIGHT,0.2625,0.8578988633819866,B
22967,1887.5100000000002,17,SET 3 SONG BIRD PAPER EGGS ASSORTED,0.2125,0.8580564082436478,B
22376,1885.43,60,AIRLINE BAG VINTAGE JET SET WHITE,0.75,0.8582137794938779,B
72799E,1882.68,45,IVORY PILLAR CANDLE SILVER FLOCK,0.5625,0.8583709212097641,B
21657,1881.77,53,MILK BOTTLE WITH GLASS STOPPER ,0.6625,0.8585279869706491,B
22261,1880.37,54,FELT EGG COSY WHITE RABBIT ,0.675,0.8586849358776862,B
22959,1878.5,13,WRAP CHRISTMAS VILLAGE,0.1625,0.8588417287013697,B
37476,1876.82,37,CONDIMENT TRAY 4 BOWLS AND 4 SPOONS,0.4625,0.8589983813004356,B
22710,1875.78,48,WRAP I LOVE LONDON ,0.6,0.8591549470937859,B
21215,1875.75,76, IVORY PAPER CUP CAKE CASES ,0.95,0.8593115103831254,B
21039,1871.6899999999998,65,RED SPOTTY SHOPPING BAG,0.8125,0.859467734796306,B
22579,1871.4599999999998,25,WOODEN TREE CHRISTMAS SCANDINAVIAN,0.3125,0.8596239400120689,B
22591,1865.79,19,CARDHOLDER GINGHAM CHRISTMAS TREE,0.2375,0.8597796719697479,B
22566,1863.59,57,"FELTCRAFT HAIRBAND S/2, PINK/PURPLE",0.7125,0.8599352202999518,B
85035A,1863.48,51,GARDENIA 3 WICK MORRIS BOXED CANDLE,0.6375,0.860090759448782,B
22829,1861.36,29,BROCANTE SHELF WITH HOOKS,0.3625,0.8602461216474997,B
85114A,1858.31,37,BLACK ENCHANTED FOREST PLACEMAT,0.4625,0.8604012292717632,B
85059,1856.7,63,FRENCH ENAMEL WATER BASIN,0.7875,0.8605562025141017,B
22409,1853.4699999999998,46,MONEY BOX BISCUITS DESIGN,0.575,0.8607109061579199,B
79323G,1852.63,17,GOLD  CHERRY LIGHTS,0.2125,0.8608655396894295,B
22132,1850.6399999999999,72,RED LOVE HEART SHAPE CUP,0.9,0.8610200071215409,B
21813,1847.96,25,GARLAND WITH STARS AND BELLS,0.3125,0.8611742508620008,B
84997c,1845.77,29,BLUE 3 PIECE MINI DOTS CUTLERY SET,0.3625,0.8613283118096559,B
85107,1845.6,28,CUT GLASS T-LIGHT HOLDER OCTAGON,0.35,0.8614823585679151,B
22671,1843.6499999999999,39,FRENCH LAUNDRY SIGN BLUE METAL,0.4875,0.8616362425654578,B
22911,1842.21,36,PAPER CHAIN KIT LONDON,0.45,0.8617900063704713,B
21917,1840.59,73,SET 12 KIDS  WHITE CHALK STICKS,0.9125,0.8619436349588894,B
22155,1840.18,39,STAR DECORATION RUSTIC,0.4875,0.8620972293258233,B
85016,1839.27,65,SET OF 6 VINTAGE NOTELETS KIT,0.8125,0.8622507477377563,B
84913A,1837.97,64,SOFT PINK ROSE TOWEL ,0.8,0.862404157642545,B
84990,1835.39,44,60 GOLD AND SILVER FAIRY CAKE CASES,0.55,0.8625573522023854,B
84856S,1835.36,21,SMALL TAHITI BEACH BAG,0.2625,0.8627105442582147,B
22129,1833.6799999999998,48,PARTY CONES CANDY TREE DECORATION,0.6,0.8628635960894266,B
21612,1833.6000000000001,31,SET 12 WILDFLOWER BOTANICAL T-LIGHT,0.3875,0.8630166412432758,B
21692,1831.62,47,SILVER LATTICE VANILLA CANDLE POT,0.5875,0.8631695211323974,B
22650,1830.12,54,CERAMIC PIRATE CHEST MONEY BANK,0.675,0.8633222758209677,B
21043,1824.58,48,APRON MODERN VINTAGE COTTON,0.6,0.8634745681021687,B
22439,1824.19,60,6 ROCKET BALLOONS ,0.75,0.8636268278312264,B
84997d,1822.75,26,PINK 3 PIECE MINI DOTS CUTLERY SET,0.325,0.863778967367755,B
22286,1817.59,32,"DECORATION , WOBBLY RABBIT , METAL ",0.4,0.8639306762143871,B
22037,1809.03,69,ROBOT BIRTHDAY CARD,0.8625,0.8640816705832068,B
22603,1807.12,28,CHRISTMAS RETROSPOT TREE WOOD,0.35,0.8642325055299912,B
22515,1806.14,51,CHILDS GARDEN SPADE PINK,0.6375,0.8643832586790823,B
22704,1801.76,50,WRAP RED APPLES ,0.625,0.8645336462425637,B
22023,1799.66,75,EMPIRE BIRTHDAY CARD,0.9375,0.8646838585252733,B
21865,1796.67,73,PINK UNION JACK  PASSPORT COVER ,0.9125,0.8648338212415507,B
22581,1793.6699999999998,25,WOOD STOCKING CHRISTMAS SCANDISPOT,0.3125,0.8649835335567256,B
85035C,1792.55,49,ROSE 3 WICK MORRIS BOX CANDLE,0.6125,0.8651331523888224,B
21432,1790.1100000000001,44,SET OF 3 CASES WOODLAND DESIGN,0.55,0.8652825675613556,B
22758,1788.98,42,LARGE PURPLE BABUSHKA NOTEBOOK  ,0.525,0.8654318884161404,B
21348,1786.85,44,PINK SPOTS CHOCOLATE NESTING BOXES ,0.55,0.8655810314861422,B
22642,1784.62,29,SET OF 4 NAPKIN CHARMS STARS   ,0.3625,0.8657299884246579,B
21224,1781.46,68,SET/4 SKULL BADGES,0.85,0.8658786816073457,B
21422,1781.3999999999999,57,PORCELAIN ROSE SMALL,0.7125,0.8660273697820114,B
22674,1780.46,43,FRENCH TOILET SIGN BLUE METAL,0.5375,0.8661759794976651,B
23184,1779.8100000000002,15,BULL DOG BOTTLE OPENER,0.1875,0.8663245349597466,B
21106,1778.5700000000002,58,CREAM SLICE FLANNEL CHOCOLATE SPOT ,0.725,0.8664729869227056,B
22081,1774.27,68,RIBBON REEL FLORA + FAUNA ,0.85,0.8666210799774177,B
22312,1773.2600000000002,55,OFFICE MUG WARMER POLKADOT,0.6875,0.8667690887304252,B
21653,1771.5700000000002,40,GLASS ETCHED T-LIGHT HOLDER LARGE,0.5,0.866916956424145,B
21384,1769.3899999999999,21,IVORY HANGING DECORATION  BUTTERFLY,0.2625,0.8670646421597304,B
22675,1767.59,40,FRENCH KITCHEN SIGN BLUE METAL,0.5,0.8672121776546543,B
21742,1766.94,60,LARGE ROUND WICKER PLATTER ,0.75,0.867359658896006,B
22514,1766.93,53,CHILDS GARDEN SPADE BLUE,0.6625,0.8675071393026872,B
21288,1762.0800000000002,60,STRIPEY CHOCOLATE NESTING BOXES,0.75,0.8676542148942528,B
21464,1758.5,64,DISCO BALL ROTATOR BATTERY OPERATED,0.8,0.8678009916738361,B
22937,1757.84,24,BAKING MOULD CHOCOLATE CUPCAKES,0.3,0.8679477133651767,B
22696,1754.54,36,WICKER WREATH LARGE,0.45,0.8680941596153047,B
84459B,1753.4099999999999,53,YELLOW METAL CHICKEN HEART ,0.6625,0.8682405115476841,B
84797B,1751.9,7,BLUE SAVANNAH PICNIC HAMPER FOR 4,0.0875,0.8683867374448418,B
85199S,1747.93,76,SMALL HANGING IVORY/RED WOOD BIRD,0.95,0.868532631977874,B
37340,1746.47,56,MULTICOLOUR SPRING FLOWER MUG,0.7,0.8686784046490362,B
72799F,1746.44,34,IVORY PILLAR CANDLE GOLD FLOCK,0.425,0.8688241748161875,B
21389,1744.32,68,IVORY HANGING DECORATION  BIRD,0.85,0.8689697680332262,B
22246,1743.72,57,"GARLAND, MAGIC GARDEN 1.8M",0.7125,0.8691153111700446,B
21462,1742.55,61,"NURSERY A,B,C PAINTED LETTERS",0.7625,0.8692607566504329,B
21431,1742.09,44,GREEN GINGHAM FLOWER JEWELLERY BOX,0.55,0.8694061637359856,B
85199L,1740.0500000000002,69,LARGE HANGING IVORY & RED WOOD BIRD,0.8625,0.8695514005487884,B
22843,1739.91,34,BISCUIT TIN VINTAGE GREEN,0.425,0.8696966256762065,B
22161,1739.24,66,HEART DECORATION RUSTIC HANGING ,0.825,0.8698417948807118,B
22448,1736.73,45,PIN CUSHION RUSSIAN DOLL RED,0.5625,0.8699867545829613,B
23091,1734.21,6,ZINC HERB GARDEN CONTAINER,0.075,0.8701315039482848,B
21445,1733.3400000000001,58,12 PINK ROSE PEG PLACE SETTINGS,0.725,0.8702761806972883,B
47591C,1730.18,33,BLUE FAIRY CAKE CHILD'S APRON,0.4125,0.870420593690464,B
47504K,1729.27,67,ENGLISH ROSE GARDEN SECATEURS,0.8375,0.8705649307286385,B
22792,1722.78,32,FLUTED ANTIQUE CANDLE HOLDER,0.4,0.8707087260657612,B
20871,1722.45,33,OPULENT VELVET SET/3 CANDLES,0.4125,0.8708524938587627,B
22983,1720.21,39,"CARD, BILLBOARD FONT",0.4875,0.8709960746856078,B
22314,1718.5800000000002,55,OFFICE MUG WARMER CHOC+BLUE,0.6875,0.8711395194611872,B
85183B,1716.59,46,CHARLIE & LOLA WASTEPAPER BIN FLORA,0.575,0.8712827981373684,B
21687,1712.58,36,SILVER PLATE CANDLE BOWL LARGE,0.45,0.8714257421107428,B
22521,1711.6,54,CHILDS GARDEN TROWEL PINK,0.675,0.8715686042864236,B
21547,1706.74,50,CERAMIC BIRDHOUSE CRESTED TIT SMALL,0.625,0.8717110608123183,B
22520,1706.1299999999999,57,CHILDS GARDEN TROWEL BLUE ,0.7125,0.8718534664233224,B
47591B,1698.1499999999999,56,SCOTTIES DES CHILD'S APRON,0.7,0.8719952059673937,B
20716,1696.39,69,PARTY FOOD SHOPPER BAG,0.8625,0.8721367986094848,B
85060,1695.48,27,WOOD FAN WITH FLOWER DESIGN,0.3375,0.872278315296575,B
21683,1693.3400000000001,56,MEDIUM MEDINA STAMPED METAL BOWL ,0.7,0.8724196533642118,B
22152,1692.07,53,PLACE SETTING WHITE STAR,0.6625,0.8725608854287155,B
23082,1690.54,6,SET 6 PAPER TABLE LANTERN HEARTS ,0.075,0.8727019897886565,B
21642,1689.49,52,ASSORTED TUTTI FRUTTI PEN,0.65,0.872843006508212,B
22309,1687.7299999999998,64,TEA COSY RED  STRIPE,0.8,0.8729838763257873,B
21123,1685.62,57,SET/10 IVORY SPOTTY PARTY CANDLES,0.7125,0.8731245700279203,B
22939,1684.22,33,APRON APPLE DELIGHT,0.4125,0.8732651468762057,B
22920,1683.8400000000001,28,HERB MARKER BASIL,0.35,0.8734056920070181,B
21359,1683.78,40,RELAX LARGE WOOD LETTERS,0.5,0.8735462321298083,B
22495,1678.4800000000002,55,SET OF 2 ROUND TINS CAMEMBERT ,0.6875,0.8736863298773175,B
21821,1677.08,22,GLITTER STAR GARLAND WITH BELLS ,0.275,0.8738263107709789,B
22321,1676.51,75,BIRD DECORATION RED SPOT,0.9375,0.8739662440884308,B
23049,1676.16,16,RECYCLED ACAPULCO MAT RED,0.2,0.8741061481924207,B
82567,1675.52,74,"AIRLINE LOUNGE,METAL SIGN",0.925,0.8742459988775088,B
21161,1673.4299999999998,62,KEEP OUT BOYS DOOR HANGER ,0.775,0.8743856751164955,B
90167,1670.27,39,BEADED LOVE HEART JEWELLERY SET,0.4875,0.8745250875996541,B
21357,1668.31,53,TOAST ITS - DINOSAUR,0.6625,0.8746643364874258,B
21741,1667.15,50,COSY SLIPPER SHOES LARGE GREEN,0.625,0.8748034885534379,B
85053,1665.5600000000002,47,FRENCH ENAMEL CANDLEHOLDER,0.5875,0.8749425079068658,B
23053,1659.62,16,RECYCLED ACAPULCO MAT PINK,0.2,0.8750810314661105,B
21195,1653.04,56,PINK  HONEYCOMB PAPER BALL ,0.7,0.8752190058122704,B
85103,1652.38,44, SILVER T-LIGHT SETTING,0.55,0.8753569250701879,B
21126,1652.28,72,SET OF 6 GIRLS CELEBRATION CANDLES,0.9,0.8754948359814019,B
85039B,1652.1899999999998,56,S/4 IVORY MINI ROSE CANDLE IN BOWL,0.7,0.8756327393805828,B
21548,1651.8000000000002,37,CERAMIC BIRDHOUSE FINCH BLUE ROOF,0.4625,0.8757706102276205,B
21818,1651.6899999999998,42,GLITTER CHRISTMAS HEART ,0.525,0.8759084718932842,B
21659,1651.52,28,GLASS CAKE STAND,0.35,0.8760463193695522,B
85049F,1648.86,71,BABY BOOM RIBBONS ,0.8875,0.8761839448235094,B
21662,1645.76,52,VINTAGE GLASS COFFEE CADDY,0.65,0.8763213115296606,B
23182,1645.6299999999999,16,TOILET SIGN OCCUPIED OR VACANT,0.2,0.8764586673850975,B
84327A,1644.65,33,PINK JUMPER LARRY THE LAMB,0.4125,0.8765959414428409,B
22310,1641.11,56,KNITTED MUG COSY IVORY COLOUR ,0.7,0.8767329200272832,B
21439,1639.18,59,BASKET OF TOADSTOOLS,0.7375,0.8768697375203496,B
21249,1637.24,66,WOODLAND  HEIGHT CHART STICKERS ,0.825,0.8770063930873697,B
18098c,1635.4799999999998,32,PORCELAIN BUTTERFLY OIL BURNER,0.4,0.8771429017524098,B
84509B,1634.13,62,FAIRY CAKE PLACEMATS,0.775,0.8772792977369538,B
85164B,1633.3899999999999,28,BLACK BAROQUE CUCKOO CLOCK,0.35,0.8774156319558923,B
17091J,1632.62,58,VANILLA INCENSE IN TIN,0.725,0.8775519019052146,B
23126,1631.8500000000001,16,DOLLCRAFT GIRL AMELIE KIT,0.2,0.8776881075849206,B
23243,1629.0700000000002,2,SET OF TEA COFFEE SUGAR TINS PANTRY,0.025,0.8778240812262715,B
22956,1628.7300000000002,30,36 FOIL HEART CAKE CASES,0.375,0.877960026488831,B
22816,1628.04,20,CARD MOTORBIKE SANTA,0.25,0.8780959141591367,B
21611,1627.5000000000002,44,SET OF 12 LILY BOTANICAL T-LIGHTS,0.55,0.8782317567572441,B
22824,1626.7,20,3 TIER SWEETHEART GARDEN SHELF,0.25,0.8783675325817241,B
23007,1625.1599999999999,15, SPACEBOY BABY GIFT SET,0.1875,0.8785031798669715,B
20992,1624.33,70,JAZZ HEARTS PURSE NOTEBOOK,0.875,0.8786387578745805,B
22972,1623.9999999999998,27,CHILDREN'S SPACEBOY MUG,0.3375,0.8787743083380682,B
79160,1623.0900000000001,57,HEART SHAPE WIRELESS DOORBELL,0.7125,0.878909782846555,B
22785,1622.6100000000001,19,CUSHION COVER PINK UNION FLAG,0.2375,0.8790452172908652,B
22908,1620.1599999999999,36,PACK OF 20 NAPKINS RED APPLES,0.45,0.8791804472409417,B
22914,1618.67,29,BLUE COAT RACK PARIS FASHION,0.3625,0.8793155528251374,B
22101,1618.02,45,MIRROR MOSAIC VOTIVE HOLDER,0.5625,0.8794506041557608,B
21529,1615.3400000000001,33,RETRO SPOT CERAMIC TOASTRACK,0.4125,0.8795854317947327,B
20770,1615.21,64,ABSTRACT CIRCLE JOURNAL ,0.8,0.8797202485829901,B
21760,1615.0,10,FRENCH STYLE WALL DRESSER,0.125,0.8798550478431704,B
22091,1614.82,62,EMPIRE TISSUE BOX,0.775,0.8799898320792846,B
37441,1614.6000000000001,25,ASSORTED WHITE EMBOSSED CHINA MUGS,0.3125,0.8801245979526511,B
84849D,1613.93,68,HOT BATHS SOAP HOLDER,0.85,0.8802593079031048,B
22962,1611.84,28,JAM JAR WITH PINK LID,0.35,0.8803938434074571,B
21171,1609.86,68,BATHROOM METAL SIGN ,0.85,0.8805282136470817,B
22992,1609.16,17,REVOLVER WOODEN RULER ,0.2125,0.8806625254597824,B
79323S,1608.53,15, SILVER CHERRY LIGHTS,0.1875,0.8807967846882515,B
22597,1605.25,33,CHRISTMAS MUSICAL ZINC HEART ,0.4125,0.8809307701448487,B
21761,1605.1000000000001,14,WOOD AND GLASS MEDICINE CABINET,0.175,0.8810647430813906,B
85054,1602.15,64,FRENCH ENAMEL POT W LID,0.8,0.8811984697901819,B
21617,1599.67,52,4 LILY  BOTANICAL DINNER CANDLES,0.65,0.8813319895007283,B
21780,1599.0,4,MA CAMPAGNE 4 DRAWER WALL SHELF,0.05,0.8814654532883619,B
21947,1598.55,68,SET OF 6 HEART CHOPSTICKS,0.85,0.8815988795158302,B
21774,1598.22,76,DECORATIVE CATS BATHROOM BOTTLE,0.95,0.8817322781991772,B
84796A,1591.5500000000002,36,PINK HAWAIIAN PICNIC HAMPER FOR 2,0.45,0.8818651201574063,B
21647,1590.0800000000002,38,ASSORTED TUTTI FRUTTI LARGE PURSE,0.475,0.8819978394190952,B
22315,1589.88,70,200 RED + WHITE BENDY STRAWS,0.875,0.8821305419873772,B
21424,1586.44,46,WOODLAND STORAGE BOX LARGE ,0.575,0.8822629574290616,B
84507B,1586.37,47,STRIPES DESIGN MONKEY DOLL,0.5875,0.8823953670280535,B
22399,1584.37,56,MAGNETS PACK OF 4 CHILDHOOD MEMORY,0.7,0.8825276096929772,B
22905,1584.0700000000002,28,CALENDAR IN SEASON DESIGN,0.35,0.8826598273177907,B
21643,1581.75,60,ASSORTED TUTTI FRUTTI MIRROR,0.75,0.8827918512990849,B
23051,1579.29,16,RECYCLED ACAPULCO MAT BLUE,0.2,0.882923669951475,B
21275,1576.83,30,ZINC TOP  2 DOOR WOODEN SHELF ,0.375,0.8830552832749611,B
22262,1576.28,64,FELT EGG COSY CHICKEN,0.8,0.8831868506915783,B
37343,1575.52,47,SPOTS DESIGN MUG W PINK INSIDE,0.5875,0.8833183546732496,B
22028,1575.09,69,PENNY FARTHING BIRTHDAY CARD,0.8625,0.8834498227640962,B
85114C,1574.98,46,RED ENCHANTED FOREST PLACEMAT,0.575,0.8835812816735691,B
22471,1574.75,47,TV DINNER TRAY AIR HOSTESS ,0.5875,0.8837127213856242,B
22334,1574.1999999999998,70,DINOSAUR PARTY BAG + STICKER SET,0.875,0.8838441151908103,B
22231,1572.6299999999999,66,JIGSAW TREE WITH BIRDHOUSE,0.825,0.8839753779527529,B
21640,1570.9599999999998,61,ASSORTED TUTTI FRUTTI  FOB NOTEBOOK,0.7625,0.8841065013247486,B
84795A,1568.8200000000002,21,PASTEL STRIPE HAMMOCK ,0.2625,0.884237446077291,B
22676,1568.79,43,"FRENCH BLUE METAL DOOR SIGN, 1",0.5375,0.8843683883258223,B
22852,1567.79,31,ENAMEL DOG BOWL CREAM,0.3875,0.8844992471073195,B
21397,1567.3799999999999,54,BLUE  SPOTTY EGG CUP ,0.675,0.8846300716673328,B
21655,1566.42,25,HANGING RIDGE GLASS T-LIGHT HOLDER,0.3125,0.8847608160989932,B
23008,1564.1699999999998,13,DOLLY GIRL BABY GIFT SET,0.1625,0.8848913727298267,B
22802,1563.1499999999999,16,FAUX FUR CHOCOLATE THROW,0.2,0.8850218442242854,B
21613,1562.0500000000002,64,S/12 VANILLA  BOTANICAL T-LIGHTS,0.8,0.8851522239050066,B
85034A,1560.71,43,3 GARDENIA MORRIS BOXED CANDLES,0.5375,0.8852824917399019,B
21631,1559.0,32,HIPPY CHIC DECORATIVE PARASOL,0.4,0.8854126168461689,B
22046,1559.0,61,TEA PARTY  WRAPPING PAPER ,0.7625,0.8855427419524358,B
22453,1558.81,36,MEASURING TAPE RUSSIAN DOLL BLUE,0.45,0.8856728511999662,B
21810,1556.54,26,CHRISTMAS HANGING STAR WITH BELL,0.325,0.885802770977329,B
46775D,1555.8799999999999,39,SUNSET COLOUR CHUNKY KNITTED THROW,0.4875,0.8859326356664493,B
21823,1553.37,30,PAINTED METAL HEART WITH HOLLY BELL,0.375,0.8860622908533138,B
20764,1553.18,60,ABSTRACT CIRCLES SKETCHBOOK ,0.75,0.8861919301814417,B
21437,1552.47,14,24 HANGING EASTER EGGS FLORAL TUB,0.175,0.8863215102479756,B
21332,1551.8700000000001,28,MOROCCAN BEATEN METAL MIRROR,0.35,0.8864510402342888,B
21504,1551.85,69,SKULLS GREETING CARD,0.8625,0.8865805685512613,B
22576,1551.31,26,SWALLOW WOODEN CHRISTMAS DECORATION,0.325,0.8867100517960356,B
20735,1550.85,58,BLACK MINI TAPE MEASURE ,0.725,0.886839496645974,B
75131,1548.08,45,METAL TUBE CHIME ON BAMBOO,0.5625,0.8869687102922277,B
85216,1546.69,49,ASSORTED CAKES FRIDGE MAGNETS,0.6125,0.8870978079193039,B
21262,1545.9,29,WHITE GOOSE FEATHER CHRISTMAS TREE ,0.3625,0.8872268396074233,B
85014C,1544.88,20,BLUE/BROWN DOTS RUFFLED UMBRELLA,0.25,0.8873557861591678,B
21638,1544.2200000000003,47,ASSORTED TUTTI FRUTTI NOTEBOOK,0.5875,0.8874846776226698,B
21905,1543.79,64,MORE BUTTER METAL SIGN ,0.8,0.8876135331953469,B
16237,1542.85,78,SLEEPING CAT ERASERS,0.975,0.887742310309012,B
21545,1542.63,27,CERAMIC BIRDHOUSE BUTTERFLY SMALL,0.3375,0.8878710690599296,B
21788,1537.32,55,KIDS RAIN MAC BLUE,0.6875,0.8879993846008958,B
84459A,1536.54,58,PINK METAL CHICKEN HEART ,0.725,0.8881276350375752,B
20846,1536.29,62,ZINC HEART LATTICE T-LIGHT HOLDER,0.775,0.8882558646074961,B
21710,1532.31,41,FOLDING UMBRELLA  PINK/WHITE  SPOT,0.5125,0.888383761978621,B
20990,1530.6399999999999,25,SPRING FLOWER CHOPSTICKS SET/5,0.3125,0.888511519959799,B
85217,1529.49,37,ASSORTED ICE CREAM FRIDGE MAGNETS,0.4625,0.8886391819538877,B
22965,1529.47,30,3 TRADITIONAl BISCUIT CUTTERS  SET,0.375,0.8887668422786357,B
21630,1528.4099999999999,47,FLOOR CUSHION ELEPHANT CARNIVAL,0.5875,0.8888944141283274,B
48195,1526.74,24,DOOR MAT GREEN PAISLEY ,0.3,0.889021846588072,B
21550,1523.91,21,CERAMIC BIRDHOUSE CRESTED TIT LARGE,0.2625,0.88914904283611,B
84691,1521.6,38,PACK 20 DOLLY PEGS,0.475,0.889276046275299,B
35971,1520.18,67,ROSE FOLKART HEART DECORATIONS,0.8375,0.8894029311912994,B
85221,1516.69,16,ASSORTED COLOUR SILK COIN PURSE,0.2,0.8895295248073507,B
22069,1516.4699999999998,64, BROWN  PIRATE TREASURE CHEST ,0.8,0.8896561000606545,B
20931,1515.79,57,BLUE POT PLANT CANDLE ,0.7125,0.889782618556375,B
21283,1513.04,39,NATURAL BARK CANDLE SMALL,0.4875,0.8899089075177514,B
84789,1512.16,53,ENCHANTED BIRD PLANT CAGE,0.6625,0.8900351230281379,B
84818,1510.49,60,DANISH ROSE PHOTO FRAME,0.75,0.8901611991485774,B
22523,1509.3,60,CHILDS GARDEN FORK PINK,0.75,0.8902871759432462,B
23204,1507.57,10,CHARLOTTE BAG APPLES DESIGN,0.125,0.890413008339946,B
23084,1506.9,6,RABBIT NIGHT LIGHT,0.075,0.8905387848137327,B
22513,1501.29,49,DOORSTOP FOOTBALL DESIGN,0.6125,0.8906640930374577,B
84526,1499.7399999999998,24,GIANT BLACK SUNGLASSES,0.3,0.8907892718872799,B
22362,1497.4,61,GLASS JAR PEACOCK BATH SALTS,0.7625,0.8909142554242421,B
21773,1493.34,75,DECORATIVE ROSE BATHROOM BOTTLE,0.9375,0.8910389000850455,B
21695,1492.42,45,SMALL SILVER FLOWER CANDLE POT,0.5625,0.8911634679561775,B
21656,1488.2,62,RIDGED GLASS POSY VASE ,0.775,0.8912876835964253,B
21291,1487.34,54,SMALL SPOTTY CHOCOLATE GIFT BAG ,0.675,0.8914118274550238,B
22522,1483.6699999999998,60,CHILDS GARDEN FORK BLUE ,0.75,0.8915356649896068,B
51014C,1479.1399999999999,58,"FEATHER PEN,COAL BLACK",0.725,0.8916591244185251,B
21652,1471.19,27,GLASS ETCHED T-LIGHT HOLDER MEDIUM,0.3375,0.8917819202845217,B
22963,1470.05,30,JAM JAR WITH BLUE LID,0.375,0.8919046209980995,B
22142,1468.98,17,CHRISTMAS CRAFT WHITE FAIRY ,0.2125,0.8920272324019507,B
84856L,1468.45,37,LARGE TAHITI BEACH BAG,0.4625,0.8921497995682737,B
22117,1468.0600000000002,68,METAL SIGN HER DINNER IS SERVED ,0.85,0.8922723341824534,B
22753,1464.6999999999998,42,SMALL YELLOW BABUSHKA NOTEBOOK ,0.525,0.8923945883473983,B
21294,1463.8899999999999,54,ETCHED GLASS COASTER,0.675,0.8925167749040456,B
21645,1463.8,44,ASSORTED TUTTI FRUTTI ROUND BOX,0.55,0.8926389539486598,B
85183A,1461.51,42,CHARLIE & LOLA WASTEPAPER BIN BLUE,0.525,0.8927609418537658,B
22853,1460.41,30,ENAMEL CAT BOWL CREAM,0.375,0.892882837945134,B
85222,1459.88,21,ASSORTED COLOUR SILK COSMETIC PURSE,0.2625,0.8930046897989743,B
35160,1459.31,34,BUDDHA INCENSE HOLDER ASSORTED,0.425,0.8931264940766052,B
21448,1458.7399999999998,66,12 DAISY PEGS IN WOOD BOX,0.825,0.8932482507780264,B
21677,1456.2099999999998,62,HEARTS  STICKERS,0.775,0.8933697963078513,B
85106,1455.87,29,CUT GLASS HEXAGON T-LIGHT HOLDER,0.3625,0.8934913134588844,B
21804,1452.49,21,WHITE CHRISTMAS GARLAND STARS TREES,0.2625,0.8936125484913422,B
84795D,1451.3400000000001,21,SEASIDE STRIPE HAMMOCK,0.2625,0.8937336875367107,B
21482,1450.89,30,MUSHROOM BLUE HOT WATER BOTTLE,0.375,0.8938547890219137,B
21895,1450.7,34,POTTING SHED SOW 'N' GROW SET,0.425,0.8939758746483802,B
40001,1450.0,54, WHITE BAMBOO RIBS LAMPSHADE,0.675,0.8940969018479229,B
22609,1449.1599999999999,41,PENS ASSORTED SPACEBALL,0.5125,0.8942178589351568,B
22146,1448.73,17,EASTER CRAFT IVY WREATH WITH CHICK,0.2125,0.8943387801315662,B
22944,1448.13,17,CHRISTMAS METAL POSTCARD WITH BELLS,0.2125,0.894459651247755,B
20658,1446.11,75,RED SPOTTY LUGGAGE TAG,0.9375,0.8945803537605347,B
85170A,1444.38,42,SET/6 IVORY BIRD T-LIGHT CANDLES,0.525,0.8947009118753454,B
22974,1443.4099999999999,28,CHILDRENS DOLLY GIRL MUG,0.35,0.8948213890271328,B
85015,1442.92,59,SET OF 12  VINTAGE POSTCARD SET,0.7375,0.8949418252800736,B
21809,1442.6,27,CHRISTMAS HANGING TREE WITH BELL,0.3375,0.8950622348235634,B
22544,1437.99,56,MINI JIGSAW SPACEBOY,0.7,0.8951822595840256,B
22320,1433.92,49,BIRDS MOBILE VINTAGE DESIGN,0.6125,0.895301944633659,B
84313C,1433.8899999999999,43,ORANGE TV TRAY TABLE ,0.5375,0.8954216271792812,B
22688,1433.74,20,DOORMAT PEACE ON EARTH BLUE,0.25,0.8955412972048483,B
22260,1433.1,57,FELT EGG COSY BLUE RABBIT ,0.7125,0.8956609138115135,B
22153,1433.02,34,ANGEL DECORATION STARS ON DRESS,0.425,0.895780523740816,B
21356,1431.58,67,TOAST ITS - FAIRY FLOWER,0.8375,0.8959000134775892,B
22405,1430.04,52,MONEY BOX POCKET MONEY DESIGN,0.65,0.8960193746751298,B
22496,1428.0800000000002,57,SET OF 2 ROUND TINS DUTCH CHEESE,0.7125,0.8961385722772836,B
21578,1426.9099999999999,61,WOODLAND DESIGN  COTTON TOTE BAG,0.7625,0.8962576722230072,B
84509G,1426.9,57,FAIRY CAKE PLACEMATS ,0.7125,0.8963767713340607,B
85162C,1426.35,15,WHITE RETRODISC LAMPSHADE,0.1875,0.8964958245382453,B
21629,1423.67,44,SQUARE FLOOR CUSHION VINTAGE PINK ,0.55,0.8966146540507782,B
22503,1421.1499999999999,20,CABIN BAG VINTAGE PAISLEY,0.25,0.8967332732263852,B
23127,1418.91,15,DOLLCRAFT GIRL NICOLE,0.1875,0.8968517054358356,B
22074,1417.1,63,6 RIBBONS SHIMMERING PINKS ,0.7875,0.8969699865699541,B
17129F,1414.27,65,DEEP BLUE GLASS GEMS IN BAG,0.8125,0.8970880314923659,B
21190,1412.94,39,PINK HEARTS PAPER GARLAND,0.4875,0.8972059654036223,B
72008,1411.68,45,FROSTED BOX 9 WHITE T-LIGHT CANDLES,0.5625,0.8973237941464156,B
22832,1411.08,25,SWEETHEART WIRE WALL TIDY,0.3125,0.8974415728089885,B
21894,1411.05,65,POTTING SHED SEED ENVELOPES,0.8125,0.8975593489675504,B
16016,1405.8,48,LARGE CHINESE STYLE SCISSOR,0.6,0.8976766869241829,B
22288,1404.75,34,"DECORATION , HANGING METAL RABBIT",0.425,0.8977939372404294,B
85167B,1401.53,34,BLACK GRAND BAROQUE PHOTO FRAME,0.425,0.8979109187928259,B
22133,1401.07,76,PINK LOVE HEART SHAPE CUP,0.95,0.8980278619503869,B
23245,1399.47,2,SET OF 3 REGENCY CAKE TINS,0.025,0.8981446715606931,B
84919,1398.63,24,L BLUE C/COVER W PINK/YELLOW FLOWER,0.3,0.8982614110586906,B
20801,1397.28,45,LARGE PINK GLASS SUNDAE DISH,0.5625,0.8983780378761919,B
84536A,1394.81,76,ENGLISH ROSE NOTEBOOK A7 SIZE,0.95,0.8984944585301189,B
84619,1393.21,8,BLUE GINGHAM ROSE QUILT ,0.1,0.8986107456367912,B
21532,1390.31,35,DAIRY MAID SUGAR JAM BOWL,0.4375,0.8987267906890645,B
22559,1385.6,51,SEASIDE FRISBEE ,0.6375,0.8988424426116067,B
22421,1385.47,56,LIPSTICK PEN FUSCHIA,0.7,0.8989580836834347,B
21802,1382.5,42,CHRISTMAS TREE HEART DECORATION,0.525,0.899073476858171,B
22277,1382.45,61,COSMETIC BAG VINTAGE ROSE PAISLEY,0.7625,0.8991888658595556,B
22436,1381.92,56,12 COLOURED PARTY BALLOONS,0.7,0.899304210623412,B
85034B,1381.9,28,3 WHITE CHOC MORRIS BOXED CANDLES,0.35,0.8994195537179279,B
22516,1381.8100000000002,46,CHILDS GARDEN RAKE BLUE,0.575,0.8995348893004108,B
84912A,1381.22,59,PINK ROSE WASHBAG,0.7375,0.8996501756373435,B
22799,1380.95,27,SWEETHEART WIRE FRUIT BOWL,0.3375,0.8997654394381768,B
85231B,1379.59,66,CINAMMON SET OF 9 T-LIGHTS,0.825,0.8998805897238437,B
21925,1377.33,46,UNION STRIPE CUSHION COVER ,0.575,0.8999955513740134,B
84913B,1374.55,56,MINT GREEN ROSE TOWEL,0.7,0.9001102809858282,B
85131A,1374.46,57,BEADED PEARL HEART WHITE ON STICK,0.7125,0.9002250030856099,B
22438,1374.21,48,BALLOON ART MAKE YOUR OWN FLOWERS,0.6,0.9003397043186331,B
21096,1366.85,36,SET/6 FRUIT SALAD  PAPER PLATES,0.45,0.9004537912342847,B
35809A,1366.27,65,ENAMEL PINK TEA CONTAINER,0.8125,0.9005678297390565,B
21383,1366.18,56,PACK OF 12 STICKY BUNNIES,0.7,0.9006818607317952,B
21849,1366.0,48,SILVER DIAMANTE PEN IN GIFT BOX,0.6,0.9007958767004678,B
22537,1365.04,59,MAGIC DRAWING SLATE DINOSAUR,0.7375,0.9009098125407875,B
23230,1364.92,23,WRAP ALPHABET DESIGN,0.2875,0.9010237383650632,B
22137,1363.95,27,BATHROOM SET LOVE HEART DESIGN,0.3375,0.9011375832263157,B
21661,1362.6100000000001,43,VINTAGE GLASS TEA CADDY,0.5375,0.9012513162417424,B
84965B,1359.95,4,BLUE KASHMIRI COFFEE TABLE ,0.05,0.9013648272348582,B
21589,1359.45,26,SWALLOW GIANT TUBE MATCHES,0.325,0.901478296494457,B
22308,1359.23,65,TEA COSY BLUE STRIPE,0.8125,0.9015917473913083,B
85185B,1358.5600000000002,62,PINK HORSE SOCK PUPPET,0.775,0.9017051423652467,B
21009,1352.49,23,ETCHED GLASS STAR TREE DECORATION,0.2875,0.9018180306942877,B
21633,1351.97,31,SUNFLOWER DECORATIVE PARASOL,0.3875,0.901930875620471,B
22818,1349.52,19,CARD CHRISTMAS VILLAGE,0.2375,0.9020435160524205,B
21276,1348.49,8,TWO EMBOSSED HEART MINI DRAWERS,0.1,0.9021560705133248,B
47591d,1347.52,29,PINK FAIRY CAKE CHILDRENS APRON,0.3625,0.9022685440112059,B
22565,1347.4299999999998,56,FELTCRAFT HAIRBANDS PINK + WHITE ,0.7,0.9023810099970541,B
22157,1346.85,24,ANGEL DECORATION WITH LACE PADDED,0.3,0.9024934275720223,B
21867,1345.78,68,PINK UNION JACK  LUGGAGE TAG,0.85,0.902605755837264,B
85232A,1344.3300000000002,60,SET/3 POLKA DOT STACKING TINS,0.75,0.9027179630753062,B
85049a,1343.9299999999998,14,TRADITIONAL CHRISTMAS RIBBONS,0.175,0.9028301369265347,B
21644,1343.76,54,ASSORTED TUTTI FRUTTI HEART BOX,0.675,0.9029422965883673,B
21801,1341.6599999999999,40,CHRISTMAS TREE DECORATION WITH BELL,0.5,0.9030542809694283,B
20734,1341.18,55,SILVER MINI TAPE MEASURE ,0.6875,0.9031662252863129,B
22249,1340.43,52,DECORATION WHITE CHICK MAGIC GARDEN,0.65,0.9032781070029218,B
21807,1340.35,30,WHITE CHRISTMAS STAR DECORATION,0.375,0.9033899820421679,B
22695,1339.01,34,WICKER WREATH SMALL,0.425,0.9035017452355883,B
17129D,1337.58,10,CLEAR COLOUR GLASS GEMS IN BAG,0.125,0.9036133890711499,B
15056n,1337.4,32,EDWARDIAN PARASOL NATURAL,0.4,0.9037250178826454,B
22024,1333.16,70,RAINY LADIES BIRTHDAY CARD,0.875,0.9038362927939159,B
22677,1332.14,40,"FRENCH BLUE METAL DOOR SIGN, 2",0.5,0.9039474825688116,B
85180A,1329.32,27,RED HEARTS LIGHT CHAIN ,0.3375,0.904058436966671,B
84510B,1328.06,24,SET OF 4 FAIRY CAKES COASTERS ,0.3,0.9041692861960673,B
21157,1326.75,60,RED SPOTTY WASHBAG,0.75,0.9042800260836488,B
22035,1325.49,76,VINTAGE CARAVAN GREETING CARD ,0.95,0.9043906608027673,B
84748,1325.1599999999999,32,FOLK FELT HANGING MULTICOL GARLAND,0.4,0.9045012679777645,B
23144,1324.81,9,ZINC T-LIGHT HOLDER STARS SMALL,0.1125,0.9046118459392998,B
21927,1322.09,42,BLUE/CREAM STRIPE CUSHION COVER ,0.525,0.904722196870502,B
35965,1320.1200000000001,59,FOLKART HEART NAPKIN RINGS,0.7375,0.9048323833716471,B
22587,1320.09,58,"FELTCRAFT HAIRBAND, S/2, RED/BLUE",0.725,0.904942567368781,B
21205,1315.29,56,MULTICOLOUR 3D BALLS GARLAND,0.7,0.9050523507241509,B
21708,1314.84,40,FOLDING UMBRELLA  CREAM/MULTI  SPOT,0.5,0.9051620965193554,B
22586,1314.82,54,FELTCRAFT HAIRBAND PINK AND BLUE,0.675,0.9052718406452194,B
21789,1314.1299999999999,55,KIDS RAIN MAC PINK,0.6875,0.9053815271788298,B
21398,1312.65,48,RED  SPOTTY COFFEE  MUG,0.6,0.9054910901812295,B
84519B,1310.99,63,CARROT CHARLIE+LOLA COASTER SET,0.7875,0.9056005146283527,B
21744,1307.5200000000002,26,SNOWFLAKE PORTABLE TABLE LIGHT ,0.325,0.9057096494448671,B
21869,1306.3500000000001,21,POTTING SHED COFFEE MUG,0.2625,0.9058186866049516,B
23299,1306.26,7,FOOD COVER WITH BEADS SET 2 ,0.0875,0.905927716253003,B
21851,1306.09,46,LILAC DIAMANTE PEN IN GIFT BOX,0.575,0.9060367317116585,B
21610,1303.2700000000002,42,SET 12 PEAR BOTANICAL T-LIGHTS,0.525,0.9061455117932778,B
20802,1296.3899999999999,54,SMALL GLASS SUNDAE DISH CLEAR,0.675,0.906253717621702,B
21241,1296.21,42,GREEN SPOTTY CUP,0.525,0.9063619084260602,B
21011,1296.07,24,GLITTER SNOW PEAR TREE DECORATION,0.3,0.9064700875450334,B
22279,1296.06,52,POCKET BAG BLUE PAISLEY RED SPOT,0.65,0.9065782658293364,B
84854,1295.8200000000002,36,GIRLY PINK TOOL SET,0.45,0.9066864240815512,B
22517,1294.91,43,CHILDS GARDEN RAKE PINK,0.5375,0.9067945063787649,B
21125,1293.31,63,SET 6 FOOTBALL CELEBRATION CANDLES,0.7875,0.9069024551287239,B
22711,1292.34,46,WRAP CIRCUS PARADE,0.575,0.9070103229156596,B
20893,1292.2,36,HANGING BAUBLE T-LIGHT HOLDER SMALL,0.45,0.9071181790172107,B
84685,1290.57,51,BEACH HUT KEY CABINET,0.6375,0.9072258990674961,B
22026,1289.73,75,BANQUET BIRTHDAY  CARD  ,0.9375,0.9073335490054727,B
22068,1285.4499999999998,70, BLACK PIRATE TREASURE CHEST,0.875,0.9074408417045431,B
85141,1280.74,41,JARDIN ETCHED GLASS FRUITBOWL,0.5125,0.9075477412738826,B
21280,1280.54,41,VINTAGE KITCHEN PRINT VEGETABLES,0.5125,0.9076546241498151,B
79323B,1279.28,19,BLACK CHERRY LIGHTS,0.2375,0.9077614018572847,B
21163,1279.22,61,DO NOT TOUCH MY STUFF DOOR HANGER ,0.7625,0.9078681745567323,B
22742,1276.8200000000002,33,MAKE YOUR OWN PLAYTIME CARD KIT,0.4125,0.9079747469352979,B
79030G,1276.11,47,"TUMBLER, NEW ENGLAND",0.5875,0.9080812600522691,B
84912B,1274.76,60,GREEN ROSE WASHBAG,0.75,0.9081876604887442,B
21681,1274.56,36,GIANT MEDINA STAMPED METAL BOWL ,0.45,0.9082940442318126,B
21082,1273.28,63,SET/20 FRUIT SALAD PAPER NAPKINS ,0.7875,0.9084003211370771,B
47566b,1273.05,25,TEA TIME PARTY BUNTING,0.3125,0.908506578844924,B
22931,1272.9,21,BAKING MOULD HEART WHITE CHOCOLATE,0.2625,0.9086128240327156,B
21399,1272.1,47,BLUE  SPOTTY  COFFEE MUG,0.5875,0.9087190024468799,B
21634,1271.43,38,ASSORTED MINI MADRAS NOTEBOOK,0.475,0.9088251249381313,B
23103,1269.83,6,BELL HEART DECORATION,0.075,0.908931113882128,B
51014L,1268.79,53,"FEATHER PEN,LIGHT PINK",0.6625,0.9090370160204091,B
21824,1268.33,25,PAINTED METAL STAR WITH HOLLY BELLS,0.3125,0.9091428797638546,B
84581,1268.09,65,DOG TOY WITH PINK CROCHET SKIRT,0.8125,0.9092487234752118,B
21616,1265.38,45,4 PEAR BOTANICAL DINNER CANDLES,0.5625,0.9093543409909065,B
22897,1265.37,36,OVEN MITT APPLE DESIGN,0.45,0.9094599576719308,B
21675,1265.02,71,BUTTERFLIES STICKERS,0.8875,0.9095655451394932,B
85034C,1262.56,40,3 ROSE MORRIS BOXED CANDLES,0.5,0.9096709272781515,B
20703,1262.47,48,BLUE PADDED SOFT MOBILE,0.6,0.9097763019047768,B
21803,1262.3899999999999,35,CHRISTMAS TREE STAR DECORATION,0.4375,0.9098816698540394,B
21146,1261.6699999999998,15,ANTIQUE GLASS RIDGED HANGING BALL,0.1875,0.9099869777070373,B
20668,1261.55,50,DISCO BALL CHRISTMAS DECORATION,0.625,0.9100922755439912,B
22290,1260.8200000000002,15,STANDING METAL RABBIT WITH EGG,0.1875,0.91019751245001,B
21278,1260.1,47,VINTAGE KITCHEN PRINT PUDDINGS,0.5875,0.9103026892597643,B
77101A,1258.47,43,UNION FLAG WINDSOCK,0.5375,0.9104077300182529,B
22986,1257.48,38,GINGHAM ROSE WRAP,0.475,0.9105126881443777,B
20684,1254.71,60,STRAWBERRY DREAM CHILDS UMBRELLA,0.75,0.9106174150668179,B
21819,1254.1999999999998,25,GLITTER CHRISTMAS STAR ,0.3125,0.9107220994210705,B
17091A,1252.73,56,LAVENDER INCENSE IN TIN,0.7,0.910826661078783,B
35957,1252.29,31,SMALLFOLKART BAUBLE CHRISTMAS DEC,0.3875,0.9109311860110003,B
85127,1252.23,39,SMALL SQUARE CUT GLASS CANDLESTICK,0.4875,0.9110357059351958,B
21837,1250.9,21,CROSS STITCH ALPHABET CUSHION COVER,0.2625,0.9111401148482358,B
84967B,1249.45,10,BLUE KASHMIRI OCCASIONAL TABLE,0.125,0.911244402734076,B
21618,1249.31,48,4 WILDFLOWER BOTANICAL CANDLES,0.6,0.9113486789345316,B
46775E,1249.0,14,CANDY POP CHUNKY KNITTED THROW ,0.175,0.9114529292602067,B
70007,1247.9199999999998,34,HI TEC ALPINE HAND WARMER,0.425,0.9115570894414848,B
21581,1247.6399999999999,51,SKULLS  DESIGN  COTTON TOTE BAG,0.6375,0.9116612262519934,B
22985,1247.24,35,"WRAP, BILLBOARD FONTS DESIGN",0.4375,0.9117653296756884,B
85049H,1244.47,62,URBAN BLACK RIBBONS ,0.775,0.9118692018956986,B
23205,1243.04,10,CHARLOTTE BAG VINTAGE ALPHABET ,0.125,0.9119729547578499,B
17084R,1242.69,36,ASSORTED INCENSE PACK,0.45,0.9120766784065393,B
20798,1240.55,40,CLEAR MILKSHAKE GLASS,0.5,0.9121802234357757,B
22535,1238.05,59,MAGIC DRAWING SLATE BUNNIES ,0.7375,0.9122835597974266,B
22322,1236.9099999999999,71,BIRD DECORATION GREEN  SPOT,0.8875,0.9123868010066585,B
22052,1236.68,52,VINTAGE CARAVAN GIFT WRAP,0.65,0.9124900230184726,B
22716,1234.97,52,CARD CIRCUS PARADE,0.65,0.9125931023016582,B
21410,1233.45,46,COUNTRY COTTAGE  DOORSTOP GREEN,0.575,0.912696054714952,B
21541,1232.54,43,DINOSAURS WATER TRANSFER TATTOOS ,0.5375,0.9127989311732444,B
48173c,1231.65,22,DOOR MAT BLACK FLOCK ,0.275,0.9129017333458767,B
35649,1230.11,18,VINTAGE BEAD COSMETIC BAG ,0.225,0.9130044069792762,B
40003,1228.27,42,WHITE BAMBOO RIBS LAMPSHADE,0.525,0.913106927033333,B
22410,1226.19,54,MONEY BOX HOUSEKEEPING DESIGN,0.675,0.9132092734759585,B
23162,1225.1000000000001,7,REGENCY TEA STRAINER,0.0875,0.913311528939517,B
21759,1224.52,8,METAL WALL SHELF UNIT WITH HOOKS,0.1,0.9134137359921954,B
20933,1222.48,27,YELLOW POT PLANT CANDLE,0.3375,0.9135157727721244,B
22678,1221.5,41,"FRENCH BLUE METAL DOOR SIGN, 3",0.5125,0.9136177277543598,B
22913,1221.38,27,RED COAT RACK PARIS FASHION,0.3375,0.9137196727205512,B
22991,1219.58,17,GIRAFFE WOODEN RULER,0.2125,0.9138214674460811,B
84659A,1219.0,57,WHITE TRAVEL ALARM CLOCK,0.7125,0.913923213760731,B
22935,1218.52,19,BAKING MOULD ROSE MILK CHOCOLATE,0.2375,0.9140249200112046,B
84006,1217.0,53,MAGIC TREE -PAPER FLOWERS,0.6625,0.9141264993917863,B
84466,1216.6899999999998,23,TOP SECRET PEN SET,0.2875,0.9142280528975872,B
21281,1216.58,38,VINTAGE KITCHEN PRINT SEAFOOD,0.475,0.9143295972220146,B
21287,1214.73,36,SCENTED VELVET LOUNGE CANDLE ,0.45,0.9144309871324287,B
84562A,1214.49,39,PINK/WHITE RIBBED MELAMINE JUG,0.4875,0.9145323570107546,B
21841,1212.32,41,BABY MOUSE RED GINGHAM DRESS,0.5125,0.9146335457656164,B
21910,1211.73,44,WAY OUT METAL SIGN ,0.55,0.914734685274928,B
22163,1209.0700000000002,46,HEART STRING MEMO HOLDER HANGING,0.575,0.9148356027619288,B
22831,1208.92,27,WHITE BROCANTE SOAP DISH,0.3375,0.9149365077288744,B
21549,1208.44,16,CERAMIC BIRDHOUSE RED ROOF SMALL,0.2,0.9150373726316434,B
85136C,1207.3200000000002,38,RED SHARK HELICOPTER,0.475,0.9151381440513344,B
22680,1206.64,41,"FRENCH BLUE METAL DOOR SIGN, 5",0.5125,0.9152388587134421,B
23009,1206.4399999999998,14,I LOVE LONDON BABY GIFT SET,0.175,0.915339556682143,B
21002,1203.29,52,ROSE DU SUD DRAWSTRING BAG,0.65,0.9154399917296862,B
84688,1203.02,42,BEACH HUT DESIGN BLACKBOARD,0.525,0.91554040424113,B
22786,1199.2,20,PILLOWCUSHION COVER PINK UNION JACK,0.25,0.9156404979085034,B
23165,1195.87,6,LARGE CERAMIC TOP STORAGE JAR,0.075,0.9157403136306531,B
22932,1194.6000000000001,19,BAKING MOULD TOFFEE CUP CHOCOLATE,0.2375,0.9158400233496694,B
37342,1193.52,37,SPOTTY COFFEE CUP & SAUCER,0.4625,0.9159396429242888,B
85162B,1193.4,7,BLACK RETRODISC LAMPSHADE,0.0875,0.9160392524828641,B
21330,1193.3,37,WOODLAND ANIMAL  WRITING SET ,0.4625,0.916138853694736,B
22258,1193.27,35,FELT FARM ANIMAL RABBIT,0.4375,0.9162384524025969,B
21904,1191.02,57,HOUSE WRECKING METAL SIGN ,0.7125,0.9163378633096309,B
22540,1187.53,51,MINI JIGSAW CIRCUS PARADE ,0.6375,0.9164369829167155,B
85135B,1186.9,33,BLUE DRAGONFLY HELICOPTER,0.4125,0.9165360499395688,B
85200,1186.59,25,BUNNY EGG BOX,0.3125,0.9166350910876414,B
21680,1185.97,60,WOODLAND  STICKERS,0.75,0.9167340804861529,B
22211,1184.87,61,WOOD STAMP SET FLOWERS,0.7625,0.9168329780709267,B
22250,1182.58,69,DECORATION  BUTTERFLY  MAGIC GARDEN,0.8625,0.9169316845161923,B
22228,1179.76,52,BUNNY WOODEN PAINTED WITH BIRD ,0.65,0.9170301555844216,B
22712,1178.78,44,CARD DOLLY GIRL ,0.55,0.9171285448549573,B
21637,1177.41,40,ASSORTED SANSKRIT MINI NOTEBOOK,0.5,0.9172268197756562,B
22103,1176.49,43,MIRROR MOSAIC T-LIGHT HOLDER ROUND,0.5375,0.9173250179066839,B
22948,1176.33,34,METAL DECORATION NAUGHTY CHILDREN ,0.425,0.9174232026829859,B
22651,1175.05,39,GENTLEMAN SHIRT REPAIR KIT ,0.4875,0.9175212806214843,B
35962,1172.5800000000002,23,12 ASS ZINC CHRISTMAS DECORATIONS,0.2875,0.9176191523964082,B
21312,1172.42,16,LARGE CHUNKY GLASS ROMAN BOWL,0.2,0.9177170108166067,B
23109,1170.7,6,LED TEA LIGHTS,0.075,0.9178147256735064,B
10133,1170.49,60,COLOURING PENCILS BROWN TUBE,0.75,0.9179124230023289,B
20738,1169.97,34,GREEN MINI TAPE MEASURE ,0.425,0.9180100769282937,B
23054,1168.0,16,RECYCLED ACAPULCO MAT LAVENDER,0.2,0.9181075664242012,B
23158,1167.8400000000001,12,SET OF 5 LUCKY CAT MAGNETS ,0.15,0.9182050425653832,B
84012,1165.57,41,MAGIC SHEEP WOOL GROWING FROM PAPER,0.5125,0.9183023292363977,B
21991,1163.35,50,BOHEMIAN COLLAGE STATIONERY SET,0.625,0.9183994306105961,B
85036B,1161.9099999999999,31,CHOCOLATE 1 WICK MORRIS BOX CANDLE,0.3875,0.9184964117922656,B
82615,1160.28,32,PINK MARSHMALLOW SCARF KNITTING KIT,0.4,0.9185932569226692,B
85173,1159.84,53,SET/6 FROG PRINCE T-LIGHT CANDLES,0.6625,0.9186900653275778,B
79302M,1156.8,40,"ART LIGHTS,FUNK MONKEY",0.5,0.9187866199927027,B
23240,1155.18,2,SET OF 4 KNICK KNACK TINS DOILEY ,0.025,0.9188830394412321,B
23256,1153.66,11,CHILDRENS CUTLERY SPACEBOY ,0.1375,0.9189793320198696,B
85118,1152.94,38,HEART T-LIGHT HOLDER,0.475,0.9190755645022425,B
20996,1152.47,63,JAZZ HEARTS ADDRESS BOOK,0.7875,0.9191717577551094,B
22336,1152.0500000000002,45,DOVE DECORATION PAINTED ZINC ,0.5625,0.9192679159518219,B
22363,1151.97,55,GLASS JAR MARMALADE ,0.6875,0.9193640674711717,B
23065,1149.76,10,LARGE DECO JEWELLERY STAND,0.125,0.919460034528376,B
21316,1149.07,30,SMALL CHUNKY GLASS ROMAN  BOWL,0.375,0.9195559439933266,B
22287,1147.36,29,"DECORATION , WOBBLY CHICKEN, METAL ",0.3625,0.9196517107296488,B
21413,1146.22,30,PERIWINKLE T-LIGHT HOLDER,0.375,0.9197473823135522,B
21282,1145.13,34,NATURAL BARK CANDLE LARGE,0.425,0.9198429629183883,B
20902,1144.99,47,VINTAGE KEEPSAKE BOX PARIS DAYS,0.5875,0.9199385318378396,B
22955,1144.1000000000001,26,36 FOIL STAR CAKE CASES ,0.325,0.9200340264716305,B
85039A,1141.6299999999999,51,SET/4 RED MINI ROSE CANDLE IN BOWL,0.6375,0.9201293149418469,B
22934,1140.53,17,BAKING MOULD EASTER EGG WHITE CHOC,0.2125,0.9202245115983257,B
22533,1138.92,48,MAGIC DRAWING SLATE BAKE A CAKE ,0.6,0.9203195738728797,B
21070,1134.33,71,VINTAGE BILLBOARD MUG ,0.8875,0.9204142530337467,B
85130A,1132.9999999999998,42,BEADED PEARL HEART WHITE LARGE,0.525,0.9205088211834583,B
21983,1131.9699999999998,75,PACK OF 12 BLUE PAISLEY TISSUES ,0.9375,0.9206033033621248,B
21158,1130.3,64,MOODY GIRL DOOR HANGER ,0.8,0.9206976461508442,B
85194L,1129.74,34,HANGING SPRING FLOWER EGG LARGE,0.425,0.9207919421980244,B
21446,1129.69,66,12 RED ROSE PEG PLACE SETTINGS,0.825,0.9208862340718529,B
21689,1129.37,32,SILVER VANILLA  FLOWER CANDLE POT,0.4,0.9209804992362304,B
23112,1122.98,6,PARISIENNE CURIO CABINET,0.075,0.9210742310462596,B
22679,1122.37,41,"FRENCH BLUE METAL DOOR SIGN, 4",0.5125,0.921167911941398,B
84313B,1121.15,38,BLUE TV TRAY TABLE ,0.475,0.9212614910067547,B
84665,1120.75,25,SQUARE CHERRY BLOSSOM CABINET,0.3125,0.9213550366852978,B
35810A,1120.38,60,ENAMEL PINK COFFEE CONTAINER,0.75,0.9214485514810382,B
84750B,1120.17,38,BLACK SMALL GLASS CAKE STAND,0.475,0.9215420487487015,B
23231,1119.26,23,WRAP DOILEY DESIGN,0.2875,0.9216354700613636,B
22912,1119.21,27,YELLOW COAT RACK PARIS FASHION,0.3375,0.9217288872006741,B
84830,1118.65,5,LARGE ENGLISH ARBORETUM,0.0625,0.9218222575984455,B
20733,1118.44,55,GOLD MINI TAPE MEASURE ,0.6875,0.9219156104681395,B
22673,1117.88,39,FRENCH GARDEN SIGN BLUE METAL,0.4875,0.9220089165962946,B
21199,1117.59,60,PINK  HEART CONFETTI IN TUBE,0.75,0.9221021985190097,B
21284,1117.41,44,RETRO SPOT CANDLE  SMALL,0.55,0.9221954654176586,B
84910A,1114.13,33,PINK PAISLEY CUSHION COVER ,0.4125,0.9222884585444355,B
21277,1108.84,30,FRENCH STYLE EMBOSSED HEART CABINET,0.375,0.9223810101306017,B
85169A,1108.0,50,IVORY LOVE BIRD CANDLE,0.625,0.922473491604459,B
72803A,1107.25,50,ROSE SCENT CANDLE JEWELLED DRAWER,0.625,0.9225659104780408,B
22317,1106.45,55,FIVE CATS HANGING DECORATION,0.6875,0.9226582625779952,B
21620,1105.95,47,S/4 ROSE    BOTANICAL  CANDLE,0.5875,0.9227505729444325,B
22973,1104.28,28,CHILDRENS CIRCUS PARADE MUG,0.35,0.9228427439209228,B
22323,1104.12,40,PINK POLKADOT KIDS BAG,0.5,0.9229349015426876,B
22265,1102.51,52,EASTER DECORATION NATURAL CHICK,0.65,0.9230269247825275,B
84637,1102.2,38,KITCHEN FLOWER POTS WALL PLAQUE,0.475,0.9231189221475866,B
21542,1101.8,35,WOODLAND WATER TRANSFER TATTOOS ,0.4375,0.9232108861258322,B
21425,1100.94,43,SKULLS STORAGE BOX LARGE,0.5375,0.9233027783224284,B
22182,1098.86,50,CAKE STAND VICTORIAN FILIGREE SMALL,0.625,0.9233944969075935,B
37482B,1097.31,6,CUBIC MUG BLUE POLKA DOT,0.075,0.9234860861188556,B
35004G,1096.26,40,SET OF 3 GOLD FLYING DUCKS,0.5,0.923577587689732,B
72800B,1095.55,39,S/4 PURPLE DINNER CANDLE BLK FLOCK,0.4875,0.923669029999014,B
85177,1094.37,52,BASKET OF FLOWERS SEWING KIT,0.65,0.9237603738171957,B
21251,1094.1200000000001,49,DINOSAUR HEIGHT CHART STICKER SET,0.6125,0.9238516967686188,B
21477,1093.11,7,STRING OF 20 ROSE LIGHTS,0.0875,0.9239429354183374,B
21391,1091.7,56,FRENCH EMROIDR LAVENDER SCENT HEART,0.7,0.9240340563795378,B
22319,1090.93,54,HAIRCLIPS FORTIES FABRIC ASSORTED,0.675,0.924125113071122,B
22316,1090.67,51,200 BENDY SKULL STRAWS,0.6375,0.9242161480612773,B
23177,1088.32,16,TREASURE ISLAND BOOK BOX,0.2,0.9243069869039023,B
22949,1087.24,35,36 DOILIES DOLLY GIRL,0.4375,0.9243977356021305,B
85163B,1084.43,35,BLACK BAROQUE WALL CLOCK ,0.4375,0.9244882497579925,B
22735,1082.71,18,RIBBON REEL SOCKS AND MITTENS,0.225,0.9245786203505559,B
21806,1079.95,31,WHITE CHRISTMAS HEART DECORATION,0.3875,0.9246687605741049,B
20766,1079.39,54,GARDEN PATH SKETCHBOOK,0.675,0.9247588540561148,B
84750A,1078.4299999999998,23,PINK SMALL GLASS CAKE STAND,0.2875,0.9248488674097719,B
47587A,1077.78,11,PINK FAIRY CAKE COASTER,0.1375,0.9249388265098567,B
85224,1077.3600000000001,37,ASSORTED COLOUR SILK GLASSES CASE,0.4625,0.9250287505537872,B
85176,1077.3,67,SEWING SUSAN 21 NEEDLE SET,0.8375,0.9251186695896957,B
85099f,1077.08,17,JUMBO BAG STRAWBERRY,0.2125,0.9252085702628567,B
21279,1074.1599999999999,47,VINTAGE KITCHEN PRINT FRUITS,0.5875,0.925298227212278,B
37479B,1072.9,24,CUBIC MUG FLOCK BLUE ON BROWN,0.3,0.9253877789932361,B
22614,1071.33,51,PACK OF 12 SPACEBOY TISSUES,0.6375,0.9254771997309506,B
20762,1069.75,49,GREEN FERN SKETCHBOOK ,0.6125,0.9255664885907511,B
21873,1069.24,61,IF YOU CAN'T STAND THE HEAT MUG,0.7625,0.9256557348823642,B
84535B,1068.6100000000001,74,FAIRY CAKES NOTEBOOK A6 SIZE,0.925,0.9257449285897458,B
22267,1067.67,30,EASTER DECORATION EGG BUNNY ,0.375,0.9258340438381152,B
35637A,1067.29,20,IVORY STRING CURTAIN WITH POLE ,0.25,0.9259231273690115,B
20825,1066.3200000000002,4,GOLD WINE GLASS,0.05,0.9260121299368849,B
17096,1062.5800000000002,50,ASSORTED LAQUERED INCENSE HOLDERS,0.625,0.9261008203380504,B
21690,1062.09,42,SILVER  CANDLEPOT JARDIN ,0.525,0.9261894698403692,B
21189,1061.62,41,WHITE HONEYCOMB PAPER GARLAND ,0.5125,0.9262780801131819,B
23154,1061.3500000000001,13,SET OF 4 JAM JAR MAGNETS,0.1625,0.9263666678498954,B
20840,1061.07,22,FRENCH FLORAL CUSHION COVER ,0.275,0.9264552322158394,B
23169,1060.96,6,CLASSIC GLASS COOKIE JAR,0.075,0.9265437874004097,B
22256,1060.1200000000001,40,FELT FARM ANIMAL CHICKEN,0.5,0.926632272472671,B
15056bl,1059.66,32,EDWARDIAN PARASOL BLACK,0.4,0.9267207191500968,B
84678,1058.59,44,CLASSICAL ROSE SMALL VASE,0.55,0.926809076517796,B
21926,1056.6200000000001,43,RED/CREAM STRIPE CUSHION COVER ,0.5375,0.9268972694554378,B
84616,1056.54,12,SILVER ROCCOCO CHANDELIER,0.15,0.9269854557157169,B
85055,1054.51,48,FRENCH ENAMEL UTENSIL HOLDER,0.6,0.9270734725379167,B
84908B,1052.29,22,BLUE 5 PATCH FLOWER CUSHION COVER,0.275,0.9271613040633006,B
84908A,1052.1100000000001,23,PINK 5 PATCH FLOWER CUSHION COVER ,0.2875,0.9272491205646184,B
85129D,1051.94,60,BEADED CRYSTAL HEART PINK SMALL,0.75,0.9273369228765402,B
21775,1051.86,70,DECORATIVE FLORE BATHROOM BOTTLE,0.875,0.9274247185110995,B
21632,1050.71,24,VINTAGE PINK DECORATIVE PARASOL,0.3,0.9275124181585696,B
84965A,1050.0,3,PINK KASHMIRI COFFEE TABLE ,0.0375,0.9276000585444453,B
84596E,1049.45,54,SMALL LICORICE DES PINK BOWL,0.675,0.9276876530234521,B
23232,1044.5,19,WRAP VINTAGE PETALS  DESIGN,0.2375,0.9277748343406399,B
85135C,1043.63,34,RED DRAGONFLY HELICOPTER,0.425,0.927861943041508,B
21828,1038.02,58,EIGHT PIECE SNAKE  SET,0.725,0.9279485834923143,B
85159A,1037.43,41,"BLACK TEA,COFFEE,SUGAR JARS",0.5125,0.9280351746975706,B
85231G,1037.1599999999999,69,ORANGE SCENTED SET/9 T-LIGHTS,0.8625,0.9281217433667276,B
85124C,1035.78,55,GREEN JUICY FRUIT PHOTO FRAME,0.6875,0.9282081968513775,B
22402,1034.99,53,MAGNETS PACK OF 4 VINTAGE COLLAGE,0.6625,0.9282945843970702,B
20686,1034.65,57,DOLLY MIXTURE CHILDREN'S UMBRELLA,0.7125,0.9283809435639716,B
21785,1033.99,41,RAIN PONCHO ,0.5125,0.9284672476426302,B
22683,1033.2,42,"FRENCH BLUE METAL DOOR SIGN, 8",0.525,0.9285534857823319,B
23194,1032.62,15,GYMKHANNA TREASURE BOOK BOX,0.1875,0.9286396755111537,B
22210,1027.08,56,WOOD STAMP SET BEST WISHES,0.7,0.9287254028326063,B
21738,1026.6100000000001,38,COSY SLIPPER SHOES SMALL  RED ,0.475,0.9288110909245528,B
22098,1026.32,65,BOUDOIR SQUARE TISSUE BOX,0.8125,0.9288967548110595,B
21286,1026.3,38,RETRO SPOT CANDLE  LARGE,0.475,0.9289824170282255,B
22681,1024.64,41,"FRENCH BLUE METAL DOOR SIGN, 6",0.5125,0.9290679406901148,B
79163,1022.73,32,BLACK CHAMPAGNE GLASS,0.4,0.9291533049299687,B
21827,1020.9,44,EIGHT PIECE CREEPY CRAWLIE SET,0.55,0.9292385164251502,B
84396,1020.8699999999999,10,6 HOOK JEWELLERY STAND BLACK DRESS,0.125,0.9293237254163206,B
84631,1020.63,29,FRUIT TREE AND BIRDS WALL PLAQUE,0.3625,0.9294089143754029,B
21145,1016.33,26,ANTIQUE GLASS PLACE SETTING,0.325,0.9294937444262381,B
85170D,1016.12,52,SET/6 PINK BIRD T-LIGHT CANDLES,0.65,0.9295785569489962,B
21649,1014.97,4,ASSORTED TUTTI FRUTTI PHOTO FRAME,0.05,0.929663273484665,B
20761,1013.38,53,BLUE PAISLEY SKETCHBOOK,0.6625,0.9297478573077497,B
23110,1010.72,6,PARISIENNE KEY CABINET ,0.075,0.9298322191085233,B
22682,1010.5,41,"FRENCH BLUE METAL DOOR SIGN, 7",0.5125,0.9299165625465494,B
21972,1005.9499999999999,60,SET OF 36 DINOSAUR PAPER DOILIES,0.75,0.93000052620957,B
85179B,1005.45,21,WHITE BITTY LIGHT CHAIN ,0.2625,0.9300844481390735,B
20892,1003.53,26,SET/3 TALL GLASS CANDLE HOLDER PINK,0.325,0.9301682098118714,B
22416,1000.1099999999999,56,36 DOILIES SPACEBOY DESIGN ,0.7,0.9302516860274125,B
84638,999.94,34,SMALL KITCHEN FLOWER POTS PLAQUE,0.425,0.9303351480535577,B
84816,998.7,14,DANISH ROSE BEDSIDE CABINET,0.175,0.9304185065805806,B
21051,998.58,50,RIBBONS PURSE ,0.625,0.9305018550915594,B
84815,996.82,23,SET OF 3 DANISH ROSE PLANTERS,0.2875,0.9305850567005581,B
22094,995.41,67,RED POLKA DOT TISSUE BOX,0.8375,0.9306681406210386,B
21248,995.0799999999999,54,DOOR HANGER  MUM + DADS ROOM,0.675,0.930751196997398,B
84791,994.2600000000001,29,GINGHAM HEART DECORATION,0.3625,0.9308341849307891,B
21973,993.52,58,SET OF 36 MUSHROOM PAPER DOILIES,0.725,0.930917111098575,B
22306,991.16,22,SILVER MUG BONE CHINA TREE OF LIFE,0.275,0.9309998402841603,B
22422,990.6400000000001,49,TOOTHPASTE TUBE PEN,0.6125,0.9310825260668879,B
35241,990.59,52,ENAMEL BLUE RIM BISCUIT BIN,0.65,0.9311652076762638,B
84964B,990.0,2,BLUE PAINTED KASHMIRI TABLE ,0.025,0.9312478400400894,B
82613D,989.54,63,METAL SIGN CUPCAKE SINGLE HOOK,0.7875,0.9313304340090793,B
84989A,989.4200000000001,54,75 GREEN FAIRY CAKE CASES,0.675,0.9314130179620251,B
21198,988.4999999999999,48,WHITE HEART CONFETTI IN TUBE,0.6,0.9314955251252995,B
22264,988.0899999999999,49,FELT FARM ANIMAL WHITE BUNNY ,0.6125,0.93157799806709,B
85025C,987.9499999999999,54,PINK HEART SHAPE PHOTO FRAME,0.675,0.9316604593234955,B
22922,987.55,19,FRIDGE MAGNETS US DINER ASSORTED,0.2375,0.9317428871930875,B
21065,987.42,34,BOOM BOX SPEAKER GIRLS,0.425,0.9318253042119651,B
23168,986.72,6,CLASSIC SUGAR DISPENSER,0.075,0.9319076628039187,B
21366,985.43,37,MIRRORED WALL ART PHOTO FRAMES,0.4625,0.9319899137233982,B
23146,982.8000000000001,9,TRIPLE HOOK ANTIQUE IVORY ROSE,0.1125,0.9320719451245779,B
21839,982.0400000000001,36,MUMMY MOUSE RED GINGHAM RIBBON,0.45,0.9321539130908115,B
46776F,981.98,48,WOVEN ROSE GARDEN CUSHION COVER ,0.6,0.9322358760490232,B
21040,980.3599999999999,30,MODERN VINTAGE COTTON SHOPPING BAG,0.375,0.9323177037906395,B
22247,979.99,40,BUNNY DECORATION MAGIC GARDEN,0.5,0.9323995006494532,B
20729,977.98,23,RED SPOTTY CANDY BAG,0.2875,0.9324811297395281,B
21752,977.8699999999999,14,GLASS CAKE STAND MIRRORED BASE,0.175,0.9325627496482294,B
20767,977.8399999999999,57,BLUE PAISLEY JOURNAL ,0.7125,0.9326443670529195,B
85124A,977.29,32,PINK JUICY FRUIT PHOTO FRAME,0.4,0.9327259385507408,B
22209,975.9499999999999,57,WOOD STAMP SET HAPPY BIRTHDAY,0.7125,0.9328073982027364,B
84625A,974.65,36,PINK NEW BAROQUECANDLESTICK CANDLE,0.45,0.9328887493475876,B
22599,973.3399999999999,18,CHRISTMAS MUSICAL ZINC STAR,0.225,0.9329699911506241,B
21576,973.2,58,LETS GO SHOPPING COTTON TOTE BAG,0.725,0.9330512212682757,B
22714,972.51,52,CARD BIRTHDAY COWBOY,0.65,0.9331323937936737,B
22685,971.83,37,"FRENCH BLUE METAL DOOR SIGN, 0",0.4625,0.9332135095614886,B
21090,968.78,49,SET/6 COLLAGE PAPER PLATES,0.6125,0.9332943707548491,B
20772,968.15,49,GARDEN PATH JOURNAL,0.6125,0.9333751793639783,B
22859,967.6199999999999,21,EASTER TIN BUNNY BOUQUET,0.2625,0.9334559437355793,B
72800D,966.66,43,S/4 BLUE DINNER CANDLE SILVER FLOCK,0.5375,0.9335366279788274,B
22977,965.88,26,DOLLY GIRL CHILDRENS EGG CUP,0.325,0.933617247117789,B
23147,965.5799999999999,9,SINGLE ANTIQUE ROSE HOOK IVORY,0.1125,0.9336978412166403,B
22808,965.5200000000001,25,SET OF 6 T-LIGHTS EASTER CHICKS,0.3125,0.9337784303074697,B
84559B,963.4399999999999,62,3D SHEET OF CAT STICKERS,0.775,0.9338588457868677,B
22975,962.85,27,SPACEBOY CHILDRENS EGG CUP,0.3375,0.9339392120207157,B
84823,962.35,6,DANISH ROSE FOLDING CHAIR,0.075,0.9340195365210466,B
21058,961.8399999999999,66,PARTY INVITES WOODLAND,0.825,0.9340998184531901,B
21825,960.1099999999999,20,PAINTED METAL TREE WITH HOLLY BELLS,0.25,0.9341799559873645,B
21664,959.8199999999999,43,RIDGED GLASS STORAGE JAR CREAM LID,0.5375,0.9342600693160991,B
21836,959.13,39,GINGHAM OVEN GLOVE RED HEART ,0.4875,0.93434012505258,B
22705,958.86,42,WRAP GREEN PEARS ,0.525,0.9344201582529617,B
84843,956.77,48,WHITE SOAP RACK WITH 2 BOTTLES,0.6,0.934500017007242,B
72232,955.51,47,FENG SHUI PILLAR CANDLE,0.5875,0.9345797705930592,B
84664,955.35,17,CHERRY BLOSSOM BATHROOM CABINET,0.2125,0.9346595108241509,B
21694,953.0800000000002,36,SMALL REGAL  SILVER CANDLEPOT ,0.45,0.9347390615850751,B
21066,952.39,52,VINTAGE RED MUG,0.65,0.9348185547537459,B
20671,952.19,49,BLUE TEATIME PRINT BOWL ,0.6125,0.9348980312290096,B
84997a,951.22,25,GREEN 3 PIECE MINI DOTS CUTLERY SET,0.3125,0.9349774267412503,B
22684,951.16,38,"FRENCH BLUE METAL DOOR SIGN, 9",0.475,0.935056817245469,B
21842,950.25,9,PINK HEART CANDY BUTTON CALCULATOR,0.1125,0.9351361317946865,B
47589,948.7800000000001,35,CONGRATULATIONS BUNTING,0.4375,0.9352153236473637,B
22686,948.14,41,"FRENCH BLUE METAL DOOR SIGN, No",0.5125,0.9352944620811392,B
21779,946.0400000000001,4,MA CAMPAGNE MINI WOODEN CHEST,0.05,0.9353734252341428,B
72750B,945.4,24,"F.FAIRY S/3 CANDLE/GLASS,LAVENDER",0.3,0.9354523349682445,B
15034,945.1300000000001,66,PAPER POCKET TRAVELING FAN ,0.825,0.9355312221662472,B
22708,945.0,42,WRAP DOLLY GIRL,0.525,0.9356100985135354,B
21763,944.25,12,VINTAGE WOODEN BAR STOOL,0.15,0.9356889122605478,B
72816,943.91,27,SET/3 CHRISTMAS DECOUPAGE CANDLES,0.3375,0.9357676976287688,B
84358,943.2,24,FLOOR LAMP SHADE WOOD BASE,0.3,0.9358464237353954,B
90200D,940.61,50,PINK SWEETHEART BRACELET,0.625,0.9359249336624035,B
22269,940.29,51,EGG CUP NATURAL CHICKEN,0.6375,0.9360034168799606,B
21200,939.89,48,MULTICOLOUR HONEYCOMB PAPER GARLAND,0.6,0.9360818667107041,B
84918,939.52,22,CREAM C/COVER W YELLOW/GREEN FLOWER,0.275,0.9361602856586451,B
22608,939.11,31,PENS ASSORTED FUNKY JEWELED ,0.3875,0.9362386703851019,B
20867,938.14,46,PINK ROSE FABRIC MIRROR,0.575,0.9363169741485358,B
17021,937.38,39,NAMASTE SWAGAT INCENSE,0.4875,0.9363952144770236,B
22770,935.9,25,MIRROR CORNICE,0.3125,0.9364733312743008,B
22313,935.4200000000001,40,OFFICE MUG WARMER PINK,0.5,0.9365514080074017,B
23089,932.3499999999999,6,GLASS BON BON JAR,0.075,0.9366292284967075,B
84569D,932.1,57,PACK 6 HEART/ICE-CREAM PATCHES,0.7125,0.9367070281192549,B
20780,930.21,32,BLACK EAR MUFF HEADPHONES,0.4,0.9367846699891077,B
16235,929.74,69,RECYCLED PENCIL WITH RABBIT ERASER,0.8625,0.9368622726294545,B
21382,928.84,35,SET/4 SPRING FLOWER DECORATION,0.4375,0.9369398001494705,B
84873a,928.3199999999999,10,FUNKY FLOWER PICNIC BAG FOR 4,0.125,0.9370172842666288,B
21317,927.85,38,GLASS SPHERE CANDLE STAND MEDIUM,0.475,0.9370947291542809,B
20700,927.63,38,GREEN CAT FLORAL CUSHION COVER ,0.475,0.9371721556791857,B
84686,926.05,35,BEACH HUT MIRROR,0.4375,0.9372494503261763,B
85008,925.34,44,SET OF 3 CONEY ISLAND OVAL BOXES,0.55,0.9373266857115727,B
16033,925.3199999999999,31,MINI HIGHLIGHTER PENS,0.3875,0.9374039194276285,B
22051,924.0,51,BLUE SCANDINAVIAN PAISLEY WRAP,0.6375,0.9374810429671991,B
22268,923.5,44,EASTER DECORATION SITTING BUNNY,0.55,0.9375581247732526,B
46775A,923.0600000000001,5,BUBBLE GUM CHUNKY KNITTED THROW ,0.0625,0.9376351698538112,B
21530,922.1700000000001,51,DAIRY MAID CERAMIC TOASTRACK,0.6375,0.9377121406487093,B
85098B,920.92,41,BLUE FLYING SINGING CANARY,0.5125,0.9377890071098147,B
21945,920.83,52,STRAWBERRIES  DESIGN FLANNEL ,0.65,0.937865866058887,B
21358,920.26,60,TOAST ITS - HAPPY BIRTHDAY,0.75,0.9379426774317499,B
10125,919.83,51,MINI FUNKY DESIGN TAPES,0.6375,0.938019452913788,B
21010,919.76,19,ETCHED GLASS BIRD TREE DECORATION,0.2375,0.9380962225531337,B
20878,919.59,19,SET/9 CHRISTMAS T-LIGHTS SCENTED ,0.2375,0.9381729780030836,B
84536B,919.43,75,FAIRY CAKES NOTEBOOK A7 SIZE,0.9375,0.9382497200983081,B
72484,918.8800000000001,10,ROSES IN WHITE HEART CANDLE ,0.125,0.9383264162866639,B
21615,917.32,33,4 LAVENDER BOTANICAL DINNER CANDLES,0.4125,0.9384029822664463,B
22706,917.24,37,WRAP COWBOYS  ,0.4625,0.9384795415688659,B
85160A,917.15,22,WHITE BIRD GARDEN DESIGN MUG,0.275,0.9385560933592526,B
22062,916.3800000000001,49,CERAMIC BOWL WITH LOVE HEART DESIGN,0.6125,0.9386325808800229,B
85031C,915.49,37,CURIOUS IMAGES SCRAP BOOK SET,0.4625,0.9387089941151328,B
84596G,915.21,64,SMALL CHOCOLATES PINK BOWL,0.8,0.9387853839794732,B
84905,913.1899999999999,42,PINK BUTTERFLY C/COVER ,0.525,0.9388616052404044,B
20765,912.19,50,CHRYSANTHEMUM SKETCHBOOK ,0.625,0.9389377430343014,B
22254,911.51,51,FELT TOADSTOOL LARGE,0.6375,0.9390138240706153,B
22761,911.3299999999999,16,CHEST 7 DRAWER MA CAMPAGNE,0.2,0.939089890082863,B
23010,911.3,14,CIRCUS PARADE BABY GIFT SET,0.175,0.9391659535910998,B
21130,910.97,22,COLOURFUL STANDING GNOME,0.275,0.9392419895552153,B
84405A,910.46,25,S/3 PINK COL METAL BASKET W HANDLE,0.3125,0.9393179829511433,B
22996,910.13,18,TRAVEL CARD WALLET VINTAGE TICKET,0.225,0.9393939488029501,B
21593,910.0,22,SWALLOW CIGAR BOX MATCHES ,0.275,0.9394699038040425,B
22858,909.2399999999999,19,EASTER TIN KEEPSAKE,0.2375,0.9395457953701888,B
21088,909.2,33,SET/6 FRUIT SALAD PAPER CUPS,0.4125,0.9396216835976536,B
21162,908.7099999999999,62,TOXIC AREA  DOOR HANGER ,0.775,0.939697530926272,B
72819,908.55,43,CUPID DESIGN SCENTED CANDLES,0.5375,0.9397733649001647,B
37492B,908.0999999999999,26,BLUE YELLOW FLOWER PIGGY BANK,0.325,0.9398491613138921,B
20830,907.91,45,SILVER PHOTO FRAME,0.5625,0.939924941868883,B
21942,907.79,52,SKULLS DESIGN FLANNEL,0.65,0.9400007124078297,B
20783,907.54,20,HEART EAR MUFF HEADPHONES,0.25,0.9400764620800178,B
84360,904.84,25,TABLE LAMP WHITE SHADE WOOD BASE,0.3125,0.9401519863912138,B
37330,904.06,20,SPOTS MUG,0.25,0.9402274455981232,B
21579,903.22,48,LOLITA  DESIGN  COTTON TOTE BAG,0.6,0.9403028346927238,B
21815,901.6999999999999,28, STAR  T-LIGHT HOLDER ,0.35,0.9403780969174325,B
84658,899.97,30,WHITE STITCHED CUSHION COVER,0.375,0.9404532147441721,B
21289,898.06,44,LARGE STRIPES CHOCOLATE GIFT BAG,0.55,0.9405281731488765,B
82607A,897.4,40,GLASS BONBON JAR PARFUME AUX FLEURE,0.5,0.9406030764653383,B
21253,893.94,51,SET OF PICTURE FRAME  STICKERS,0.6375,0.9406776909858618,B
84666,892.7,16,SQUARE CHERRY BLOSSOM CABINET,0.2,0.940752202007263,B
85136A,891.9100000000001,34,YELLOW SHARK HELICOPTER,0.425,0.9408266470897071,B
21335,891.87,15,LIBRARY LAMP,0.1875,0.9409010888334699,B
21159,891.3299999999999,60,MOODY BOY  DOOR HANGER ,0.75,0.9409754855050343,B
22099,890.54,64,CARAVAN SQUARE TISSUE BOX,0.8,0.9410498162376416,B
22976,889.83,25,CIRCUS PARADE CHILDRENS EGG CUP ,0.3125,0.9411240877086547,B
72800F,886.72,31,4 IVORY DINNER CANDLES GOLD FLOCK,0.3875,0.9411980995971917,B
85093,885.39,47,CANDY SPOT EGG WARMER HARE,0.5875,0.9412720004745732,B
84559A,885.3399999999999,60,3D SHEET OF DOG STICKERS,0.75,0.9413458971786028,B
20984,884.99,47,12 PENCILS TALL TUBE POSY,0.5875,0.9414197646691707,B
22811,883.47,26,SET OF 6 T-LIGHTS CACTI ,0.325,0.9414935052898464,B
22280,882.05,44,POCKET BAG PINK PAISELY BROWN SPOT,0.55,0.9415671273873338,B
85159B,882.05,40,"WHITE TEA,COFFEE,SUGAR JARS",0.5,0.9416407494848212,B
23132,881.6,9,SMALL IVORY HEART WALL ORGANISER,0.1125,0.9417143340221431,B
85018D,881.25,21,YULETIDE IMAGES S/6 PAPER BOXES,0.2625,0.9417878893460031,B
22701,879.2800000000001,35,PINK DOG BOWL,0.4375,0.9418612802398058,B
23118,878.74,6,PARISIENNE JEWELLERY DRAWER ,0.075,0.9419346260614099,B
85144,878.65,31,JARDIN ETCHED GLASS BUTTER DISH,0.3875,0.9420079643709811,B
20704,877.8100000000001,26,MR ROBOT SOFT TOY,0.325,0.9420812325682436,B
85212,877.62,46,MINI PAINTED GARDEN DECORATION ,0.575,0.9421544849067695,B
22919,877.5300000000001,29,HERB MARKER MINT,0.3625,0.9422277297332623,B
23159,875.84,13,SET OF 5 PANCAKE DAY MAGNETS,0.1625,0.9423008335004673,B
22817,872.84,39,CARD SUKI BIRTHDAY,0.4875,0.94237368686657,B
22204,871.87,51,MILK PAN BLUE RETROSPOT,0.6375,0.9424464592696494,B
22201,871.67,49,FRYING PAN BLUE POLKADOT ,0.6125,0.942519214979322,B
22545,871.55,49,MINI JIGSAW BUNNIES,0.6125,0.9425919606729507,B
22307,869.22,24,GOLD MUG BONE CHINA TREE OF LIFE,0.3,0.9426645118883896,B
23156,868.2900000000001,13,SET OF 5 MINI GROCERY MAGNETS,0.1625,0.9427369854794867,B
22917,868.0600000000001,28,HERB MARKER ROSEMARY,0.35,0.9428094398731661,B
85071A,867.73,34,BLUE CHARLIE+LOLA PERSONAL DOORSIGN,0.425,0.9428818667227241,B
21691,867.24,33,SILVER VANILLA FLOWER CANDLE POT,0.4125,0.9429542526734355,B
21269,866.82,34,ANTIQUE CREAM CUTLERY SHELF ,0.425,0.9430266035679924,B
85125,865.94,31,SMALL ROUND CUT GLASS CANDLESTICK,0.3875,0.9430988810115593,B
21814,865.79,35,HEART T-LIGHT HOLDER ,0.4375,0.9431711459350709,B
22481,865.65,51,BLACK TEA TOWEL CLASSIC DESIGN,0.6375,0.9432433991731979,B
21007,864.0,16,ETCHED GLASS DROPLET DECORATION,0.2,0.9433155146907185,B
23128,863.8000000000001,15,FELTCRAFT BOY JEAN-PAUL KIT,0.1875,0.9433876135148324,B
20768,863.5,52,GREEN FERN JOURNAL ,0.65,0.9434596872988358,B
21059,862.43,68,PARTY INVITES DINOSAURS,0.85,0.9435316717731127,B
21338,861.3499999999999,8,MARAKESH LANTERN SMALL ,0.1,0.9436035661029928,B
23133,860.68,9,LARGE IVORY HEART WALL ORGANISER,0.1125,0.9436754045099599,B
84907,859.78,18,PINK/YELLOW PATCH CUSHION COVER,0.225,0.9437471677965962,B
85031A,859.73,41,ROMANTIC IMAGES SCRAP BOOK SET,0.5125,0.9438189269098809,B
40018F,857.14,32,CHERRY DESIGN PAPERLANTERNS,0.4,0.9438904698435472,B
21292,857.02,41,SMALL STRIPES CHOCOLATE GIFT BAG ,0.5125,0.9439620027611693,B
22048,856.8,48,BIRTHDAY BANQUET GIFT WRAP,0.6,0.9440335173160439,B
21580,855.79,46,RABBIT  DESIGN  COTTON TOTE BAG,0.575,0.9441049475692139,B
23163,855.59,8,REGENCY SUGAR TONGS,0.1,0.9441763611289771,B
84687,854.66,35,BEACH HUT SHELF W 3 DRAWERS,0.4375,0.9442476970643986,B
21131,854.16,26,GOLD STANDING GNOME,0.325,0.9443189912663029,B
22990,854.07,19,COTTON APRON PANTRY DESIGN,0.2375,0.9443902779561743,B
37424,851.62,42,WHITE WITH BLACK CATS MUG,0.525,0.9444613601518118,B
85162A,849.92,10,SILVER RETRODISC LAMPSHADE,0.125,0.9445323004534913,B
23253,849.52,7,16 PIECE CUTLERY SET PANTRY DESIGN,0.0875,0.9446032073683571,B
46776B,849.26,46,WOVEN BERRIES CUSHION COVER ,0.575,0.944674092581794,B
22324,847.97,50,BLUE POLKADOT KIDS BAG,0.625,0.944744870122757,B
21426,847.9300000000001,37,WOODLAND STORAGE BOX SMALL,0.4625,0.9448156443250385,B
84709B,847.88,43,PINK OVAL JEWELLED MIRROR,0.5375,0.9448864143539684,B
85124B,847.37,52,BLUE JUICY FRUIT PHOTO FRAME,0.65,0.9449571418147107,B
23142,846.44,8,IVORY WIRE KITCHEN ORGANISER,0.1,0.9450277916511113,B
20771,845.92,51,CHRYSANTHEMUM  JOURNAL,0.6375,0.9450983980846541,B
23192,844.9799999999999,6,BUNDLE OF 3 ALPHABET EXERCISE BOOKS,0.075,0.9451689260591849,B
21427,844.16,46,SKULLS STORAGE BOX SMALL,0.575,0.9452393855907476,B
17033,844.06,25,"BROCADE PURSE,SMALL ARCH BUTTON",0.3125,0.9453098367756069,B
22916,843.7800000000001,29,HERB MARKER THYME,0.3625,0.9453802645896966,B
85165,842.9100000000001,22,CANDY PINK FRENCH BOUDOIR CLOCK,0.275,0.9454506197874666,B
20866,842.43,48,BLUE ROSE FABRIC MIRROR,0.6,0.9455209349210602,B
23111,840.96,4,PARISIENNE SEWING BOX,0.05,0.9455911273581136,B
21063,840.87,66,PARTY INVITES JAZZ HEARTS,0.825,0.9456613122831338,B
85180B,840.78,24,PINK HEARTS LIGHT CHAIN ,0.3,0.945731489696121,B
21805,840.63,23,WHITE CHRISTMAS TREE DECORATION ,0.2875,0.9458016545890532,B
22050,840.0,49,PINK PAISLEY ROSE GIFT WRAP,0.6125,0.9458717668977538,B
23155,839.52,13,KNICKERBOCKERGLORY MAGNET ASSORTED ,0.1625,0.9459418391422778,B
22756,836.78,37,LARGE YELLOW BABUSHKA NOTEBOOK ,0.4625,0.9460116826871283,B
21793,836.6,33,CLASSIC FRENCH STYLE BASKET BROWN,0.4125,0.9460815112079127,B
20731,835.42,41,POSY CANDY BAG,0.5125,0.9461512412375968,B
21320,834.2900000000001,33,GLASS CHALICE GREEN  LARGE ,0.4125,0.9462208769495322,B
85087,833.69,31,CANDY SPOT CUSHION COVER,0.3875,0.9462904625812472,B
16225,832.05,40,RATTLE SNAKE EGGS,0.5,0.9463599113270261,B
18007,829.76,38,ESSENTIAL BALM 3.5g TIN IN ENVELOPE,0.475,0.9464291689332968,B
84625C,829.5,29,BLUE NEW BAROQUE CANDLESTICK CANDLE,0.3625,0.9464984048381386,B
21250,829.48,34,SET OF SKULL WALL STICKERS,0.425,0.9465676390736397,B
85163A,828.52,28,WHITE BAROQUE WALL CLOCK ,0.35,0.9466367931807881,B
90175A,827.8,35,WHITE GLASS CHUNKY CHARM BRACELET,0.4375,0.9467058871916718,B
72815,825.58,19,3 WICK CHRISTMAS BRIAR CANDLE ,0.2375,0.9467747959057398,B
21555,823.15,49,CERAMIC STRAWBERRY TRINKET TRAY,0.6125,0.9468435017949146,B
84674,822.7400000000001,49,FLYING PIG WATERING CAN,0.6125,0.9469121734626055,B
22216,822.04,47,T-LIGHT HOLDER WHITE LACE,0.5875,0.9469807867033723,B
23254,821.69,11,CHILDRENS CUTLERY DOLLY GIRL ,0.1375,0.9470493707306772,B
21318,820.38,45,GLASS CHALICE BLUE SMALL ,0.5625,0.9471178454161675,B
84819,819.29,29,DANISH ROSE ROUND SEWING BOX,0.3625,0.9471862291225904,B
20803,819.0799999999999,43,SMALL PINK GLASS SUNDAE DISH,0.5375,0.9472545953009361,B
23233,819.0,23,WRAP POPPIES  DESIGN,0.2875,0.9473229548019192,B
22918,818.71,29,HERB MARKER PARSLEY,0.3625,0.9473912900974625,B
84509C,817.9000000000001,43,DOTTY PLACEMATS ,0.5375,0.9474595577847079,B
22400,817.89,47,MAGNETS PACK OF 4 HOME SWEET HOME,0.5875,0.9475278246372831,B
20986,817.15,54,BLUE CALCULATOR RULER,0.675,0.947596029724253,B
84925F,816.73,22,PSYCHEDELIC WALL THERMOMETER,0.275,0.9476641997550685,B
21303,816.6899999999999,10,FILIGREE WALL MIRROR  ANTIQUE WHITE,0.125,0.9477323664472026,B
72799A,816.6,11,BLACK PILLAR CANDLE SILVER FLOCK,0.1375,0.9478005256273037,B
84985A,816.5799999999999,58,SET OF 72 GREEN PAPER DOILIES,0.725,0.947868683138064,B
20615,816.1,59,BLUE SPOTTY PASSPORT COVER,0.7375,0.947936800584648,B
46000P,816.0,26,POLYESTER FILLER PAD 65CMx65CM,0.325,0.9480049096845286,B
22343,815.9,55,PARTY PIZZA DISH RED WHITE SPOT ,0.6875,0.9480730104377056,B
85145,813.0,21,JARDIN ETCHED GLASS LARGE BELL JAR,0.2625,0.9481408691364838,B
90200C,810.52,45,BLUE SWEETHEART BRACELET,0.5625,0.948208520837017,B
85031B,810.47,37,BLOSSOM IMAGES SCRAP BOOK SET,0.4625,0.9482761683641987,B
85036C,808.57,40,ROSE 1 WICK MORRIS BOXED CANDLE,0.5,0.9483436573040154,B
84800L,808.5500000000001,28,LARGE WHITE/PINK ROSE ART FLOWER,0.35,0.9484111445744915,B
20934,808.0600000000001,27,SET/3 POT PLANT CANDLES,0.3375,0.9484785909461207,B
16046,807.7199999999999,34,TEATIME PEN CASE & PENS,0.425,0.9485460089389585,B
90147,806.75,35,CHUNKY SILVER NECKLACE PASTEL FLOWE,0.4375,0.948613345968773,B
21758,806.2800000000001,41,VINTAGE SHELLS PRINT,0.5125,0.9486806437690813,B
85110,805.4000000000001,17,BLACK SILVER FLOWER T-LIGHT HOLDER,0.2125,0.9487478681183998,B
23176,805.27,16,ABC TREASURE BOOK BOX ,0.2,0.9488150816170037,B
79066K,804.93,64,RETRO MOD TRAY,0.8,0.948882266736816,B
22403,797.79,47,MAGNETS PACK OF 4 VINTAGE LABELS ,0.5875,0.9489488559020043,B
85166B,796.6,26,BLACK METAL BAROQUE PHOTO FRAME,0.325,0.949015345741422,B
72814,795.4200000000001,19,SET/3 CHRISTMAS BRIAR CANDLES,0.2375,0.9490817370897393,B
21619,795.1899999999999,40,4 VANILLA BOTANICAL CANDLES,0.5,0.9491481092406389,B
22512,794.16,27,DOORSTOP RACING CAR DESIGN,0.3375,0.9492143954204931,B
20707,793.86,50,CRAZY DAISY HEART DECORATION,0.625,0.9492806565602372,B
21414,793.1899999999999,24,SCALLOP SHELL SOAP DISH,0.3,0.9493468617770684,B
22982,791.45,15,PANTRY PASTRY BRUSH,0.1875,0.94941292176126,B
20782,791.15,29,CAMOUFLAGE EAR MUFF HEADPHONES,0.3625,0.9494789567053415,B
21725,791.12,64,SWEETIES  STICKERS,0.8,0.949544989145412,B
22143,790.9800000000001,25,CHRISTMAS CRAFT HEART DECORATIONS,0.3125,0.9496110099000977,B
35598D,790.4300000000001,28,PINK/WHITE CHRISTMAS TREE 60CM,0.35,0.9496769847479145,B
21255,790.39,17,"FRENCH BOTTLE , LAVENDER",0.2125,0.9497429562570502,B
22025,789.34,67,RING OF ROSES BIRTHDAY CARD,0.8375,0.9498088401257998,B
22106,788.65,35,MIRROR MOSAIC HURRICANE LAMP ,0.4375,0.9498746664022959,B
22248,787.61,52,DECORATION  PINK CHICK MAGIC GARDEN,0.65,0.9499404058730764,B
22643,787.0,31,SET OF 4 NAPKIN CHARMS LEAVES   ,0.3875,0.9500060944289661,C
85226A,785.47,37,WHITE/BLUE PULL BACK RACING CAR,0.4625,0.9500716552802936,C
22104,783.06,48,MIRROR MOSAIC CANDLE PLATE,0.6,0.9501370149760687,C
22718,782.43,53,CARD CAT AND TREE ,0.6625,0.9502023220876122,C
21676,782.35,60,FLOWERS  STICKERS,0.75,0.950267622521793,C
82613B,781.29,65,"METAL SIGN,CUPCAKE SINGLE HOOK",0.8125,0.9503328344809175,C
85049e,780.13,22,SCANDINAVIAN REDS RIBBONS,0.275,0.9503979496182826,C
21209,778.77,48,MULTICOLOUR HONEYCOMB FAN,0.6,0.9504629512404811,C
23152,778.25,9,IVORY SWEETHEART WIRE LETTER RACK ,0.1125,0.9505279094598218,C
22123,777.27,49,PING MICROWAVE APRON,0.6125,0.950592785881469,C
21219,776.55,55,SET/4 BADGES BALLOON GIRL,0.6875,0.9506576022068517,C
21726,776.2099999999999,53,MULTI HEARTS  STICKERS,0.6625,0.9507223901534428,C
23093,774.33,6,SMALL PARISIENNE HEART PHOTO FRAME ,0.075,0.9507870211820096,C
21444,773.4100000000001,14,BLUE CHALET BIRDFEEDER,0.175,0.950851575420905,C
35471D,771.9599999999999,63,SET OF 3 BIRD LIGHT PINK FEATHER ,0.7875,0.9509160086326008,C
84767,771.8000000000001,3,ZINC POLICE BOX LANTERN,0.0375,0.9509804284895713,C
21376,771.44,29,LARGE  TALL CAMPHOR WOOD TOADSTOOL ,0.3625,0.9510448182984094,C
21721,770.79,51,CANDY SHOP  STICKER SHEET,0.6375,0.9511091538536751,C
22446,770.46,38,PIN CUSHION RUSSIAN DOLL PINK,0.475,0.9511734618648198,C
72529W,769.6899999999999,14,WHITE ADVENT CANDLE,0.175,0.9512377056063479,C
22511,768.45,40,DOORSTOP RUSSIAN DOLL RETROSPOT,0.5,0.9513018458487538,C
85214,766.9799999999999,56,TUB 24 PINK FLOWER PEGS,0.7,0.9513658633946195,C
85121B,766.39,19,RETRO LAUNDRY TUB PINK,0.2375,0.951429831694935,C
21850,766.18,33,BLUE  DIAMANTE PEN IN GIFT BOX,0.4125,0.9514937824671733,C
21478,766.02,28,SILVER SKULL HOT WATER BOTTLE ,0.35,0.9515577198846862,C
85121C,765.91,26,RETRO LAUNDRY TUB PISTACHIO,0.325,0.9516216481208253,C
20619,764.18,61,TROPICAL PASSPORT COVER ,0.7625,0.9516854319589952,C
84782A,763.95,14,PINK 3 TIER GLASS PLATE STAND,0.175,0.9517491965997473,C
20832,763.79,44,RED FLOCK LOVE HEART PHOTO FRAME,0.55,0.951812947885774,C
21458,761.86,25,2 PICTURE BOOK EGGS EASTER BUNNY,0.3125,0.9518765380804246,C
21299,761.8100000000001,12,EDWARDIAN TOILET ROLL UNIT ,0.15,0.9519401241017237,C
84578,761.61,17,ELEPHANT TOY WITH BLUE T-SHIRT,0.2125,0.9520036934296159,C
20669,760.48,53,RED HEART LUGGAGE TAG,0.6625,0.9520671684397595,C
20705,759.7900000000001,25,MRS ROBOT SOFT TOY,0.3125,0.9521305858576494,C
37333,759.1899999999999,35,"RETRO ""TEA FOR ONE"" ",0.4375,0.9521939531953189,C
37482P,758.49,32,CUBIC MUG PINK POLKA DOT,0.4,0.9522572621060645,C
22647,758.41,34,CERAMIC LOVE HEART MONEY BANK,0.425,0.9523205643394473,C
21392,758.19,25,RED SPOTTY PUDDING BOWL,0.3125,0.9523838482100826,C
72801G,757.41,33,S/4 BURGUNDY WINE DINNER CANDLES,0.4125,0.9524470669764313,C
22233,757.29,45,JIGSAW RABBIT AND BIRDHOUSE,0.5625,0.9525102757267359,C
22266,756.88,41,EASTER DECORATION HANGING BUNNY,0.5125,0.9525734502555565,C
21394,756.73,25,RED SPOTTY BEAKER ,0.3125,0.952636612264322,C
21298,755.8,4,EDWARDIAN 2 DRAWER WALL CABINET ,0.05,0.9526996966487458,C
85188A,754.42,26,GREEN METAL SWINGING BUNNY,0.325,0.9527626658486623,C
85131D,754.15,49,BEADED CRYSTAL HEART PINK\ON STICK,0.6125,0.9528256125124795,C
22393,753.29,42,PAPERWEIGHT VINTAGE COLLAGE,0.525,0.9528884873946475,C
22921,753.01,27,HERB MARKER CHIVES ,0.3375,0.9529513389060458,C
22289,752.41,34,"DECORATION , HANGING METAL CHICKEN",0.425,0.9530141403372236,C
22058,750.5699999999999,34,CERAMIC LOVE HEARTS DESIGN MUG,0.425,0.9530767881890586,C
84653,750.48,7,GREEN ROSE QUILT ,0.0875,0.9531394285288606,C
35647,748.24,36,VINTAGE BEAD PINK SHADE ,0.45,0.953201881902506,C
16244B,747.9699999999999,14,MAXWELL 2 TONE BLUE 60 PAGE PHOTO A,0.175,0.9532643127400522,C
21396,747.85,16,RED SPOTTY EGG CUP ,0.2,0.9533267335615542,C
21285,747.36,32,RETRO SPOT CANDLE  MEDIUM,0.4,0.9533891134842095,C
22040,745.8,47,BOTANICAL ROSE GIFT WRAP,0.5875,0.9534513631982915,C
22860,744.05,18,EASTER TIN CHICKS PINK DAISY,0.225,0.9535134668450638,C
20910,743.42,34,VINTAGE PHOTO ALBUM PARIS DAYS,0.425,0.9535755179076045,C
22049,742.5,19,WRAP CHRISTMAS SCREEN PRINT,0.2375,0.9536374921804738,C
35653,742.3800000000001,44,VINTAGE BEAD NOTEBOOK,0.55,0.9536994564372989,C
20894,742.08,35,HANGING BAUBLE T-LIGHT HOLDER LARGE,0.4375,0.9537613956540139,C
46776A,741.8100000000001,40,WOVEN BUBBLE GUM CUSHION COVER,0.5,0.9538233123346296,C
20730,741.56,23,STRAWBERRY CANDY BAG,0.2875,0.9538852081484868,C
21061,741.23,59,PARTY INVITES FOOTBALL,0.7375,0.9539470764182226,C
85071B,740.6400000000001,38,RED CHARLIE+LOLA PERSONAL DOORSIGN,0.475,0.9540088954424084,C
84762C,739.75,18,GREEN PICNIC BARBECUE BUCKET,0.225,0.9540706401809337,C
85196,738.64,11,EASTER BUNNIES ON A STICK,0.1375,0.9541322922710511,C
85126,738.26,27,LARGE ROUND CUTGLASS CANDLESTICK,0.3375,0.9541939126436955,C
85194S,738.1,38,HANGING SPRING FLOWER EGG SMALL,0.475,0.9542555196616144,C
21944,738.01,42,KITTENS DESIGN FLANNEL,0.525,0.9543171191675002,C
84847,736.45,31,FLORAL BATHROOM SET,0.3875,0.9543785884648127,C
21129,736.44,27,SILVER FISHING GNOME ,0.3375,0.9544400569274548,C
22613,736.0799999999999,51,PACK OF 20 SPACEBOY NAPKINS,0.6375,0.9545014953419647,C
78124,735.81,10,MAGAZINE RACK GEBRA ASSORTED ,0.125,0.9545629112203754,C
40018E,735.62,22,TEA TIME PAPER LANTERNS,0.275,0.9546243112400495,C
22815,735.45,37,CARD PSYCHEDELIC APPLES,0.4625,0.9546856970703279,C
85006,733.76,20,SET 4 NURSERY DES ROUND BOXES,0.25,0.9547469418413185,C
22338,733.22,32,STAR DECORATION PAINTED ZINC ,0.4,0.9548081415401107,C
84615,732.88,9,PINK ROUND BUTTERFLY MIRROR ,0.1125,0.9548693128601113,C
21635,731.49,23,MADRAS NOTEBOOK LARGE ,0.2875,0.9549303681609345,C
84952C,731.38,21,MIRROR LOVE BIRD T-LIGHT HOLDER,0.2625,0.9549914142803838,C
22928,728.34,20,YELLOW GIANT GARDEN THERMOMETER,0.25,0.9550522066600493,C
47581B,728.27,21,FAIRY CAKE WICKER PICNIC BASKET ,0.2625,0.9551129931970223,C
23068,727.24,9,ALUMINIUM STAMPED HEART,0.1125,0.9551736937629501,C
71279,725.2,41,PINK GLASS CANDLEHOLDER,0.5125,0.9552342240561282,C
22717,722.66,48,CARD DOG AND BALL ,0.6,0.9552945423430397,C
85213,721.2199999999999,42,MINI  ZINC GARDEN DECORATIONS ,0.525,0.9553547404374219,C
21454,720.8,43,PAINTED PINK RABBIT ,0.5375,0.9554149034756497,C
23181,720.65,13,BULL DOG BOTTLE TOP WALL CLOCK,0.1625,0.9554750539938225,C
21443,720.15,12,OLIVE CHALET BIRDFEEDER,0.15,0.9555351627784782,C
20941,720.11,54,FROG CANDLE,0.675,0.9555952682244523,C
84596L,718.68,54,BISCUITS SMALL BOWL LIGHT BLUE,0.675,0.9556552543125677,C
21551,716.75,6,CERAMIC BIRDHOUSE BUTTERFLY LARGE,0.075,0.9557150793093071,C
21300,716.3,3,ANTIQUE EDWARDIAN DRESSER,0.0375,0.9557748667458812,C
23236,715.9100000000001,2,DOILEY STORAGE TIN,0.025,0.955834621630312,C
84625D,713.6899999999999,24,WHITE NEWBAROQUE CANDLESTICK CANDLE,0.3,0.9558941912179268,C
21060,713.1899999999999,56,PARTY INVITES BALLOON GIRL,0.7,0.9559537190720246,C
72800A,712.52,18,S/4 BLACK DINNER CANDLE SILVER FLOC,0.225,0.9560131910032095,C
84762B,712.4200000000001,21,PINK PICNIC BARBECUE BUCKET,0.2625,0.956072654587691,C
20833,711.9,3,SHAKER THROW  QUILTED,0.0375,0.9561320747693147,C
20854,711.43,45,BLUE PATCH PURSE PINK HEART,0.5625,0.9561914557214324,C
85170C,710.93,41,SET/6 EAU DE NIL BIRD T-LIGHTS,0.5125,0.956250794940033,C
21319,710.7299999999999,40,GLASS CHALICE GREEN  SMALL ,0.5,0.9563101174652268,C
84974,710.4,34,S/2 ZINC HEART DESIGN PLANTERS,0.425,0.9563694124462992,C
72755C,710.0,7,FLOWER FAIRY OIL BURNER SET ROSE,0.0875,0.9564286740405581,C
84923,709.17,45,PINK BUTTERFLY HANDBAG W BOBBLES,0.5625,0.9564878663571785,C
72800C,708.05,34,S/4 PINK DINNER CANDLE SILVER FLOCK,0.425,0.9565469651907208,C
84030e,707.87,17,ENGLISH ROSE HOT WATER BOTTLE,0.2125,0.9566060490001967,C
37475,707.53,32,SET/4 COLOURFUL MIXING BOWLS,0.4,0.9566651044308812,C
21739,707.07,36,COSY SLIPPER SHOES SMALL GREEN,0.45,0.9567241214667298,C
20699,705.89,40,MOUSEY LONG LEGS SOFT TOY,0.5,0.9567830400114783,C
22924,705.78,22,FRIDGE MAGNETS LA VIE EN ROSE,0.275,0.9568419493748529,C
21817,705.3399999999999,20,GLITTER CHRISTMAS TREE,0.25,0.9569008220127324,C
35811A,704.77,35,ENAMEL PINK SUGAR CONTAINER,0.4375,0.9569596470744025,C
22539,704.57,52,MINI JIGSAW DOLLY GIRL,0.65,0.9570184554426658,C
72750A,704.45,9,"F.FAIRY S/3 CANDLE/GLASS,LILY/VALLY",0.1125,0.957077253794885,C
72586,701.43,41,"S/6 HALLOWEEN GHOST T LIGHTS, 5CM H",0.5125,0.9571358000766609,C
21822,701.29,19,GLITTER CHRISTMAS TREE WITH BELLS,0.2375,0.957194334673052,C
84033,700.73,25,FLAG OF ST GEORGE ,0.3125,0.9572528225279042,C
85187,700.6999999999999,30,S/12 MINI RABBIT EASTER,0.375,0.9573113078787452,C
21456,698.59,20,2 PICTURE BOOK EGGS EASTER CHICKS,0.25,0.9573696171141441,C
82613C,698.37,62,"METAL SIGN,CUPCAKE SINGLE HOOK",0.775,0.9574279079867956,C
21308,697.95,3,LOUVRE VANITY MIRROR,0.0375,0.9574861638032925,C
84534B,697.93,52,FAIRY CAKE NOTEBOOK A5 SIZE,0.65,0.957544417950449,C
21185,697.5899999999999,13, HOME SWEET HOME  BLACKBOARD,0.1625,0.9576026437188138,C
22819,696.38,37,"BIRTHDAY CARD, RETRO SPOT",0.4625,0.9576607684920673,C
22806,695.74,18,SET OF 6 T-LIGHTS WEDDING CAKE ,0.225,0.9577188398464188,C
21455,695.62,43,PAINTED YELLOW WOODEN DAISY,0.5375,0.9577769011847262,C
22230,695.4499999999999,54,JIGSAW TREE WITH WATERING CAN,0.675,0.9578349483336379,C
17012C,695.3499999999999,37,ORIGAMI LAVENDER INCENSE/CANDL SET ,0.4625,0.9578929871358461,C
84761,694.9,28,IVORY HANGING BIRD PLANTER ,0.35,0.9579509883778891,C
21552,694.85,9,CERAMIC BIRDHOUSE BLACK ROSE  LARGE,0.1125,0.9580089854465802,C
21127,694.78,21,COLOURFUL FISHING GNOME,0.2625,0.9580669766725789,C
22953,691.28,25,BIRTHDAY PARTY CORDON BARRIER TAPE,0.3125,0.9581246757639581,C
37461,690.7199999999999,43,FUNKY MONKEY MUG,0.5375,0.9581823281137982,C
84689,689.35,21,S/2 BEACH HUT TREASURE CHESTS,0.2625,0.9582398661138014,C
90082D,689.16,32,DIAMANTE BOW BROOCH BLACK COLOUR,0.4,0.9582973882550682,C
22389,688.12,37,PAPERWEIGHT SAVE THE PLANET,0.4625,0.9583548235906194,C
23092,688.08,5,LARGE ANTIQUE WHITE PHOTO FRAME,0.0625,0.9584122555874892,C
85208,687.1400000000001,36,SET/12 FUNKY FELT FLOWER PEG IN BAG,0.45,0.9584696091253471,C
35648,684.48,26,VINTAGE BEAD PINK PURSE ,0.325,0.9585267406408939,C
84707A,684.4399999999999,23,SILVER JEWELLED MIRROR TRINKET TRAY,0.2875,0.9585838688177594,C
35958,683.73,26,FOLKART ZINC STAR CHRISTMAS DEC,0.325,0.9586409377330306,C
21375,683.6999999999999,32,LARGE CAMPHOR WOOD FIELD MUSHROOM ,0.4,0.9586980041442908,C
23164,682.73,7,REGENCY CAKE SLICE,0.0875,0.9587549895925279,C
84869,680.14,14,CANDY BUTTON PHOTO ALBUM,0.175,0.9588117588611466,C
22116,678.94,51,METAL SIGN HIS DINNER IS SERVED,0.6375,0.958868427969324,C
22598,677.68,16,CHRISTMAS MUSICAL ZINC TREE,0.2,0.9589249919090386,C
85186A,677.51,37,EASTER BUNNY GARLAND OF FLOWERS,0.4625,0.9589815416593572,C
22108,676.14,41,PING! MICROWAVE PLATE,0.5125,0.9590379770598393,C
20936,674.22,39,FORKED CACTUS CANDLE,0.4875,0.9590942522036155,C
84684,672.25,17,BEACH HUT PHOTO FRAME,0.2125,0.9591503629173346,C
22825,671.82,22,DECORATIVE PLANT POT WITH FRIEZE,0.275,0.959206437740229,C
22229,670.16,41,BUNNY WOODEN PAINTED WITH FLOWER ,0.5125,0.9592623740078465,C
37492D,669.04,14,PURPLE GREEN FLOWER PIGGY BANK,0.175,0.9593182167923858,C
23066,668.64,9,SMALL DECO JEWELLERY STAND,0.1125,0.9593740261901115,C
22036,664.87,35,DINOSAUR BIRTHDAY CARD,0.4375,0.9594295209171182,C
84925D,664.6999999999999,18,LA PALMIERA WALL THERMOMETER,0.225,0.9594850014547293,C
21654,661.92,36,RIDGED GLASS FINGER BOWL,0.45,0.9595402499539852,C
20701,661.6899999999999,17,PINK CAT FLORAL CUSHION COVER ,0.2125,0.9595954792558234,C
21684,661.0699999999999,45,SMALL MEDINA STAMPED METAL BOWL ,0.5625,0.9596506568081005,C
35651,660.8,11,VINTAGE BEAD PINK SCARF ,0.1375,0.9597058118242783,C
22134,660.36,72,LADLE LOVE HEART RED ,0.9,0.959760930114961,C
35954,659.8100000000001,23,SMALL FOLKART STAR CHRISTMAS DEC,0.2875,0.959816002498775,C
47310M,659.71,50,"SMALL POP BOX,FUNKY MONKEY",0.625,0.9598710665358856,C
20998,659.1800000000001,56,ROSE DU SUD OVEN GLOVE,0.7,0.9599260863354679,C
21077,658.8,37,SET/20 WOODLAND PAPER NAPKINS ,0.4625,0.9599810744175775,C
21202,657.9799999999999,38,DOLLY HONEYCOMB GARLAND,0.475,0.960035994056719,C
72598,656.92,48,SET/12 TAPER CANDLES,0.6,0.9600908252208041,C
20901,656.42,29,VINTAGE KEEPSAKE BOX PINK FLOWER,0.3625,0.9601456146513723,C
20831,656.36,38,GOLD PHOTO FRAME,0.475,0.9602003990739183,C
84971L,655.94,15,LARGE HEART FLOWERS HOOK   ,0.1875,0.96025514844031,C
21723,655.5999999999999,55,ALPHABET HEARTS STICKER SHEET,0.6875,0.9603098694279101,C
85230F,655.52,35,JASMINE VOTIVE CANDLE,0.4375,0.9603645837381475,C
21650,653.7900000000001,47,ASSORTED TUTTI FRUTTI BRACELET,0.5875,0.9604191536504156,C
20903,653.32,34,VINTAGE KEEPSAKE BOX TRAVELOGUE,0.425,0.9604736843331778,C
21457,652.25,25,2 PICTURE BOOK EGGS EASTER DUCKS,0.3125,0.9605281257062135,C
85044,650.77,16,RED REINDEER STRING OF 20 LIGHTS,0.2,0.9605824435480386,C
23191,650.5999999999999,6,BUNDLE OF 3 RETRO NOTE BOOKS,0.075,0.9606367472004678,C
72799C,650.5400000000001,22,PINK PILLAR CANDLE SILVER FLOCK,0.275,0.960691045844875,C
23193,649.29,16,BUFFALO BILL TREASURE BOOK BOX,0.2,0.9607452401554893,C
85231L,647.75,17,LAVENDER SCENTED SET/9 T-LIGHTS,0.2125,0.9607993059268712,C
16015,647.68,47,MEDIUM CHINESE STYLE SCISSOR,0.5875,0.9608533658555608,C
22214,647.52,36,CANDLE PLATE LACE WHITE,0.45,0.9609074124295247,C
21395,646.67,26,BLUE SPOTTY BEAKER ,0.325,0.9609613880565098,C
23160,646.44,6,REGENCY TEA SPOON,0.075,0.9610153444860768,C
84620,645.46,30,BLUE GINGHAM ROSE CUSHION COVER,0.375,0.9610692191179506,C
23238,644.7700000000001,2,SET OF 4 KNICK KNACK TINS LONDON ,0.025,0.9611230361575707,C
22164,644.69,25,STRING OF STARS CARD HOLDER,0.3125,0.9611768465198279,C
20862,644.6400000000001,15,PINK PATCH PENCIL CASE BLUE HEART,0.1875,0.9612306527087336,C
23080,643.63,6,RED METAL BOX TOP SECRET,0.075,0.9612843745959349,C
21293,643.62,31,MIRRORED DOVE WALL DECORATION,0.3875,0.9613380956484655,C
21711,643.14,30,FOLDING UMBRELLA  WHITE/RED  SPOT,0.375,0.96139177663682,C
21261,642.5600000000001,20,GREEN GOOSE FEATHER CHRISTMAS TREE ,0.25,0.9614454092142946,C
85084,642.3,19,HOLLY TOP CHRISTMAS STOCKING,0.2375,0.9614990200903403,C
22915,641.72,28,ASSORTED BOTTLE TOP  MAGNETS ,0.35,0.9615525825555062,C
85189,641.5899999999999,21,HANGING BUTTERFLY  EGG,0.2625,0.9616061341699577,C
21393,640.4300000000001,21,BLUE  SPOTTY PUDDING BOWL,0.2625,0.9616595889626495,C
22056,638.99,17,CERAMIC PLATE LOVE HEART DESIGN,0.2125,0.961712923562812,C
23161,638.7,7,REGENCY CAKE FORK,0.0875,0.9617662339575347,C
84712B,637.98,31,PINK JEWELLED PHOTO FRAME,0.3875,0.9618194842559927,C
23094,637.5,6,LE GRAND TRAY CHIC SET,0.075,0.9618726944902745,C
21076,637.1999999999999,14,SET/20 COLLAGE PAPER NAPKIN ,0.175,0.9619258796844459,C
21378,636.53,44,SMALL TALL CAMPHOR WOOD TOADSTOOL,0.55,0.9619790089557043,C
72755D,636.25,7,FLOWER FAIRY OIL BURNER SET SUMMER,0.0875,0.9620321148561932,C
21377,635.9499999999999,46,SMALL CAMPHOR WOOD FIELD  MUSHROOM,0.575,0.9620851957165719,C
84872a,635.03,17,TEATIME FUNKY FLOWER BACKPACK FOR 2,0.2125,0.9621381997872792,C
35599D,634.86,22,PINK AND WHITE CHRISTMAS TREE 120CM,0.275,0.9621911896685906,C
20932,634.78,43,PINK POT PLANT CANDLE,0.5375,0.9622441728725393,C
22543,634.24,43,MINI JIGSAW BAKE A CAKE ,0.5375,0.9622971110042896,C
21270,633.8,17,ANTIQUE CREAM CUTLERY CUPBOARD,0.2125,0.962350012410545,C
22255,632.39,48,FELT TOADSTOOL  SMALL,0.6,0.9624027961282821,C
23285,631.5799999999999,2,PINK VINTAGE SPOT BEAKER,0.025,0.9624555122377215,C
16047,630.63,19,POP ART PEN CASE & PENS,0.2375,0.9625081490534785,C
37327,630.61,22,ASSTD MULTICOLOUR CIRCLES MUG,0.275,0.9625607841998948,C
84964A,630.0,2,PINK PAINTED KASHMIRI TABLE,0.025,0.9626133684314202,C
75013B,629.3699999999999,37,"STRING OF 8 BUTTERFLIES,PINK",0.4625,0.962665900078714,C
20622,628.29,50,VIPPASSPORT COVER ,0.625,0.962718341581611,C
37494A,627.33,11,FAIRY CAKE CERAMIC BUTTER DISH,0.1375,0.9627707029561551,C
17039,627.23,26,INLAID WOOD INCENSE HOLDER,0.325,0.962823055983996,C
85017B,626.9,63,ENVELOPE 50 BLOSSOM IMAGES,0.7875,0.9628753814677155,C
22546,626.64,42,MINI JIGSAW FIDO,0.525,0.9629276852500062,C
22339,626.4100000000001,28,CHRISTMAS TREE PAINTED ZINC ,0.35,0.9629799698348789,C
22408,623.54,42,MONEY BOX CONFECTIONERY DESIGN,0.525,0.9630320148693635,C
22999,622.87,18,TRAVEL CARD WALLET RETRO PETALS,0.225,0.9630840039809353,C
22532,621.99,42,MAGIC DRAWING SLATE LEAP FROG ,0.525,0.963135919641517,C
21720,621.51,42,CAKE SHOP  STICKER SHEET,0.525,0.9631877952379224,C
20989,620.33,13,URBAN CHIC CHOPSTICKS SET/5,0.1625,0.9632395723432274,C
23286,620.2499999999999,2,BLUE VINTAGE SPOT BEAKER,0.025,0.9632913427711697,C
17164B,619.68,42,ASS COL SMALL SAND GECKO P'WEIGHT,0.525,0.9633430656229025,C
84632,619.45,7,DECORATIVE HANGING SHELVING UNIT,0.0875,0.9633947692772175,C
23190,619.2599999999999,6,BUNDLE OF 3 SCHOOL EXERCISE BOOKS  ,0.075,0.9634464570727959,C
23148,619.04,9,MINIATURE ANTIQUE ROSE HOOK IVORY,0.1125,0.9634981265056267,C
85160B,618.91,21,BLACK BIRD GARDEN DESIGN MUG,0.2625,0.9635497850877432,C
20661,618.64,38,BLUE SPOTTY PURSE ,0.475,0.9636014211337606,C
21417,617.45,49,COCKLE SHELL DISH,0.6125,0.9636529578540072,C
22093,615.87,51,MOTORING TISSUE BOX,0.6375,0.9637043626963397,C
72772,615.84,5,SET/4 SCENTED CANDLES IN RAMEKINS,0.0625,0.9637557650346613,C
20652,615.61,52,BLUE SPOTTY LUGGAGE TAG ,0.65,0.963807148175565,C
47597,614.28,28,NEW ENGLAND TEATOWELS,0.35,0.9638584203053133,C
84917,614.16,30,WHITE HAND TOWEL WITH BUTTERFLY,0.375,0.9639096824190175,C
20897,614.12,34,VINTAGE NOTEBOOK PARIS DAYS,0.425,0.9639609411940403,C
21724,613.5799999999999,55,PANDA AND BUNNIES STICKER SHEET,0.6875,0.9640121548968648,C
22893,613.28,32,MINI CAKE STAND T-LIGHT HOLDER,0.4,0.9640633435595788,C
47583A,612.8199999999999,4,SET OF 3 WICKER BASKET ROSE,0.05,0.9641144938274573,C
84341B,612.66,23,SMALL PINK MAGIC CHRISTMAS TREE,0.2875,0.9641656307406102,C
84824,612.65,16,DANISH ROSE UMBRELLA STAND,0.2,0.964216766819093,C
21554,612.0,5,CERAMIC BIRDHOUSE RED ROOF LARGE,0.0625,0.9642678486440033,C
21847,611.98,32,GREEN  DIAMANTE PEN IN GIFT BOX,0.4,0.964318928799573,C
84952B,611.86,18,BLACK LOVE BIRD T-LIGHT HOLDER,0.225,0.9643699989390987,C
84858C,611.0699999999999,22,PINK RIVIERA HANDBAG,0.275,0.9644210031396674,C
72349b,609.65,30,SET/6 PURPLE BUTTERFLY T-LIGHTS,0.375,0.9644718888170475,C
85019C,608.69,19,CURIOUS  IMAGES NOTEBOOK SET,0.2375,0.9645226943660747,C
84563A,608.3,32,PINK & WHITE BREAKFAST TRAY,0.4,0.9645734673629588,C
84766,608.25,18,SILVER ROCOCO CANDLE STICK,0.225,0.9646242361864911,C
62094B,606.55,36,TURQ ICE CREAM BUM BAG ,0.45,0.9646748631160654,C
21350,606.45,16,GINGHAM HEART WREATH,0.2,0.9647254816989361,C
84817,606.0600000000001,34,DANISH ROSE DECORATIVE PLATE,0.425,0.9647760677296636,C
79315W,605.47,10,FLYING SAUCER TABLE LIGHT IN WHITE,0.125,0.9648266045148409,C
21307,604.99,34,SET/4 BUTTERFLY MIRROR MAGNETS,0.425,0.9648771012358419,C
85161,604.99,17,ACRYLIC GEOMETRIC LAMP,0.2125,0.9649275979568428,C
16011,602.34,49, ANIMAL STICKERS,0.6125,0.9649778734902031,C
21379,601.77,54, CAMPHOR WOOD PORTOBELLO MUSHROOM,0.675,0.965028101447354,C
85135A,601.44,29,YELLOW DRAGONFLY HELICOPTER,0.3625,0.9650783018603836,C
21883,601.23,49,STARS GIFT TAPE ,0.6125,0.9651284847453361,C
85146,599.38,19,JARDIN ETCHED GLASS SMALL BELL JAR,0.2375,0.9651785132162753,C
22715,599.29,46,CARD WEDDING DAY,0.575,0.9652285341751814,C
72817,598.12,25,SET/2 CHRISTMAS DECOUPAGE CANDLES,0.3125,0.9652784574776575,C
84596J,597.59,56,MIXED NUTS LIGHT GREEN BOWL,0.7,0.9653283365426055,C
20898,597.4,26,VINTAGE NOTEBOOK TRAVELOGUE,0.325,0.9653781997488171,C
84682,596.94,32,CLASSICAL ROSE DISH,0.4,0.9654280245601929,C
21674,596.0999999999999,6,RIDGED GLASS PENDANT LAMPSHADE,0.075,0.96547777925926,C
35095B,595.71,57,RED VICTORIAN FABRIC OVAL BOX,0.7125,0.9655275014061839,C
22033,595.42,53,BOTANICAL ROSE GREETING CARD,0.6625,0.965577199347668,C
22984,595.33,38,"CARD, GINGHAM ROSE ",0.475,0.9656268897771187,C
85111,594.8499999999999,21,SILVER GLITTER FLOWER VOTIVE HOLDER,0.2625,0.9656765401423931,C
84715,593.2900000000001,26,SET OF 6 ICE CREAM SKITTLES,0.325,0.9657260602990942,C
62096A,592.79,38,PINK/YELLOW FLOWERS HANDBAG,0.475,0.9657755387222782,C
21386,592.68,36,IVORY HANGING DECORATION  EGG,0.45,0.9658250079640885,C
22054,592.18,13,MINI CAKE STAND HANGING HEARTS,0.1625,0.9658744354723817,C
17107D,591.5999999999999,38,"FLOWER FAIRY,5 SUMMER B'DRAW LINERS",0.475,0.965923814569795,C
84963A,591.5500000000001,7,PINK PAINTED KASHMIRI CHAIR,0.0875,0.9659731894938568,C
21331,591.33,17,MOROCCAN BEATEN METAL DISH LARGE,0.2125,0.966022546055171,C
79030D,590.74,25,"TUMBLER, BAROQUE",0.3125,0.966071853370935,C
22105,590.16,29,MIRROR MOSAIC GOBLET CANDLE HOLDER,0.3625,0.9661211122758192,C
85197,589.86,25,SET OF 12 MINI BUNNIES IN A BUCKET,0.3125,0.9661703461405932,C
20763,589.27,35,DAISY SKETCHBOOK ,0.4375,0.9662195307598169,C
72753B,588.13,7,S/3 FLWR FAIRY LAVENDER CANDLES,0.0875,0.9662686202266219,C
16156N,588.0,22,"WRAP, FRIENDSHIP ON GREEN",0.275,0.9663176988427122,C
17012B,586.37,40,ORIGAMI JASMINE INCENSE/CANDLE SET,0.5,0.9663666414075368,C
84507C,586.1899999999999,44,BLUE CIRCLES DESIGN MONKEY DOLL,0.55,0.9664155689482954,C
84247E,585.5600000000001,15,PACK/12 XMAS FUN CARD,0.1875,0.9664644439048224,C
22097,585.14,62,SWALLOW SQUARE TISSUE BOX,0.775,0.9665132838051952,C
17012A,585.01,34,ORIGAMI VANILLA INCENSE/CANDLE SET ,0.425,0.9665621128548534,C
21666,584.94,40, RIDGED GLASS T-LIGHT HOLDER,0.5,0.9666109360618191,C
22529,583.13,46,MAGIC DRAWING SLATE GO TO THE FAIR ,0.575,0.9666596081934532,C
84849A,583.02,46,HELLO SAILOR BLUE SOAP HOLDER,0.575,0.9667082711437135,C
84951B,582.06,31,S/4 BLACK LOVEBIRD COASTERS,0.3875,0.9667568539656209,C
22486,581.25,14,PLASMATRONIC LAMP,0.175,0.9668053691792307,C
85186C,580.95,34,BUNNY EGG GARLAND,0.425,0.9668538593527302,C
82605,580.27,50,OLD DOC.RUSSEL METAL SIGN,0.625,0.9669022927686464,C
85188B,580.13,21,PINK METAL SWINGING BUNNY,0.2625,0.966950714499178,C
85019A,578.41,26,ROMANTIC IMAGES NOTEBOOK SET,0.325,0.9669989926664108,C
85104,578.3900000000001,28,SILVER GLASS T-LIGHT SET,0.35,0.9670472691643028,C
22510,578.2,39,DOORSTOP RUSSIAN DOLL GINGHAM,0.4875,0.9670955298034584,C
84986B,578.02,29,SET OF 36 SILVER PAPER DOILIES,0.3625,0.9671437754185477,C
47593B,577.9599999999999,64,SCOTTIES DESIGN BABY BIB,0.8,0.9671920160256151,C
22929,577.95,5,SCHOOL DESK AND CHAIR ,0.0625,0.9672402557980121,C
84029C,577.85,4,BROWN FURRY HOT WATER BOTTLE,0.05,0.9672884872237056,C
90010B,577.81,22,BLACK/WHITE GLASS/SILVER BRACELET,0.275,0.967336715310718,C
21128,577.64,30,GOLD FISHING GNOME,0.375,0.9673849292083344,C
85130D,577.5899999999999,47,BEADED CRYSTAL HEART PINK LARGE,0.5875,0.9674331389325991,C
82613A,577.52,46,"METAL SIGN,CUPCAKE SINGLE HOOK",0.575,0.9674813428141714,C
21416,576.8100000000001,16,CLAM SHELL LARGE,0.2,0.9675294874341495,C
90209B,576.34,40,GREEN ENAMEL+GLASS HAIR COMB,0.5,0.9675775928246215,C
85231E,576.23,22,STRAWBERRY SCENTED SET/9 T-LIGHTS,0.275,0.9676256890337198,C
21750,575.82,33, LARGE SKULL WINDMILL,0.4125,0.967673751021334,C
16169K,574.75,27,WRAP FOLK ART,0.3375,0.9677217236992217,C
22923,573.36,17,FRIDGE MAGNETS LES ENFANTS ASSORTED,0.2125,0.9677695803579318,C
90200E,573.17,38,GREEN SWEETHEART BRACELET,0.475,0.9678174211579056,C
37410,572.17,12,BLACK AND WHITE PAISLEY FLOWER MUG,0.15,0.9678651784908451,C
84660C,571.36,35,PINK STITCHED WALL CLOCK,0.4375,0.9679128682154868,C
84865,569.65,26,NEW BAROQUE BLACK PHOTO ALBUM,0.325,0.9679604152115003,C
17165D,569.52,42,ASS COL LARGE SAND FROG P'WEIGHT,0.525,0.9680079513567993,C
47574A,568.51,26,ENGLISH ROSE SCENTED HANGING FLOWER,0.325,0.9680554032003937,C
21641,565.67,47,ASSORTED TUTTI FRUTTI KEYRING BALL,0.5875,0.9681026179976112,C
22340,565.15,20,NOEL GARLAND PAINTED ZINC ,0.25,0.9681497893919709,C
20714,564.93,4,POSY SHOPPER BAG,0.05,0.968196942423583,C
85205B,564.8299999999999,23,PINK FELT EASTER RABBIT GARLAND,0.2875,0.9682440871084917,C
82616C,563.33,37,MIDNIGHT GLAMOUR SCARF KNITTING KIT,0.4625,0.9682911065928492,C
22135,562.99,73,LADLE LOVE HEART PINK,0.9125,0.9683380976984152,C
20935,562.6800000000001,22,ROUND CACTUS CANDLE,0.275,0.9683850629292005,C
23057,562.5400000000001,8,GEMSTONE CHANDELIER T-LIGHT HOLDER,0.1,0.9684320164746009,C
85092,562.27,14,CANDY SPOT TEA COSY,0.175,0.9684789474839021,C
21719,562.17,52,LOVELY BONBON STICKER SHEET,0.65,0.9685258701464999,C
90184C,561.78,28,BLACK CHUNKY BEAD BRACELET W STRAP,0.35,0.9685727602569544,C
85078,561.71,42,SCANDINAVIAN 3 HEARTS NAPKIN RING,0.525,0.9686196445247166,C
84595E,561.4699999999999,26,LARGE TORTILLA DESIGN RED BOWL,0.325,0.9686665087603906,C
85117,561.3199999999999,18,NIGHTINGALE COATHOOK WHITE,0.225,0.9687133604760094,C
84826,561.05,24,ASSTD DESIGN 3D PAPER STICKERS,0.3,0.9687601896555291,C
90143,560.2,25,SILVER BRACELET W PASTEL FLOWER,0.3125,0.9688069478880695,C
20863,559.23,25,BLUE PATCH PENCIL CASE PINK HEART,0.3125,0.968853625157587,C
47559b,558.71,33,TEA TIME OVEN GLOVE,0.4125,0.9689002590242467,C
21442,557.98,59,GREEN BIRDHOUSE DECORATION,0.7375,0.9689468319599714,C
21084,557.24,43,SET/6 COLLAGE PAPER CUPS,0.5375,0.9689933431300909,C
21220,557.16,48,SET/4 BADGES DOGS,0.6,0.9690398476228476,C
23288,556.51,2,GREEN VINTAGE SPOT BEAKER,0.025,0.969086297862032,C
23075,556.07,8,DOUBLE CERAMIC PARLOUR HOOK,0.1,0.9691327113757214,C
47594B,556.04,45,SCOTTIES DESIGN WASHBAG,0.5625,0.9691791223853998,C
84601A,555.74,10,NEW BAROQUE IVORY CUSHION COVER ,0.125,0.969225508354968,C
90120D,554.13,28,WHITE MURANO TWIST BRACELET,0.35,0.9692717599426112,C
17109D,554.05,26,FLOWER FAIRY INCENSE BOUQUET,0.325,0.9693180048528917,C
21562,553.9300000000001,38,HAWAIIAN GRASS SKIRT ,0.475,0.969364239747128,C
35004P,553.82,16,SET OF 3 PINK FLYING DUCKS,0.2,0.9694104654599905,C
21304,553.33,9,ARCHED GREY MIRROR,0.1125,0.9694566502740064,C
85203,553.24,67,HANGING WOOD AND FELT BUTTERFLY ,0.8375,0.9695028275759892,C
90200B,551.72,37,BLACK SWEETHEART BRACELET,0.4625,0.96954887800808,C
85230E,550.65,40,STRAWBRY SCENTED VOTIVE CANDLE,0.5,0.9695948391304443,C
20804,550.48,15,GLASS CHICKEN BUTTER DISH,0.1875,0.9696407860634128,C
22547,550.11,54,MINI JIGSAW DINOSAUR ,0.675,0.9696867021135785,C
85028L,549.61,19,FRENCH CHATEAU LARGE FRUIT BOWL ,0.2375,0.9697325764302271,C
46776C,548.5,32,WOVEN FROST CUSHION COVER,0.4,0.969778358098468,C
23307,547.65,3,SET OF 60 PANTRY DESIGN CAKE CASES ,0.0375,0.9698240688197297,C
17181,547.61,26,CIRCLE OF FRIENDS CANDLE HOLDER,0.325,0.9698697762023101,C
90199C,547.55,17,5 STRAND GLASS NECKLACE CRYSTAL,0.2125,0.9699154785768684,C
22252,547.37,44,BIRDCAGE DECORATION MAGIC GARDEN,0.55,0.9699611659273606,C
23306,547.11,3,SET OF 36 DOILIES PANTRY DESIGN,0.0375,0.9700068315764239,C
85071C,545.75,38,"CHARLIE+LOLA""EXTREMELY BUSY"" SIGN",0.475,0.9700523837103207,C
21553,544.47,9,CERAMIC BIRDHOUSE FINCH BLUE  LARGE,0.1125,0.9700978290064138,C
84520D,542.5699999999999,10,PACK OF 20 FAIRY CAKE PAPER NAPKINS,0.125,0.970143115715142,C
37444C,542.09,29,PINK BREAKFAST CUP AND SAUCER ,0.3625,0.9701883623596937,C
47367B,541.51,45,PAIR PADDED HANGERS PINK CHECK,0.5625,0.9702335605933657,C
22640,540.73,35,SET OF 4 NAPKIN CHARMS 3 KEYS ,0.4375,0.9702786937227511,C
84970s,539.3,31,HANGING HEART ZINC T-LIGHT HOLDER,0.3875,0.9703237074942775,C
17013D,538.86,25,ORIGAMI ROSE INCENSE IN TUBE,0.3125,0.9703686845403089,C
90200A,538.62,37,PURPLE SWEETHEART BRACELET,0.4625,0.970413641554252,C
37423,538.48,38,WHITE WITH BLACK CATS PLATE,0.475,0.9704585868828105,C
84929,538.26,30,ASSTD FRUIT+FLOWERS FRIDGE MAGNETS,0.375,0.9705035138486214,C
35951,537.4,20,FOLKART BAUBLE CHRISTMAS DECORATION,0.25,0.970548369032783,C
84563B,536.79,32,BLUE & WHITE BREAKFAST TRAY,0.4,0.9705931733020536,C
21062,536.5699999999999,51,PARTY INVITES SPACEMAN,0.6375,0.9706379592085768,C
21147,533.96,24,JINGLE BELLS TREE DECORATION,0.3,0.9706825272661409,C
90195A,533.75,20,PURPLE GEMSTONE BRACELET,0.25,0.9707270777956277,C
84247G,532.96,50,"DECOUPAGE,GREETING CARD,",0.625,0.9707715623861576,C
16169N,532.75,24,WRAP BLUE RUSSIAN FOLKART,0.3,0.9708160294486102,C
72131,531.93,27,COLUMBIAN CANDLE RECTANGLE,0.3375,0.9708604280680949,C
72818,530.3,20,CHRISTMAS DECOUPAGE CANDLE,0.25,0.9709046906363139,C
23073,530.1,6,GEORGIAN TRINKET BOX,0.075,0.9709489365111259,C
35972,529.92,35,DAISY FOLKART HEART DECORATION,0.4375,0.9709931673618719,C
84846A,529.7700000000001,32,SCENTED CANDLE IN DIGITALIS TIN,0.4,0.9710373856925627,C
22709,529.58,30,WRAP WEDDING DAY,0.375,0.9710815881645171,C
22447,529.12,30,PIN CUSHION RUSSIAN DOLL BLUE,0.375,0.9711257522416356,C
21221,528.97,45,SET/4 BADGES CUTE CREATURES,0.5625,0.9711699037986992,C
35923,528.12,40,CANDY HEART HANGING DECORATION,0.5,0.9712139844087836,C
85028S,527.07,18,FRENCH CHATEAU SMALL FRUITBOWL,0.225,0.9712579773784822,C
84663A,527.02,30,GRASS HOPPER WOODEN WALL CLOCK ,0.375,0.971301966174829,C
90203,526.77,21,SILVER CHARM NECKLACE 70CM,0.2625,0.9713459341044173,C
85129A,526.52,33,"WHITE PEARL BEADED HEART, SMALL",0.4125,0.971389881167247,C
20856,526.1099999999999,47,DENIM PATCH PURSE PINK BUTTERFLY,0.5875,0.9714337940085928,C
22034,525.49,20,ROBIN CHRISTMAS CARD,0.25,0.9714776551003774,C
21014,524.62,26,SWISS CHALET TREE DECORATION ,0.325,0.9715214435758422,C
21665,524.6,20,TRIANGULAR RIDGED GLASS POSY HOLDER,0.25,0.9715652303819664,C
21480,520.3100000000001,3,PINK STRIPE HOT WATER BOTTLE,0.0375,0.971608659114514,C
84609,518.59,17,TALL ROCOCO CANDLE HOLDER,0.2125,0.9716519442837629,C
85017A,517.54,42,ENVELOPE 50 ROMANTIC IMAGES,0.525,0.9716951418126257,C
84414B,517.29,5,FUSCHIA/GREEN STRIPE WOOLLY BLANKET,0.0625,0.9717383184747301,C
21247,516.77,36,SET OF RED SALAD SERVERS ,0.45,0.9717814517339767,C
85119,516.76,24,WATERING CAN SINGLE HOOK PISTACHIO,0.3,0.971824584158553,C
21160,516.75,26,KEEP OUT GIRLS DOOR HANGER ,0.325,0.971867715748459,C
21374,514.71,29,MIRRORED WALL ART SKULLS,0.3625,0.9719106770656153,C
21222,514.42,45,SET/4 BADGES BEETLES,0.5625,0.9719536141773317,C
20760,514.11,35,GARDEN PATH POCKET BOOK,0.4375,0.9719965254142674,C
21419,513.66,13,CONCH SHELL,0.1625,0.9720393990910379,C
85185D,512.5400000000001,37,FROG SOCK PUPPET,0.4625,0.9720821792847298,C
85096,512.16,35,HILDA CANDY SPOT RABBIT,0.4375,0.972124927760949,C
22638,512.0799999999999,21,SET OF 4 NAPKIN CHARMS CROWNS ,0.2625,0.9721676695598055,C
20997,511.1,25,ROSE DU SUD CUSHION COVER ,0.3125,0.9722103295609683,C
85142,510.53000000000003,22,JARDIN ETCHED GLASS GINGER JAR,0.275,0.9722529419859217,C
21133,510.38,15,PAINTED BIRD ASSORTED CHRISTMAS,0.1875,0.9722955418908201,C
16169M,510.2,31,WRAP DAISY CARPET ,0.3875,0.9723381267716522,C
20777,510.08,45,CHRYSANTHEMUM NOTEBOOK,0.5625,0.9723807016364403,C
37474,509.36999999999995,27,SET/4 2 TONE EGG SHAPE MIXING BOWLS,0.3375,0.9724232172396341,C
22821,509.35,33,GIFT BAG PSYCHEDELIC APPLES,0.4125,0.9724657311734872,C
22703,508.85,35,PINK CAT BOWL,0.4375,0.9725082033738233,C
21459,508.84999999999997,23,YELLOW EASTER EGG HUNT START POST,0.2875,0.9725506755741592,C
16049,508.64,19,TEATIME GEL PENS ASST,0.2375,0.9725931302464181,C
21016,508.03,18,LIGHT BIRD HOUSE TREE DECORATION,0.225,0.9726355340037861,C
72728,507.84999999999997,22,ROSE SCENT CANDLES IN GLASS,0.275,0.972677922737088,C
20618,507.14,57,QUEEN OF THE SKIES PASSPORT COVER ,0.7125,0.9727202522087957,C
22420,506.81,44,LIPSTICK PEN BABY PINK,0.55,0.9727625541363821,C
82616B,506.67,36,FRAPPUCINO SCARF KNITTING KIT,0.45,0.9728048443785836,C
22641,506.56,26,SET OF 4 NAPKIN CHARMS INSTRUMENT,0.325,0.9728471254394115,C
85032A,505.41,25,ROMANTIC IMAGES GIFT WRAP SET,0.3125,0.97288931051315,C
85169C,504.29,41,EAU DE NIL LOVE BIRD CANDLE,0.5125,0.9729314021038102,C
85202,502.92,58,HANGING WOOD AND FELT HEART,0.725,0.9729733793446337,C
85032D,502.78000000000003,29,YULETIDE IMAGES GIFT WRAP SET,0.3625,0.9730153449000722,C
84951A,502.69,37,S/4 PISTACHIO LOVEBIRD COASTERS,0.4625,0.9730573029434778,C
21879,502.63,39,HEARTS GIFT TAPE,0.4875,0.9730992559788614,C
84820,501.37,20,DANISH ROSE TRINKET TRAYS,0.25,0.9731411038457818,C
20888,499.62,10,SET 3 JARDIN DE FEMME SCENT CANDLES,0.125,0.9731828056453924,C
22253,499.39,16,6 CROCHET STRAWBERRIES,0.2,0.9732244882475853,C
23227,496.85999999999996,4,FILIGREE HEART BUTTERFLY WHITE ,0.05,0.9732659596781816,C
22707,496.44,32,WRAP MONSTER FUN ,0.4,0.9733073960526236,C
22538,496.41,40,MINI JIGSAW GO TO THE FAIR,0.5,0.9733488299230546,C
22857,495.81999999999994,16,ASSORTED EASTER GIFT TAGS,0.2,0.9733902145479355,C
84600,495.24,20,NEW BAROQUE JEWELLERY BOX ,0.25,0.9734315507619365,C
23302,495.15,6,KNEELING MAT HOUSEWORK  DESIGN,0.075,0.9734728794639046,C
21880,494.29,63,RED AND WHITE SPOT TAPE,0.7875,0.973514136384223,C
22391,493.73999999999995,28,PAPERWEIGHT HOME SWEET HOME,0.35,0.9735553473976729,C
21256,493.37999999999994,10,"FRENCH BOTTLE, BRASSERIE DES ARTIST",0.125,0.9735965283629904,C
20769,493.03999999999996,32,DAISY JOURNAL ,0.4,0.9736376809495162,C
85113,492.96000000000004,16,POLKA DOT PISTACHIO PAIL,0.2,0.9736788268586795,C
90161C,491.43,41,ANT COPPER LIME BOUDICCA BRACELET,0.5125,0.9737198450632802,C
85091,489.40999999999997,12,CANDY SPOT BREAD BASKETS,0.15,0.9737606946644721,C
51020B,489.36999999999995,40,STRIPY DESIGN SHOWER CAP,0.5,0.9738015409269825,C
84707B,488.23,30,PINK JEWELLED MIRROR TRINKET TRAY,0.375,0.9738422920370741,C
85131B,488.15999999999997,43,BEADED CRYSTAL HEART GREEN ON STICK,0.5375,0.9738830373044732,C
84876D,488.14,21,BLUE HEART COMPACT MIRROR,0.2625,0.9739237809025317,C
47503A,488.0,37,ASS FLORAL PRINT MULTI SCREWDRIVER,0.4625,0.9739645128152054,C
84762A,487.28,13,WHITE PICNIC BARBECUE BUCKET,0.1625,0.9740051846316143,C
35095A,487.25,52,BLUE VICTORIAN FABRIC OVAL BOX,0.65,0.9740458539440124,C
79342B,487.0,12,BROWN FLOWER LIGHTS,0.15,0.9740865023896519,C
22102,485.13999999999993,32,MIRROR MOSAIC T-LIGHT HOLDER ,0.4,0.9741269955866079,C
47469,485.08,16,ASSORTED SHAPES PHOTO CLIP SILVER ,0.2,0.9741674837755419,C
22814,484.98,35,CARD PARTY GAMES ,0.4375,0.9742079636177723,C
23145,484.0199999999999,9,ZINC T-LIGHT HOLDER STAR LARGE,0.1125,0.97424836333165,C
84920,483.14,35,PINK FLOWER FABRIC PONY,0.4375,0.9742886895945376,C
16259,482.11,20,PIECE OF CAMO STATIONERY SET,0.25,0.97432892988638,C
84569C,482.08,38,PACK 4 FLOWER/BUTTERFLY PATCHES,0.475,0.9743691676742114,C
85129C,481.69,36,BEADED CRYSTAL HEART BLUE SMALL,0.45,0.9744093729098994,C
82616A,481.61,25,BUBBLE GUM SCARF KNITTING KIT,0.3125,0.9744495714682248,C
20773,481.58,52,BLUE PAISLEY NOTEBOOK,0.65,0.974489767522539,C
84569A,481.44,42,PACK 3 IRON ON DOG PATCHES,0.525,0.9745299518914685,C
21440,481.31,29,12 MINI TOADSTOOL PEGS,0.3625,0.9745701254096837,C
84657,479.83,7,GREEN ROSE CUSHION COVER,0.0875,0.9746101753966881,C
22259,477.95,26,FELT FARM ANIMAL HEN,0.325,0.9746500684656684,C
17165B,477.48,29,ASS COL LARGE SAND GECKO P'WEIGHT,0.3625,0.9746899223051426,C
20864,477.14000000000004,17,DENIM PATCH PENCIL CASE BUTTERFLY,0.2125,0.9747297477658253,C
23000,476.81,18,TRAVEL CARD WALLET TRANSPORT,0.225,0.9747695456823867,C
21339,476.7,10,MARAKESH LANTERN LARGE,0.125,0.9748093344175742,C
21322,476.15000000000003,4,GLASS SPHERE CANDLE STAND LARGE ,0.05,0.974849077245893,C
21001,476.01,40,ROSE DU SUD WASHBAG ,0.5,0.974888808388827,C
90195B,475.46,15,BLACK GEMSTONE BRACELET,0.1875,0.9749284936248922,C
84916,474.56,33,HAND TOWEL PALE BLUE W FLOWERS,0.4125,0.9749681037406267,C
85169D,474.15,45,PINK LOVE BIRD CANDLE,0.5625,0.9750076796348772,C
22396,473.65,46,MAGNETS PACK OF 4 RETRO PHOTO,0.575,0.9750472137956107,C
79337,473.51,16,BLUE FLOCK GLASS CANDLEHOLDER,0.2,0.9750867362709592,C
16239,472.66,8,BALLERINA HEART DECORATION.,0.1,0.9751261877993287,C
21441,472.56,55,BLUE BIRDHOUSE DECORATION,0.6875,0.9751656309809948,C
22615,472.5299999999999,47,PACK OF 12 CIRCUS PARADE TISSUES ,0.5875,0.9752050716586499,C
35646,471.86,16,VINTAGE BEAD PINK EVENING BAG,0.2,0.9752444564133921,C
90161B,471.43,36,ANT COPPER TURQ BOUDICCA BRACELET,0.45,0.9752838052773096,C
21884,471.3,55,CAKES AND BOWS GIFT  TAPE,0.6875,0.9753231432905127,C
84989B,471.1,25,75 BLACK FAIRY CAKE CASES,0.3125,0.975362464610309,C
84993A,470.8,62,75 GREEN PETIT FOUR CASES,0.775,0.975401760889995,C
90184B,470.72999999999996,24,AMETHYST CHUNKY BEAD BRACELET W STR,0.3,0.9754410513269886,C
84901,470.58,34,BLACK FACE LAMB WITH PANTS,0.425,0.975480329243927,C
85226C,470.41,33,BLUE PULL BACK RACING CAR,0.4125,0.9755195929714697,C
84660B,469.55,28,BLACK STITCHED WALL CLOCK,0.35,0.975558784917363,C
84842,469.05,22,HELLO SAILOR BATHROOM SET,0.275,0.9755979351297394,C
21734,468.37,10,SMALL MARAKESH LANTERN ON STICK,0.125,0.9756370285845322,C
37492C,467.99999999999994,14,GREEN BLUE FLOWER PIGGY BANK,0.175,0.9756760911565225,C
90160C,467.81,29,TURQ+RED BOUDICCA LARGE BRACELET,0.3625,0.9757151378697764,C
22124,467.42,47,SET OF 2 TEA TOWELS PING MICROWAVE,0.5875,0.9757541520308869,C
23064,466.70000000000005,5,CINDERELLA CHANDELIER ,0.0625,0.9757931060957328,C
22995,465.83,18,TRAVEL CARD WALLET SUKI,0.225,0.9758319875442589,C
84675,465.37,29,FROG KING WATERING CAN,0.3625,0.9758708305979493,C
90161D,464.65000000000003,35,ANT COPPER PINK BOUDICCA BRACELET,0.4375,0.9759096135553752,C
17084N,464.52,60,FAIRY DREAMS INCENSE ,0.75,0.9759483856620865,C
72132,464.09999999999997,14,COLUMBIAN CUBE CANDLE,0.175,0.9759871227126437,C
84984B,462.25,9,RED PEONY DES C/COVER ,0.1125,0.9760257053491874,C
84972L,462.15000000000003,11,GIANT PINK HEART MEMO HOLDER,0.1375,0.976064279639028,C
16169C,462.0,10,WRAP BLUE REINDEER,0.125,0.9761028414088132,C
21173,461.40999999999997,14,LOO ROLL  METAL SIGN ,0.175,0.9761413539330484,C
82011C,461.13,34,BATHROOM SCALES FOOTPRINTS IN SAND,0.425,0.9761798430865141,C
84306,459.12999999999994,16,S/3 PINK SQUARE PLANTERS ROSES,0.2,0.9762181653059114,C
21026,458.89,36,SPACE OWL,0.45,0.9762564674932205,C
20943,458.68,19,SET/6 GINGERBREAD STAR T-LIGHTS,0.2375,0.9762947521524523,C
71101E,458.40999999999997,28,STANDING FAIRY POLE SUPPORT ,0.35,0.976333014275585,C
51020A,458.30999999999995,37,SUMMER FUN DESIGN SHOWER CAP,0.4625,0.9763712680520142,C
79191C,458.05,46,RETRO PLASTIC ELEPHANT TRAY,0.575,0.9764095001270147,C
23067,456.49,7,HANGING ENGRAVED METAL HEART,0.0875,0.9764476019934417,C
72801C,456.44,32,S/4 ROSE PINK DINNER CANDLES,0.4,0.9764856996865171,C
90209C,456.44,36,PINK ENAMEL+GLASS HAIR COMB,0.45,0.9765237973795924,C
22394,456.01,30,PAPERWEIGHT KINGS CHOICE ,0.375,0.976561859181843,C
85198,455.49999999999994,25,ASSORTED FARMYARD ANIMALS IN BUCKET,0.3125,0.9765998784159062,C
20781,455.16,28,GOLD EAR MUFF HEADPHONES,0.35,0.9766378692711778,C
85025B,455.09999999999997,39,EAU DE NILE HEART SHAPE PHOTO FRAME,0.4875,0.9766758551184274,C
47563A,454.87,41,RETRO LONGBOARD IRONING BOARD COVER,0.5125,0.976713821768259,C
21004,454.77,35,ROSE DU SUD CHILDS APRON,0.4375,0.9767517800713872,C
21757,454.3,20,LIGHTHOUSE PRINTED METAL SIGN,0.25,0.9767896991450096,C
85039C,454.2,45,S/4 BLACK MINI ROSE CANDLE IN BOWL,0.5625,0.9768276098719283,C
72789,454.03,22,BASKET/8 SCENTED LOVE TOKEN CANDLES,0.275,0.9768655064094512,C
21208,453.88,42,PASTEL COLOUR HONEYCOMB FAN,0.525,0.9769033904269192,C
84821,453.03,33,DANISH ROSE DELUXE COASTER,0.4125,0.976941203497408,C
45008C,451.96999999999997,16,DECORATIVE NET CANOPY CREAM,0.2,0.9769789280928406,C
21893,451.5,7,POTTING SHED SEED TIN,0.0875,0.9770166134587671,C
46776E,450.84,29,WOVEN CANDY CUSHION COVER ,0.3625,0.9770542437364511,C
84706D,449.48999999999995,12,CHERRY BLOSSOM TABLE CLOCK ,0.15,0.9770917613336391,C
84509a,449.36,20,ENGLISH ROSE PLACEMATS,0.25,0.9771292680801125,C
85136B,449.22,27,BLUE SHARK HELICOPTER,0.3375,0.9771667631412011,C
21344,449.02000000000004,16,MOROCCAN BEATEN METAL DISH,0.2,0.977204241508883,C
18094C,448.65999999999997,49,WHITE/BLUE RECT CERAMIC OIL BURNER,0.6125,0.9772416898284325,C
23061,447.14,9,VINTAGE EMBOSSED HEART,0.1125,0.9772790112780901,C
84875D,446.25,10,BLUE SQUARE COMPACT MIRROR,0.125,0.9773162584420872,C
84708B,446.1,30,PINK JEWELLED PHOTO FRAME ,0.375,0.9773534930860293,C
85086A,445.5,46,CANDY SPOT HEART DECORATION,0.575,0.9773906776497508,C
10134,445.38,27,COLOURING PENCILS BROWN TUBE,0.3375,0.9774278521974283,C
79190B,443.83,55,RETRO PLASTIC POLKA TRAY,0.6875,0.9774648973712029,C
20865,443.59,17,PATCHWORK PENCIL CASE BUTTERFLY ,0.2125,0.9775019225128891,C
84963B,441.65000000000003,4,BLUE PAINTED KASHMIRI CHAIR,0.05,0.9775387857285291,C
84569B,440.93,38,PACK 3 FIRE ENGINE/CAR PATCHES,0.475,0.9775755888479045,C
20839,440.49,23,FRENCH PAISLEY CUSHION COVER ,0.2875,0.9776123552417849,C
84773,439.55,27,RED ROSE AND LACE C/COVER,0.3375,0.9776490431766532,C
22903,439.5,19,CALENDAR FAMILY FAVORITES,0.2375,0.9776857269381698,C
85020,438.96000000000004,32,ROUND PINK HEART MIRROR,0.4,0.977722365627488,C
47594A,438.76,41,CAROUSEL DESIGN WASHBAG,0.5125,0.9777589876233993,C
20655,438.09999999999997,60,QUEEN OF SKIES LUGGAGE TAG,0.75,0.9777955545310679,C
21636,437.78,23,MADRAS NOTEBOOK MEDIUM,0.2875,0.9778320947292857,C
20617,437.71000000000004,44,FIRST CLASS PASSPORT COVER ,0.55,0.9778686290848111,C
85130C,437.59999999999997,26,BEADED CRYSTAL HEART BLUE  LARGE,0.325,0.9779051542589627,C
23083,436.98,6,SET 6 PAPER TABLE LANTERN STARS ,0.075,0.9779416276835532,C
16244A,436.51,11,MAXWELL 2 TONE PINK 60 PAGE PHOTO A,0.1375,0.9779780618786376,C
72799B,435.26,3,PURPLE PILLAR CANDLE BLACK FLOCK,0.0375,0.9780143917399292,C
21816,435.22999999999996,18,CHRISTMAS TREE T-LIGHT HOLDER,0.225,0.9780507190972099,C
84809A,435.0,17,WHITE CHRYSANTHEMUMS ART FLOWER,0.2125,0.9780870272570727,C
84086C,434.9,37,PINK/PURPLE RETRO RADIO,0.4625,0.9781233270702321,C
20621,434.87,18,ECONOMY PASSPORT COVER ,0.225,0.9781596243793804,C
22997,434.61,18,TRAVEL CARD WALLET UNION JACK,0.225,0.9781958999870998,C
84596K,434.59,34,JELLY BABIES YELLOW SMALL BOWL,0.425,0.9782321739254786,C
16169P,434.5,27,WRAP GREEN RUSSIAN FOLKART ,0.3375,0.9782684403518243,C
62096B,434.49,33,PURPLE/TURQ FLOWERS HANDBAG,0.4125,0.9783047059434997,C
79071B,433.70000000000005,37,ENGLISH ROSE METAL WASTE BIN,0.4625,0.978340905596218,C
84827,433.35,17,ASS DES PHONE SPONGE CRAFT STICKER,0.2125,0.9783770760354744,C
20845,432.11999999999995,15,ZINC HEART LATTICE 2 WALL PLANTER,0.1875,0.9784131438102788,C
22181,432.0,41,SNOWSTORM PHOTO FRAME FRIDGE MAGNET,0.5125,0.978449201569039,C
85023B,431.7,19,EAU DE NILE JEWELLED PHOTOFRAME,0.2375,0.978485234287689,C
21438,431.37,11,TUB 24 HANGING EASTER EGGS SPOTTY,0.1375,0.9785212394622177,C
84782C,431.25,12,GREEN 3 TIER GLASS PLATE STAND,0.15,0.9785572346207023,C
84858B,431.0,5,BLUE RIVIERA HANDBAG,0.0625,0.9785932089124285,C
21000,430.08,41,ROSE DU SUD COSMETICS BAG,0.5125,0.9786291064144832,C
16243B,429.69,4,BROWN COZY SQUARE PHOTO ALBUM,0.05,0.9786649713643945,C
21418,429.63,39,STARFISH SOAP DISH,0.4875,0.9787008313062839,C
20793,429.51,16,BLUE TILED TRAY,0.2,0.9787366812321291,C
15056p,429.36,20,EDWARDIAN PARASOL PINK,0.25,0.9787725186379191,C
20695,429.13,24,FLORAL BLUE MONSTER,0.3,0.9788083368462914,C
85090,429.08000000000004,26,CANDY SPOT APRON,0.325,0.9788441508813119,C
84510F,428.93,24,SET OF 4 NEW ENGLAND COASTERS ,0.3,0.9788799523962773,C
35953,428.27,16,FOLKART STAR CHRISTMAS DECORATIONS,0.2,0.9789156988230001,C
16012,428.25,38,FOOD/DRINK SPUNGE STICKERS,0.475,0.9789514435803823,C
84584,428.03,38,PINK GINGHAM CAT WITH SCARF,0.475,0.9789871699750169,C
84966B,428.0,4,BLUE KASHMIRI BOXED MIRROR,0.05,0.9790228938656406,C
84051,427.47999999999996,27,ASS COLOUR GLOWING TIARAS,0.3375,0.9790585743534064,C
85215,426.5,38,ASSORTED CHEESE FRIDGE MAGNETS,0.475,0.9790941730434788,C
23140,426.15000000000003,9,TRIPLE WIRE HOOK IVORY HEART,0.1125,0.9791297425200892,C
22232,426.15,42,JIGSAW TOADSTOOLS 3 PIECE,0.525,0.9791653119966996,C
21536,424.34000000000003,13,DAIRY MAID  SMALL  MILK JUG,0.1625,0.9792007303979783,C
45016,423.73,18,DECORATIVE NET CANOPY LEOPARD,0.225,0.979236097884366,C
85030,421.95,16,FRENCH CHATEAU OVAL PLATTER,0.2,0.9792713167994328,C
85169B,421.03999999999996,33,BLACK LOVE BIRD CANDLE,0.4125,0.9793064597594986,C
21503,420.0,26,TOYBOX  WRAP ,0.325,0.9793415159138489,C
84967C,419.85,4,GREEN KASHMIRI OCCASIONAL TABLE,0.05,0.979376559548144,C
84422,419.47,30,PINK/BLUE DISC/MIRROR STRING,0.375,0.9794115714649663,C
84770,419.25000000000006,6,ROUND GEORGIAN SILVER MIRROR,0.075,0.9794465650190409,C
35598B,419.11,17,BLACK CHRISTMAS TREE 60CM,0.2125,0.9794815468877307,C
21740,418.89000000000004,6,COSY SLIPPER SHOES LARGE RED,0.075,0.9795165103936732,C
72807c,418.63,19,SET/3 VANILLA SCENTED CANDLE IN BOX,0.2375,0.9795514521981866,C
22337,418.47,19,ANGEL DECORATION PAINTED ZINC ,0.2375,0.9795863806479748,C
84932C,418.3,15,SMALL ORIENTAL BLUE FOLDING STOOL,0.1875,0.979621294908367,C
85071D,417.82,29,CHARLIE+LOLA MY ROOM DOOR SIGN,0.3625,0.9796561691045829,C
21134,417.45,19,VICTORIAN METAL POSTCARD CHRISTMAS,0.2375,0.9796910124179959,C
90014A,417.35999999999996,27,SILVER/MOP ORBIT NECKLACE,0.3375,0.9797258482193759,C
20694,416.98,28,FLORAL PINK MONSTER,0.35,0.9797606523032831,C
21663,416.81,14,VINTAGE GLASS SUGAR CADDY,0.175,0.9797954421977945,C
82095,416.55,28,HEART BUTTONS JEWELLERY BOX,0.35,0.9798302103908769,C
35240,416.01,20,ENAMEL BLUE RIM OVAL TRAY SET/2,0.25,0.9798649335117608,C
20657,415.2,45,TROPICAL LUGGAGE TAG,0.5625,0.979899589024347,C
23131,415.0,8,MISTLETOE HEART WREATH CREAM,0.1,0.9799342278435265,C
21518,414.78,53,BANK ACCOUNT  GREETING  CARD ,0.6625,0.9799688482999583,C
47592A,414.77,30,CAROUSEL DES CHILD'S OVERALL,0.375,0.9800034679217199,C
35471A,414.75,31,SET OF 3 BIRD L.BLUE FEATHER,0.3875,0.9800380858741409,C
72803B,412.13,23,OCEAN SCENT CANDLE JEWELLED DRAWER,0.2875,0.9800724851429323,C
22344,411.86,44,PARTY PIZZA DISH PINK WHITE SPOT ,0.55,0.9801068618756245,C
84873A,411.09999999999997,8,FUNKY FLOWER PICNIC BAG FOR 4,0.1,0.9801411751733705,C
84799,410.03,23,SPRIG LAVENDER ARTIFICIAL FLOWER,0.2875,0.9801753991613902,C
22994,407.77,18,TRAVEL CARD WALLET RETROSPOT,0.225,0.9802094345139125,C
16161M,407.5,28,WRAP  PINK FLOCK,0.35,0.9802434473303357,C
71143,407.19,38,SILVER BOOK MARK WITH BEADS,0.475,0.9802774342719783,C
22390,407.15999999999997,26,PAPERWEIGHT CHILDHOOD MEMORIES,0.325,0.9803114187096099,C
35599B,407.13,14,BLACK CHRISTMAS TREE 120CM,0.175,0.9803454006432305,C
84801A,406.44000000000005,13,PINK HYDRANGEA ART FLOWER,0.1625,0.9803793249845975,C
22345,406.31,46,PARTY PIZZA DISH BLUE WHITE SPOT ,0.575,0.98041323847525,C
21311,405.66,34,SET/4 BIRD MIRROR MAGNETS ,0.425,0.9804470977123303,C
16207B,405.51,15,PINK HEART RED HANDBAG,0.1875,0.9804809444293555,C
23081,404.64,6,GREEN METAL BOX ARMY SUPPLIES,0.075,0.980514718530061,C
35915C,404.33,28,PEACH KNITTED HEN ,0.35,0.980548466755986,C
23235,403.78000000000003,2,STORAGE TIN VINTAGE LEAF,0.025,0.9805821690750419,C
90198A,403.77,40,VINTAGE ROSE BEAD BRACELET RASPBERR,0.5,0.9806158705594277,C
72267,403.76,8,PREMIUM CHURCH CANDLE,0.1,0.9806495712091431,C
85168B,403.02,19,BLACK BAROQUE CARRIAGE CLOCK,0.2375,0.9806832100932531,C
72750C,402.1,8,"F.FAIRY S/3 CANDLE/GLASS, ROSE",0.1,0.9807167721876918,C
84509c,401.46,21,SET OF 4 DOTTY PLACEMATS ,0.2625,0.9807502808632287,C
47021G,400.21999999999997,38,SET/6 BEAD COASTERS GAUZE BAG GOLD,0.475,0.9807836860396432,C
90082B,400.04999999999995,19,DIAMANTE BOW BROOCH RED COLOUR,0.2375,0.9808170770266619,C
23056,400.0,8,FLOWERS CHANDELIER T-LIGHT HOLDER,0.1,0.9808504638403288,C
90120A,399.92,27,PINK MURANO TWIST BRACELET,0.3375,0.9808838439766331,C
21764,399.5,7,VINTAGE WOODEN PLATE RACK,0.0875,0.9809171890567829,C
23255,398.39000000000004,10,CHILDRENS CUTLERY CIRCUS PARADE,0.125,0.9809504414885248,C
35969,398.13,28,FOLKART CROWN TABLE DECORATIONS,0.35,0.980983672218838,C
21736,397.69000000000005,22,GOLD SCROLL GLASS T-LIGHT HOLDER,0.275,0.9810168662236559,C
82076,396.78,5,BEECH WOOD PHOTO FRAME ,0.0625,0.9810499842734728,C
72122,396.22999999999996,47,COFFEE SCENT PILLAR CANDLE,0.5875,0.981083056416421,C
22820,395.66,25,GIFT BAG BIRTHDAY,0.3125,0.9811160809831596,C
23006,395.57,18,TRAVEL CARD WALLET FLOWER MEADOW,0.225,0.9811490980378652,C
84726,394.84999999999997,4,LILLIES CANVAS PICTURE,0.05,0.9811820549963062,C
90010E,394.01,20,AMBER GLASS/SILVER BRACELET,0.25,0.9812149418424384,C
72801D,393.90999999999997,34,S/4 SKY BLUE DINNER CANDLES,0.425,0.9812478203418673,C
85014b,392.76,13,RED/WHITE DOTS RUFFLED UMBRELLA,0.1625,0.9812806028542069,C
21194,392.24,32,PINK  HONEYCOMB PAPER FAN,0.4,0.9813133419636887,C
84984C,391.86,12,ORIENTAL BLUE C/COVER ,0.15,0.9813460493556975,C
21336,391.19000000000005,24,GOLD WASHBAG,0.3,0.9813787008247934,C
20993,391.01,11,JAZZ HEARTS MEMO PAD,0.1375,0.9814113372698231,C
21415,388.8,40,CLAM SHELL SMALL ,0.5,0.9814437892527074,C
85167A,388.3,6,WHITE GRAND BAROQUE PHOTO FRAME,0.075,0.9814761995020747,C
22042,388.17,20,CHRISTMAS CARD SINGING ANGEL,0.25,0.9815085989007274,C
84924A,387.61,25,WAKE UP COCKEREL CALENDAR SIGN ,0.3125,0.9815409515578409,C
47579,387.07000000000005,32,TEA TIME BREAKFAST BASKET,0.4,0.9815732591427562,C
47503K,386.99,20,ASSORTED FLORAL SECATEURS,0.25,0.9816055600503085,C
84802B,384.72,13,PURPLE ANEMONE ARTIFICIAL FLOWER,0.1625,0.9816376714876934,C
85230A,384.47999999999996,28,OPIUM SCENTED VOTIVE CANDLE,0.35,0.9816697628929901,C
84804B,384.40000000000003,10,BLUE DELPHINIUM ARTIFICIAL FLOWER,0.125,0.9817018476209242,C
85027L,381.75,23,FRENCH CHATEAU LARGE PLATTER ,0.2875,0.9817337111612175,C
37444A,381.59000000000003,32,YELLOW BREAKFAST CUP AND SAUCER,0.4,0.9817655613467854,C
90124B,381.44,21,BLUE MURANO TWIST NECKLACE,0.2625,0.9817973990122981,C
84932A,381.4,10,SMALL GREEN PEONY FOLDING STOOL,0.125,0.9818292333391296,C
90175D,381.21999999999997,24,TIGRIS EYE CHUNKY CHARM BRACELET,0.3,0.9818610526418949,C
90002D,380.74,25,FLOWER BURST SILVER RING CRYSTAL,0.3125,0.9818928318804838,C
84857C,380.68,10,PINK MONTE CARLO HANDBAG,0.125,0.9819246061110507,C
84081,380.65,11,WHITE CERAMIC PARTY SET (5PCS),0.1375,0.9819563778376065,C
16168M,379.99,49,FUNKY MONKEY GIFT BAG MEDIUM,0.6125,0.9819880944759197,C
82081,379.77,9,PINK HEARTS PHOTO ALBUM,0.1125,0.9820197927514854,C
71403,379.6,32,"PINK/WHITE ""KEEP CLEAN"" BULLET BIN",0.4,0.9820514768376554,C
16207A,379.28000000000003,37,PINK STRAWBERRY HANDBAG ,0.4625,0.9820831342143743,C
85019B,379.25,14,BLOSSOM  IMAGES NOTEBOOK SET,0.175,0.9821147890870823,C
23107,377.5,6,WHITE WIRE PLANT POT HOLDER,0.075,0.9821462978924804,C
47504H,377.18,30,ENGLISH ROSE SPIRIT LEVEL ,0.375,0.9821777799884276,C
22100,376.95,43,SKULLS SQUARE TISSUE BOX,0.5375,0.982209242886957,C
20857,376.2,41,BLUE ROSE PATCH PURSE PINK BUTTERFL,0.5125,0.9822406431852106,C
84497,375.88,24,BUTTONS AND STRIPES NOTEBOOK ,0.3,0.9822720167740135,C
84532B,375.7,13,FAIRY CAKES RECTANGLUAR BOXES,0.1625,0.9823033753387501,C
21167,375.46999999999997,48,WHITE SAGE INCENSE,0.6,0.982334714706069,C
23228,374.52,4,FILIGREE HEART BIRD WHITE ,0.05,0.9823659747797053,C
85170B,374.26,26,SET/6 BLACK BIRD T-LIGHT CANDLES,0.325,0.9823972131519128,C
84529C,374.24,12,YELLOW KNITTED KIDS RUCKSACK,0.15,0.9824284498547796,C
84683,374.18,28,CLASSICAL ROSE CANDLESTAND,0.35,0.9824596815496243,C
84859C,374.15,12,PINK DISCO HANDBAG,0.15,0.982490910740458,C
16162L,374.13,19,THE KING GIFT BAG,0.2375,0.9825221382619511,C
22044,374.0,15,CHRISTMAS CARD STACK OF PRESENTS,0.1875,0.9825533549327297,C
46776D,373.98,25,WOVEN SUNSET CUSHION COVER ,0.3125,0.9825845699341677,C
23138,373.97999999999996,9,SINGLE WIRE HOOK IVORY HEART,0.1125,0.9826157849356056,C
20778,373.96999999999997,40,GARDEN PATH NOTEBOOK ,0.5,0.9826469991023732,C
84931B,372.95,37,BLUE SCOTTIE DOG W FLOWER PATTERN,0.4625,0.9826781281327659,C
90184A,371.67,18,AMBER CHUNKY BEAD BRACELET W STRAP,0.225,0.9827091503253549,C
72127,371.59,35,COLUMBIAN CANDLE ROUND ,0.4375,0.9827401658405811,C
84875B,371.25,6,GREEN SQUARE COMPACT MIRROR,0.075,0.9827711529770157,C
21943,370.91999999999996,48,CAKES AND RABBITS DESIGN FLANNEL ,0.6,0.982802112569329,C
84218,370.90999999999997,20,BOX/12 CHICK & EGG IN BASKET,0.25,0.9828330713269721,C
84859B,370.6,7,BLUE DISCO HANDBAG,0.0875,0.9828640042098344,C
85230B,369.52,30,CINNAMON SCENTED VOTIVE CANDLE,0.375,0.9828948469482999,C
84595B,369.29999999999995,13,LARGE TRIFLE DESIGN L BLUE BOWL,0.1625,0.982925671324018,C
72023F,369.02,18,RED ORGANIC CANDLE IN GLASS,0.225,0.9829564723289664,C
72128,368.48,44,COLUMBIAN CANDLE ROUND,0.55,0.9829872282617164,C
16169F,367.5,10,WRAP BLIZZARD,0.125,0.9830179023967729,C
35922,367.24,19,EASTER BUNNY WREATH,0.2375,0.9830485548304005,C
16048,366.06,34,TEATIME ROUND PENCIL SHARPENER ,0.425,0.9830791087729279,C
20850,365.80000000000007,15,ZINC HEART LATTICE PLANTER BOWL,0.1875,0.9831096410140263,C
20774,364.34,44,GREEN FERN NOTEBOOK,0.55,0.9831400513932549,C
35004S,364.2,3,SET OF 3 SILVER FLYING DUCKS,0.0375,0.9831704500870986,C
21365,363.97,26,MIRRORED WALL ART STARS,0.325,0.9832008295835245,C
90013B,363.5,40,BLACK VINTAGE EARRINGS,0.5,0.9832311698504443,C
84859A,363.29,21,SILVER DISCO HANDBAG,0.2625,0.9832614925892869,C
90120B,362.88,25,BLUE MURANO TWIST BRACELET,0.3125,0.9832917811066456,C
84952A,362.81,15,CLEAR LOVE BIRD T-LIGHT HOLDER,0.1875,0.9833220637813119,C
84884a,362.41,19,ANT WHITE WIRE HEART SPIRAL,0.2375,0.9833523130691645,C
20757,362.39,31,RED DAISY POCKET BOOK ,0.3875,0.9833825606876765,C
72801E,362.25,13,S/4 FESTIVE GREEN DINNER CANDLES,0.1625,0.9834127966208036,C
84984A,361.27000000000004,8,GREEN PEONY DES C/COVER,0.1,0.9834429507562372,C
22407,360.59000000000003,35,MONEY BOX FIRST ADE DESIGN,0.4375,0.9834730481340875,C
35600D,359.85,7,PINK AND WHITE CHRISTMAS TREE 180CM,0.0875,0.9835030837463327,C
22031,359.39,49,BOTANICAL LAVENDER BIRTHDAY CARD,0.6125,0.9835330809637421,C
84741C,358.49,28,CITRUS GARLAND FELT FLOWERS ,0.35,0.9835630030608208,C
21264,358.26,16,WHITE GOOSE FEATHER TREE 60CM ,0.2,0.9835929059604815,C
21265,358.21,10,PINK GOOSE FEATHER TREE 60CM,0.125,0.9836228046867908,C
90160B,357.73,20,RED BOUDICCA LARGE BRACELET,0.25,0.9836526633489234,C
23211,356.98,3,RED ROCKING HORSE HAND PAINTED,0.0375,0.9836824594107806,C
84508B,356.85999999999996,41,STRIPES DESIGN TEDDY,0.5125,0.9837122454565934,C
20689,356.6,20,RETRO SISTERS EXPRESSO CUPS,0.25,0.9837420098009775,C
23237,356.48,2,SET OF 4 KNICK KNACK TINS LEAVES ,0.025,0.9837717641293175,C
90058B,355.72,15,CRYSTAL STUD EARRINGS ASSORTED COL ,0.1875,0.9838014550227115,C
85014a,354.86,15,BLACK/BLUE DOTS RUFFLED UMBRELLA,0.1875,0.9838310741344561,C
20794,354.80999999999995,26,BLUE  TILE HOOK,0.325,0.9838606890728491,C
46126A,353.74,28,ELVIS WALLHANGING / CURTAIN,0.35,0.9838902147015155,C
23241,353.42,2,TREASURE TIN GYMKHANA DESIGN,0.025,0.9839197136207309,C
84802A,353.21000000000004,20,WHITE ANEMONE ARTIFICIAL FLOWER,0.25,0.9839491950118692,C
90120C,352.26,32,GREEN MURANO TWIST BRACELET,0.4,0.983978597109325,C
21117,352.08,13,BLOND DOLL DOORSTOP,0.1625,0.9840079841827146,C
84809B,351.6,7,PINK CHRYSANTHEMUMS ART FLOWER,0.0875,0.9840373311919278,C
84760S,351.51,30,SMALL HANGING GLASS+ZINC LANTERN,0.375,0.984066670689108,C
85007,351.32,7,SET OF 3 VINTAGE TEA TIME BOXES,0.0875,0.9840959943275517,C
84806B,351.31,17,WHITE CANDYSTUFT ARTIFICIAL FLOWER,0.2125,0.984125317131325,C
21729,350.99,6,SMALL MARAKESH METAL  LANTERN ,0.075,0.9841546132256475,C
90198B,348.9,26,VINTAGE ROSE BEAD BRACELET BLACK,0.325,0.9841837348738685,C
72225C,348.78,22,LAVENDER SCENT CAKE CANDLE,0.275,0.9842128465060453,C
47562,348.75,15,ENGLISH ROSE IRONING BOARD COVER,0.1875,0.9842419556342111,C
85211,348.73999999999995,39,S/4 GROOVY CAT MAGNETS,0.4875,0.9842710639277067,C
47421,348.41999999999996,28,ASSORTED COLOUR LIZARD SUCTION HOOK,0.35,0.9843001455117513,C
21882,347.58000000000004,44,SKULLS TAPE,0.55,0.9843291569834872,C
23096,346.88999999999993,6,PETIT TRAY CHIC,0.075,0.9843581108629695,C
23088,346.05,5,ZINC HEART FLOWER T-LIGHT HOLDER,0.0625,0.9843869946301432,C
37464,342.88,30,ROBOT MUG IN DISPLAY BOX,0.375,0.9844156138068186,C
35911A,341.58,31,MULTICOLOUR RABBIT EGG WARMER,0.3875,0.9844441244763494,C
20868,340.92,25,SILVER FABRIC MIRROR,0.3125,0.9844725800576378,C
20696,340.88,29,FLORAL SOFT CAR TOY,0.3625,0.9845010323002448,C
40046A,340.82,31,RED DAISY PAPER LAMPSHADE,0.3875,0.9845294795348297,C
84932D,340.80999999999995,7,SMALL ORIENTAL RED FOLDING STOOL,0.0875,0.9845579259347443,C
84247L,340.25,38,FAWN AND MUSHROOM GREETING CARD,0.475,0.9845863255931199,C
21017,339.2,23,RED BIRD HOUSE TREE DECORATION,0.2875,0.9846146376111093,C
84249D,337.22,25,FAIRY CAKE GREETINGS CARD,0.3125,0.9846427843643712,C
16236,337.09999999999997,61,KITTY PENCIL ERASERS,0.7625,0.984670921101589,C
84925A,336.73999999999995,13,WAKE UP COCKEREL WALL THERMOMETER,0.1625,0.9846990277906746,C
85026B,336.1,22,EAU DE NILE JEWELLED T-LIGHT HOLDER,0.275,0.9847270810608583,C
84931A,335.67999999999995,37,PINK SCOTTIE DOG W FLOWER PATTERN,0.4625,0.9847550992748875,C
20906,335.37,24,VINTAGE NOTEBOOK BEAUTY GIRL,0.3,0.9847830916141361,C
90192,335.01,24,JADE DROP EARRINGS W FILIGREE,0.3,0.9848110539052525,C
20616,334.55,42,CHERRY BLOSSOM PASSPORT COVER,0.525,0.9848389778015333,C
85109,334.19,14,PINK BOUDOIR T-LIGHT HOLDER,0.175,0.9848668716496816,C
20823,334.12,12,GOLD WINE GOBLET,0.15,0.9848947596551375,C
23229,334.08000000000004,1,VINTAGE DONKEY TAIL GAME ,0.0125,0.9849226443219121,C
79303B,333.53,8,BLUE STAR BLOCK TABLE LAMP,0.1,0.9849504830818179,C
23183,333.35,11,MOTHER'S KITCHEN SPOON REST ,0.1375,0.9849783068176575,C
47583B,332.6,4,SET OF 3 WICKER BASKET TEA AND CAKE,0.05,0.9850060679532217,C
84680,332.55,9,CLASSICAL ROSE URN,0.1125,0.985033824915434,C
23100,332.3,6,SILVER BELLS TABLE DECORATION,0.075,0.9850615610108879,C
72780,331.48,27,BLACK SILOUETTE CANDLE PLATE,0.3375,0.9850892286633737,C
35004c,330.72,13,SET OF 3 COLOURED  FLYING DUCKS,0.1625,0.9851168328809136,C
84881,330.24,19,BLUE WIRE SPIRAL CANDLE HOLDER,0.2375,0.985144397034277,C
84007,328.83,22,MAGIC GARDEN MOUNT FUJI,0.275,0.9851718434991223,C
22263,328.65,42,FELT EGG COSY LADYBIRD ,0.525,0.9851992749399014,C
21027,328.62,31,NINJA RABBIT PINK,0.3875,0.9852267038766694,C
16238,328.2,58,PARTY TIME PENCIL ERASERS,0.725,0.9852540977572831,C
84292,328.14,11,ROSE PINK METAL FOLDING CHAIR,0.1375,0.9852814866298748,C
23002,328.04,18,TRAVEL CARD WALLET SKULLS,0.225,0.9853088671557629,C
21263,327.09000000000003,10,GREEN GOOSE FEATHER TREE 60CM,0.125,0.9853361683879688,C
20755,327.03,37,BLUE PAISLEY POCKET BOOK,0.4625,0.9853634646121524,C
23252,326.63,2,VINTAGE RED ENAMEL TRIM JUG ,0.025,0.9853907274495226,C
17164D,326.58,10,ASS COL SMALL SAND FROG P'WEIGHT,0.125,0.985417986113541,C
79336,326.31,14,LIGHT PINK FLOCK GLASS CANDLEHOLDER,0.175,0.9854452222414601,C
21038,325.98,31,SET/4 MODERN VINTAGE COTTON NAPKINS,0.3875,0.985472430825258,C
21309,325.6,4,LOUVRE CHALKBOARD,0.05,0.985499607691583,C
84948,325.55999999999995,12,SILVER HANGING T-LIGHT HOLDER DOME,0.15,0.9855267812192265,C
84804A,324.95000000000005,12,CREAM DELPHINIUM ARTIFICIAL FLOWER,0.15,0.9855539038319792,C
21678,323.93,40,PAISLEY PATTERN  STICKERS,0.5,0.9855809413083569,C
23308,323.40000000000003,3,SET OF 60 VINTAGE LEAF CAKE CASES ,0.0375,0.9856079345472066,C
90175C,323.4,15,BLUE GLASS CHUNKY CHARM BRACELET,0.1875,0.9856349277860564,C
23079,322.2,6,TOADSTOOL BEDSIDE LIGHT ,0.075,0.9856618208644651,C
21197,322.05999999999995,18,MULTICOLOUR  CONFETTI IN TUBE,0.225,0.9856887022574891,C
20950,320.94,23,SET/6  ANGEL T-LIGHTS WHITE/GOLD,0.2875,0.9857154901674346,C
35915B,320.73999999999995,24,BLUE KNITTED HEN ,0.3,0.9857422613839736,C
90160D,320.36,17,PINK BOUDICCA LARGE BRACELET,0.2125,0.9857690008830393,C
85070,320.0,3,ANT WHITE SWEETHEART TABLE W 3 DRAW,0.0375,0.9857957103339728,C
85017C,319.25,43,ENVELOPE 50 CURIOUS IMAGES,0.5375,0.9858223571846308,C
90180A,319.15,16,BLACK+WHITE NECKLACE W TASSEL,0.2,0.9858489956885853,C
85230G,318.23999999999995,26,ORANGE VOTIVE CANDLE,0.325,0.9858755582375388,C
20659,317.7,49,ECONOMY LUGGAGE TAG,0.6125,0.9859020757142937,C
20776,317.26,28,ABSTRACT CIRCLES NOTEBOOK,0.35,0.9859285564655536,C
84898F,317.05,29,YELLOW FLOWERS FELT HANDBAG KIT,0.3625,0.9859550196887364,C
78033,317.05,12,FLAG OF ST GEORGE CHAIR,0.15,0.9859814829119192,C
85088,315.90000000000003,32,CANDY SPOT HAND BAG,0.4,0.9860078501480127,C
23090,315.65,5,VINTAGE GLASS T-LIGHT HOLDER,0.0625,0.9860341965173477,C
20753,315.40000000000003,6,RETRO PINK SPOT WASHING UP GLOVES,0.075,0.9860605220199241,C
84838,312.5,3,ANT WHITE HIGH RISE BIRD BOX,0.0375,0.9860866054681013,C
17011F,312.21000000000004,17,ORIGAMI SANDLEWOOD INCENSE+FLOWER,0.2125,0.9861126647108388,C
90070,311.8,23,RUBY GLASS CLUSTER BRACELET,0.2875,0.9861386897320923,C
90145,311.66,26,SILVER HOOP EARRINGS WITH FLOWER,0.325,0.9861647030679609,C
17012E,311.06,17,ORIGAMI OPIUM INCENSE/CANDLE SET ,0.2125,0.9861906663236091,C
21003,311.0,16,ROSE DU SUD CUSHION COVER,0.2,0.986216624571235,C
90173,310.67,31,PAIR BUTTERFLY HAIR CLIPS,0.3875,0.9862425552747398,C
23099,309.84000000000003,5,FRENCH CARRIAGE LANTERN,0.0625,0.9862684167006063,C
21132,309.41,25,SILVER STANDING GNOME   ,0.3125,0.986294242235648,C
21028,308.54,36,NINJA RABBIT BLACK,0.45,0.9863199951543699,C
84877B,308.09,20,GREEN ROUND COMPACT MIRROR,0.25,0.9863457105129265,C
84801B,307.20000000000005,14,WHITE HYDRANGEA ART FLOWER,0.175,0.9863713515858227,C
46118,307.07,27,FUNKY MONKEY CUSHION COVER,0.3375,0.9863969818080044,C
23251,306.9,1,VINTAGE RED ENAMEL TRIM MUG ,0.0125,0.9864225978407904,C
22856,306.79,12,ASSORTED EASTER DECORATIONS  BELLS,0.15,0.9864482046922025,C
85129B,306.65,35,BEADED CRYSTAL HEART GREEN SMALL,0.4375,0.98647379985823,C
85114c,306.6,16,RED ENCHANTED FOREST PLACEMAT,0.2,0.9864993908509057,C
35833P,306.25,20,4 PINK FLOCK CHRISTMAS BALLS,0.25,0.9865249526301194,C
23153,306.2,9,ZINC SWEETHEART WIRE LETTER RACK,0.1125,0.9865505102359814,C
22257,305.52,24,FELT FARM ANIMAL SHEEP,0.3,0.9865760110842602,C
22096,305.42,42,PINK PAISLEY SQUARE TISSUE BOX ,0.525,0.9866015035858355,C
20819,305.4,27,SILVER TEDDY BEAR,0.3375,0.9866269944180703,C
20849,305.03000000000003,19,ZINC HEART LATTICE DOUBLE PLANTER,0.2375,0.9866524543675023,C
84968e,304.82,9,S/16 VINTAGE BLACK CUTLERY,0.1125,0.9866778967888572,C
72130,304.29,32,COLUMBIAN CANDLE ROUND,0.4,0.9867032949726839,C
22043,303.72,22,CHRISTMAS CARD SCREEN PRINT ,0.275,0.9867286455803013,C
21520,303.48,44,BOOZE & WOMEN GREETING CARD ,0.55,0.9867539761558304,C
23179,303.48,12,CLOCK MAGNET MUM'S KITCHEN,0.15,0.9867793067313596,C
90013A,303.39,37,MIDNIGHT BLUE VINTAGE EARRINGS,0.4625,0.9868046297948556,C
35810B,303.34000000000003,32,ENAMEL BLUE RIM COFFEE CONTAINER,0.4,0.986829948685,C
22038,302.5,25,BOTANICAL LAVENDER GIFT WRAP ,0.3125,0.9868551974628356,C
84535A,301.84000000000003,18,ENGLISH ROSE NOTEBOOK A6 SIZE,0.225,0.9868803911524286,C
90185D,301.75,22,CRYSTAL DIAMANTE EXPANDABLE RING,0.275,0.9869055773299886,C
84402D,301.64,8,PINK DRESS JEWELLERY STAND ,0.1,0.9869307543261749,C
90082A,301.40999999999997,19,DIAMANTE BOW BROOCH GREEN COLOUR,0.2375,0.9869559121249433,C
84915,301.1,19,HAND TOWEL PINK FLOWER AND DAISY,0.2375,0.986981044048931,C
16202B,300.83,12,PASTEL BLUE PHOTO ALBUM ,0.15,0.9870061534368196,C
20799,300.33,14,PINK MILKSHAKE GLASS,0.175,0.9870312210911911,C
84976,300.05,21,RECTANGULAR SHAPED MIRROR,0.2625,0.9870562653747931,C
75149N,300.0,13,STRING CRYSTALS NATURAL,0.1625,0.9870813054850432,C
23226,299.68,3,FILIGREE HEART DAISY WHITE,0.0375,0.9871063188858425,C
17109A,299.49,8,FLOWER FAIRY INCENSE LILY,0.1,0.9871313164279053,C
23239,298.8,2,SET OF 4 KNICK KNACK TINS POPPIES,0.025,0.9871562563777146,C
90178A,298.51,13,AMBER CHUNKY GLASS+BEAD NECKLACE,0.1625,0.9871811721220839,C
35964,298.13,19,FOLKART CLIP ON STARS,0.2375,0.9872060561489803,C
22541,297.76,27,MINI JIGSAW LEAP FROG,0.3375,0.9872309092930739,C
20976,297.69,33,12 PENCILS SMALL TUBE POSY,0.4125,0.9872557565944752,C
84627,297.5,14,CANDY STRIPE ROSE C/COVER ,0.175,0.9872805880371399,C
85204,296.08,57,HANGING WOOD AND FELT FLOWER,0.7125,0.9873053009566162,C
90014B,295.93,20,GOLD M PEARL  ORBIT NECKLACE,0.25,0.9873300013560373,C
84533B,294.63,11,FAIRY CAKES ROUND NESTING BOXES,0.1375,0.9873545932483141,C
90010A,294.03999999999996,13,MIDNIGHT BLUE GLASS/SILVER BRACELET,0.1625,0.9873791358950406,C
84510C,293.37,49,SET OF 4 POLKADOTS COASTERS,0.6125,0.9874036226188542,C
84877D,293.3,25,BLUE ROUND COMPACT MIRROR,0.3125,0.9874281034999756,C
85097B,293.14,17,BLUE ROCKING SINGING CANARY,0.2125,0.9874525710263714,C
90201B,292.70000000000005,35,BLACK ENAMEL FLOWER RING,0.4375,0.9874770018272722,C
17091B,292.63,29,JASMINE TEA INCENSE IN TIN,0.3625,0.9875014267854806,C
23249,292.40999999999997,1,VINTAGE RED ENAMEL TRIM PLATE,0.0125,0.9875258333809415,C
90134,292.25,46,OLD ROSE COMBO BEAD NECKLACE,0.575,0.9875502266216769,C
85130B,291.76,29,BEADED CRYSTAL HEART GREEN LARGE,0.3625,0.9875745789635655,C
20654,291.24,46,FIRST CLASS LUGGAGE TAG ,0.575,0.9875988879025964,C
90161A,290.83,27,ANT COPPER RED BOUDICCA BRACELET,0.3375,0.9876231626201434,C
84529A,290.78,11,PINK KNITTED KIDS RUCKSACK,0.1375,0.9876474331643385,C
21881,289.90000000000003,38,CUTE CATS TAPE,0.475,0.9876716302575436,C
20670,289.71000000000004,25,VIP HOLIDAY PURSE,0.3125,0.9876958114920124,C
84482,289.27,20,BUTTONS DESIGN JEWELLERY BOX,0.25,0.9877199560009858,C
21388,288.46999999999997,12,IVORY HANGING DECORATION  CHICKEN,0.15,0.9877440337363321,C
35921,287.82,24,EASTER BUNNY HANGING GARLAND,0.3,0.9877680572181062,C
79030A,287.25,11,"TUMBLER, ENGLISH ROSE",0.1375,0.9877920331236708,C
84933C,287.15,4,LARGE BLUE ORIENTAL FOLDING STOOL,0.05,0.987816000682532,C
16216,287.0,39,LETTER SHAPE PENCIL SHARPENER,0.4875,0.987839955721338,C
90036D,286.39,14,"FLOWER GLASS GARLAND NECKL.36""BLACK",0.175,0.9878638598452533,C
84970l,286.08,25,SINGLE HEART ZINC T-LIGHT HOLDER,0.3125,0.9878877380943879,C
22346,285.71,37,PARTY PIZZA DISH GREEN WHITE SPOT ,0.4625,0.9879115854607199,C
20851,285.57,23,ZINC HEART LATTICE TRAY OVAL ,0.2875,0.9879354211416671,C
21403,284.21999999999997,49,BLUE EGG  SPOON,0.6125,0.9879591441421182,C
71270,283.98,38,PHOTO CLIP LINE,0.475,0.987982847110481,C
21321,283.95,12,GLASS CHALICE BLUE  LARGE ,0.15,0.9880065475748327,C
90206C,283.06,29,CRYSTAL DIAMANTE STAR BROOCH,0.3625,0.9880301737535242,C
72739B,282.28000000000003,7,WHITE CHOCOLATE SCENT CANDLE,0.0875,0.9880537348279289,C
84932B,282.2,8,SMALL PINK PEONY FOLDING STOOL,0.1,0.988077289224971,C
20666,281.78000000000003,21,ECONOMY HOLIDAY PURSE,0.2625,0.9881008085658586,C
23102,281.21999999999997,6,SILVER HEARTS TABLE DECORATION,0.075,0.9881242811652071,C
23280,280.81,6,FOLDING BUTTERFLY MIRROR HOT PINK ,0.075,0.9881477195430717,C
21025,280.78,24,SPACE FROG,0.3,0.9881711554169251,C
20662,280.63000000000005,24,FIRST CLASS HOLIDAY PURSE ,0.3,0.9881945787707236,C
84592,280.08000000000004,23,CROCHET ROSE PURSE WITH SUEDE BACK,0.2875,0.9882179562176532,C
84509E,279.97,19,CAROUSEL PLACEMATS ,0.2375,0.9882413244832091,C
44235,279.9,13,ASS COL CIRCLE MOBILE ,0.1625,0.9882646869060726,C
90208,278.93,29,PAIR OF ENAMEL FLOWER CLUSTER SLIDE,0.3625,0.9882879683659128,C
90115,278.68,26,SUMMER BUTTERFLIES BAG CHARM,0.325,0.9883112289589946,C
84800M,277.67,17,MEDIUM WHITE/PINK ROSE ART FLOWER,0.2125,0.9883344052503718,C
90175B,277.49,19,PINK GLASS CHUNKY CHARM BRACELET,0.2375,0.9883575665176829,C
84661B,277.19,27,BLACK SQUARE TABLE CLOCK,0.3375,0.9883807027448838,C
84934,277.1,8,ASSTD DESIGN POP ART SLIM PEN,0.1,0.9884038314600515,C
22936,276.9,17,BAKING MOULD ROSE WHITE CHOCOLATE,0.2125,0.9884269434818125,C
84966C,276.0,2,GREEN KASHMIRI BOXED MIRROR,0.025,0.9884499803832426,C
23309,275.3,3,SET OF 60 I LOVE LONDON CAKE CASES ,0.0375,0.988472958857749,C
37422,275.08,22,WHITE WITH BLACK CATS BOWL,0.275,0.9884959189695077,C
90164B,274.51,23,WHITE  ROSEBUD PEARL BRACELET,0.2875,0.9885188315050569,C
23242,274.47,2,TREASURE TIN BUFFALO BILL ,0.025,0.9885417407019249,C
35914,274.25,21,PINK CHICK EGG WARMER + EGG CUP,0.2625,0.9885646315360453,C
23106,274.24,6,ZINC HEARTS PLANT POT HOLDER,0.075,0.9885875215354955,C
72739C,273.94,7,DARK CHOCOLATE SCENTCANDLE,0.0875,0.9886103864948351,C
20775,273.69,38,DAISY NOTEBOOK ,0.475,0.9886332305874164,C
35968,273.28000000000003,30,FOLK ART METAL HEART T-LIGHT HOLDER,0.375,0.9886560404585135,C
47422,272.58,30,ASSORTED MONKEY SUCTION CUP HOOK,0.375,0.9886787919026869,C
84902,272.18,22,PINK KNITTED COW STUFFED TOY,0.275,0.9887015099600466,C
84499,272.16999999999996,25,BLACK FLOWER CANDLE PLATE,0.3125,0.9887242271827359,C
84933A,271.90000000000003,3,LARGE GREEN PEONY FOLDING STOOL,0.0375,0.988746921869326,C
84673B,271.8,48,BLUE FLY SWAT,0.6,0.9887696082092128,C
84984D,271.66,11,ORIENTAL RED C/COVER ,0.1375,0.9887922828637147,C
84429A,271.47,23,MEDIUM PINK BUDDHA HEAD ,0.2875,0.9888149416594801,C
84597C,270.98,28,RETRO PINK BALL ASHTRAY ,0.35,0.9888375595563988,C
21698,270.59,44,MOCK LOBSTER FRIDGE MAGNET,0.55,0.9888601449011741,C
62095B,270.27,12,TURQOISE ICE CREAM SUNHAT,0.15,0.9888827035364985,C
37444B,269.88,18,BLUE BREAKFAST CUP AND SAUCER ,0.225,0.9889052296196796,C
17109C,269.71,7,FLOWER FAIRY INCENSE ROSE,0.0875,0.9889277415134651,C
22395,269.34,21,PAPERWEIGHT VINTAGE PAISLEY,0.2625,0.9889502225244476,C
72753D,268.8,4,S/3 FLWR FAIRY SUMMER CANDLES,0.05,0.9889726584632319,C
72793,268.75,9,BLACK BOX MIRROR LANTERN,0.1125,0.9889950902286644,C
35967,268.32,30,FOLK ART METAL STAR T-LIGHT HOLDER,0.375,0.9890174861032722,C
17001,268.03,15,HEAVENS SCENT FRAGRANCE OILS ASSTD,0.1875,0.98903985777244,C
35645,267.81,21,VINTAGE BEAD PINK JEWEL BOX,0.2625,0.9890622110788604,C
17109B,267.14,9,FLOWER FAIRY INCENSE LAVENDER,0.1125,0.989084508462368,C
84906,266.02,18,PINK B'FLY C/COVER W BOBBLES,0.225,0.9891067123627971,C
84660A,265.07,16,WHITE STITCHED WALL CLOCK,0.2,0.9891288369695438,C
84933B,264.6,2,LARGE PINK PEONY FOLDING STOOL,0.025,0.9891509223467845,C
21371,264.21999999999997,26,MIRRORED WALL ART POPPIES,0.325,0.9891729760065522,C
84673A,264.12,35,PINK FLY SWAT,0.4375,0.9891950213196165,C
46000R,263.9,25,POLYESTER FILLER PAD 45x30cm,0.3125,0.9892170482699333,C
22889,262.8,14,"NUMBER TILE VINTAGE FONT, No ",0.175,0.9892389834065125,C
84613C,262.71,11,BLUE NEW BAROQUE FLOCK CANDLESTICK,0.1375,0.9892609110310586,C
72753A,262.46000000000004,5,S/3 FLWR FAIRY LILLY CANDLES,0.0625,0.9892828177888463,C
23087,262.3,5,ZINC  HEART T-LIGHT HOLDER,0.0625,0.9893047111919084,C
72487,261.59,2,ROSES WHITE ROUND CANDLE,0.025,0.9893265453333763,C
84711A,261.53999999999996,11,SILVER OVAL SHAPE TRINKET BOX,0.1375,0.9893483753014923,C
20980,261.40999999999997,29,36 PENCILS TUBE POSY,0.3625,0.9893701944188941,C
35637C,261.31,12,PINK STRING CURTAIN WITH POLE,0.15,0.9893920051895924,C
79303D,260.37,10,LILAC FLOWER BLOCK TABLE LAMP,0.125,0.9894137375012784,C
90129A,259.2,33,PINK GLASS TASSLE BAG CHARM ,0.4125,0.9894353721565345,C
90124A,259.01,15,PINK MURANO TWIST NECKLACE,0.1875,0.9894569909530542,C
23004,258.3,18,TRAVEL CARD WALLET PANTRY,0.225,0.9894785504879797,C
85147,257.40000000000003,5,JARDIN ETCHED GLASS CANDLEHLDR LONG,0.0625,0.9895000349025744,C
84520b,257.4,6,PACK 20 ENGLISH ROSE PAPER NAPKINS,0.075,0.9895215193171691,C
23130,257.3,6,MISTLETOE HEART WREATH GREEN,0.075,0.9895429953850604,C
90158,256.98,32,ST TROPEZ NECKLACE,0.4,0.9895644447435008,C
47503G,256.04,13,ASS FLORAL PRINT TAPE MEASURE,0.1625,0.9895858156429289,C
35096A,255.63,12,BLUE VICTORIAN FABRIC HEART BOX,0.15,0.9896071523208732,C
22861,255.62999999999997,12,EASTER TIN CHICKS IN GARDEN,0.15,0.9896284889988174,C
84876B,255.04,11,GREEN HEART COMPACT MIRROR,0.1375,0.9896497764312114,C
90148,254.73,13,LONG SILVER NECKLACE PASTEL FLOWER,0.1625,0.9896710379888249,C
85232b,254.47,14,SET/3 RUSSIAN DOLL STACKING TINS,0.175,0.9896922778450095,C
90129B,254.07000000000002,31,TURQUOISE GLASS TASSLE BAG CHARM ,0.3875,0.9897134843143804,C
84800S,253.88,15,SMALL WHITE/PINK ROSE ART FLOWER,0.1875,0.9897346749250149,C
23180,253.64000000000001,12,MUM'S KITCHEN CLOCK,0.15,0.9897558455035611,C
16052,252.76,26,TEATIME PUSH DOWN RUBBER,0.325,0.9897769426311173,C
35981C,252.72,20,WHITE SNOW SCANDINAVIAN STOCKING ,0.25,0.9897980364199921,C
84706A,252.23,4,ENGLISH ROSE TABLE CLOCK,0.05,0.9898190893100202,C
47504G,251.3,19,ENGLISH ROSE TAPE MEASURE,0.2375,0.9898400645757065,C
21950,250.78,8,SET OF 6 DOTS CHOPSTICKS,0.1,0.9898609964385349,C
23282,250.1,6,FOLDING BUTTERFLY MIRROR IVORY ,0.075,0.9898818715437802,C
72811,249.8,13,SMALL ZINC/GLASS CANDLEHOLDER,0.1625,0.9899027216089152,C
23210,249.72,3,WHITE ROCKING HORSE HAND PAINTED,0.0375,0.9899235649966875,C
46307,249.33,17,ROSES BLUE BASE CUSHION COVER ,0.2125,0.9899443758323164,C
90040B,249.19,29,MURANO STYLE GLASS BRACELET BLACK,0.3625,0.9899651749825606,C
90013C,248.48000000000002,31,GREEN VINTAGE EARRINGS ,0.3875,0.9899859148712106,C
84621,247.26,9,BLUE GINGHAM ROSE FLOOR CUSHION ,0.1125,0.9900065529300788,C
20838,246.98000000000002,11,FRENCH LATTICE CUSHION COVER ,0.1375,0.9900271676181774,C
23310,246.72,2,BUBBLEGUM RING ASSORTED,0.025,0.9900477606048472,C
90035A,246.7,12,"PEARL & SHELL 42""NECKL. GREEN",0.15,0.9900683519221762,C
22092,246.59,36,BLUE PAISLEY TISSUE BOX,0.45,0.9900889340581316,C
75178,246.42999999999998,16,ASSTD COL BUTTERFLY/CRYSTAL W/CHIME,0.2,0.9901095028393614,C
22032,245.95,36,BOTANICAL LILY GREETING CARD,0.45,0.9901300315564148,C
77081,245.81,17,FLOWER WINDMILL,0.2125,0.9901505485880835,C
84623,245.68,6,PINK GINGHAM ROSE FLOOR CUSHION,0.075,0.9901710547690378,C
84671B,245.35999999999999,4,CROCHET BEAR WITH BLUE STRIPES,0.05,0.990191534240541,C
90114,245.20999999999998,33,SUMMER DAISIES BAG CHARM,0.4125,0.9902120011919893,C
90201A,244.74,33,PURPLE ENAMEL FLOWER RING,0.4125,0.9902324289139314,C
90201D,244.63000000000002,31,GREEN ENAMEL FLOWER RING,0.3875,0.9902528474544998,C
21193,244.57,12,WHITE HONEYCOMB PAPER FAN ,0.15,0.9902732609870462,C
85094,244.02,27,CANDY SPOT EGG WARMER RABBIT,0.3375,0.9902936286127236,C
90032,243.71,17,IVORY SHELL HEART NECKLACE,0.2125,0.9903139703636206,C
21341,243.54000000000002,8,KASBAH LANTERN WITH GLASS ,0.1,0.9903342979251216,C
84457,243.03,27,SET/3 RABBITS FLOWER SKIPPPING ROPE,0.3375,0.9903545829184353,C
21015,242.64,24,DARK BIRD HOUSE TREE DECORATION,0.3,0.9903748353596057,C
90196A,242.25,7,PURPLE GEMSTONE NECKLACE 45CM,0.0875,0.9903950552486327,C
20821,241.87,20,GOLDIE LOOKING MIRROR,0.25,0.9904152434201867,C
90014C,241.48,14,SILVER/BLACK ORBIT NECKLACE,0.175,0.9904353990395974,C
22981,240.94,14,PANTRY APPLE CORER,0.175,0.9904555095868097,C
17012F,238.96999999999997,27,ORIGAMI SANDLEWOOD INCENSE/CAND SET,0.3375,0.9904754557039648,C
84926E,238.16,16,FLOWERS TILE COASTER,0.2,0.9904953342128221,C
21460,237.95,17,GREEN EASTER EGG HUNT START POST,0.2125,0.9905151951936021,C
84977,237.58,31,WIRE FLOWER T-LIGHT HOLDER,0.3875,0.9905350252915796,C
18096C,237.5,6,WHITE ROUND PORCELAIN TLIGHT HOLDER,0.075,0.9905548487121943,C
84882,237.05,25,GREEN WIRE STANDING CANDLE HOLDER,0.3125,0.9905746345726437,C
90160A,236.81,16,PURPLE BOUDICCA LARGE BRACELET,0.2,0.990594400401005,C
84870C,236.60999999999999,16,GREEN GEISHA GIRL ,0.2,0.9906141495359593,C
44217M,236.40000000000003,1,MULTICOLOUR FEATHERS CURTAIN,0.0125,0.9906338811428365,C
20891,236.32999999999998,3,LARGE GLASS ROSE SCENTED CANDLE ,0.0375,0.9906536069070212,C
21099,235.84000000000003,15,SET/6 STRAWBERRY PAPER CUPS,0.1875,0.9906732917723593,C
37483,235.44,5,ENGLISH ROSE MUG IN GIFT BOX,0.0625,0.9906929432508835,C
84576,235.07999999999998,15,BLUE CAT BISCUIT BARREL PINK HEART,0.1875,0.9907125646812757,C
84795b,234.57,9,SUNSET CHECK HAMMOCK,0.1125,0.9907321435434803,C
90129E,234.15,35,PURPLE GLASS TASSLE BAG CHARM,0.4375,0.9907516873495306,C
16212,233.71,24,FUNKY GIRLZ ASST MAGNETIC MEMO PAD,0.3,0.9907711944300859,C
16258A,232.19,34,SWIRLY CIRCULAR RUBBERS IN BAG,0.425,0.9907905746407492,C
85131C,232.06,34,BEADED CRYSTAL HEART BLUE ON STICK,0.425,0.9908099440006981,C
90096,231.45999999999998,28,NECKLACE+BRACELET SET BLUE BLOSSOM,0.35,0.9908292632804265,C
90201C,230.29000000000002,29,RED ENAMEL FLOWER RING,0.3625,0.9908484849037249,C
84192,229.85,20,ASSORTED COLOUR METAL CAT ,0.25,0.9908676698015282,C
82585,229.44,11,SWEET VALENCIA CANDLE+CUP,0.1375,0.9908868204778475,C
85089,229.04000000000002,13,CANDY SPOT BUNNY,0.1625,0.9909059377673531,C
82093,228.84,5,HEART SHAPE BUTTON FRAME ,0.0625,0.990925038363452,C
20889,228.29999999999998,8,JARDIN DE FEMME SCENTED CANDLE,0.1,0.9909440938873525,C
47471,228.13,30,RAINBOW PEGS PHOTO CLIP STRING,0.375,0.9909631352218571,C
90163A,227.98,17,PINK ROSEBUD & PEARL NECKLACE,0.2125,0.9909821640363067,C
90028,227.95000000000002,16,NEW BAROQUE LARGE NECKLACE BLK/WHIT,0.2,0.991001190346745,C
20663,227.57999999999998,24,QUEEN OF THE SKIES HOLIDAY PURSE ,0.3,0.9910201857743808,C
90098,227.32999999999998,19,NECKLACE+BRACELET PINK BUTTERFLY,0.2375,0.9910391603352581,C
47586A,227.07999999999998,19,PINK FAIRY CAKE CUSHION COVER,0.2375,0.9910581140293768,C
22039,227.0,18,BOTANICAL LILY GIFT WRAP,0.225,0.9910770610461328,C
90146,226.94,14,FINE SILVER NECKLACE W PASTEL FLOWE,0.175,0.9910960030548667,C
84966A,225.95,4,PINK KASHMIRI BOXED MIRROR,0.05,0.9911148624312367,C
21252,224.99,7,SET OF MEADOW  FLOWER STICKERS,0.0875,0.9911336416792541,C
20855,224.39999999999998,25,PINK PATCH PURSE BLUE HEART,0.3125,0.9911523716817212,C
79338,224.15,7,DARK PINK FLOCK GLASS CANDLEHOLDER,0.0875,0.9911710808174299,C
90122A,224.12,20,PINK CRYSTAL+GLASS BRACELET,0.25,0.9911897874491274,C
90036E,223.82,18,"FLOWER GLASS GARLD NECKL36""AMETHYST",0.225,0.9912084690407148,C
20795,222.88,15,LARGE BLUE PROVENCAL CERAMIC BALL,0.1875,0.9912270721732901,C
23003,222.42,16,TRAVEL CARD WALLET VINTAGE ROSE ,0.2,0.9912456369110295,C
90019A,221.6,27,SILVER M.O.P ORBIT BRACELET,0.3375,0.991264133205801,C
17011C,221.4,1,ORIGAMI LAVENDER INCENSE+FLOWER,0.0125,0.9912826128071657,C
79190D,221.17,53,RETRO PLASTIC DAISY TRAY,0.6625,0.9913010732111125,C
17013B,221.03,2,ORIGAMI JASMINE INCENSE IN TUBE,0.025,0.9913195219296744,C
72807b,220.94000000000003,9,SET/3 OCEAN SCENT CANDLE JEWEL BOX,0.1125,0.9913379631362034,C
71028B,220.88000000000002,5,SILVER BLUE EGG T-LIGHT HOLDER,0.0625,0.9913563993347103,C
16156L,220.5,19,"WRAP, CAROUSEL",0.2375,0.9913748038157442,C
85033G,218.75,5,SET/6 GOLD REINDEER T-LIGHT CANDLES,0.0625,0.9913930622294683,C
85032C,218.74,27,CURIOUS IMAGES GIFT WRAP SET,0.3375,0.991411319808522,C
90157,218.67000000000002,16,RIVIERA NECKLACE,0.2,0.9914295715448834,C
20758,218.67,36,ABSTRACT CIRCLES POCKET BOOK,0.45,0.9914478232812448,C
23035,217.15,1,DRAWER KNOB CERAMIC IVORY,0.0125,0.9914659481477143,C
82011A,216.58,24,"BATHROOM SCALES, TROPICAL BEACH",0.3,0.9914840254379742,C
90191,216.49,13,SILVER LARIAT 40CM,0.1625,0.9915020952162011,C
84807,215.93,7,RED POPPY ARTIFICIAL FLOWER,0.0875,0.9915201182528889,C
84805B,215.7,5,BLUE CLIMBING HYDRANGA ART FLOWER,0.0625,0.9915381220921587,C
84371,215.45,4,BIG PINK POODLE,0.05,0.99155610506467,C
21946,215.44,26,PARTY TIME DESIGN FLANNEL,0.325,0.991574087202511,C
79191B,214.79,30,RETRO PLASTIC POLKA TRAY,0.375,0.9915920150867797,C
90122C,214.5,19,TURQUOISE CRYSTAL+GLASS BRACELET,0.2375,0.9916099187656086,C
20913,214.22000000000003,5,SET/5 BLUE SPOTTY LID GLASS BOWLS,0.0625,0.9916277990736679,C
85179A,214.09,15,GREEN BITTY LIGHT CHAIN,0.1875,0.9916456685310129,C
22869,213.42,23,"NUMBER TILE COTTAGE GARDEN, 1",0.2875,0.9916634820654449,C
16218,213.06,28,CARTOON  PENCIL SHARPENERS,0.35,0.9916812655517445,C
20869,212.98,22,GOLD FABRIC MIRROR,0.275,0.9916990423606815,C
90186A,212.60000000000002,18,AMETHYST HOOP EARRING FLORAL LEAF,0.225,0.9917167874521455,C
47574B,212.5,20,ENGLISH ROSE SCENTED HANGING HEART,0.25,0.9917345241969061,C
35817P,212.14,9,"ACRYLIC JEWEL SNOWFLAKE,PINK",0.1125,0.9917522308935344,C
16256B,211.36,19,FLOWER PENCIL/RUBBER+5 MINI PENCILS,0.2375,0.991769872485876,C
46000U,211.25,26,POLYESTER FILLER PAD 30CMx30CM,0.325,0.9917875048968438,C
21412,211.0,18,VINTAGE GOLD TINSEL REEL,0.225,0.9918051164410531,C
72750D,210.89999999999998,7,F.FAIRY S/3 CANDLE/GLASS,0.0875,0.9918227196385591,C
84870B,210.19,19,BLUE GEISHA GIRL ,0.2375,0.9918402635744706,C
90000D,209.69,22,COPPER/OLIVE GREEN FLOWER NECKLACE,0.275,0.9918577657768651,C
37467,209.25,31,PIG MUG IN TWO COLOUR DESIGNS,0.3875,0.9918752312537646,C
35597B,209.1,5,BLACKCHRISTMAS TREE 30CM,0.0625,0.991892684210609,C
84247N,208.98000000000002,27,PACK/12 BLUE FOLKART CARDS,0.3375,0.9919101271514094,C
90005A,208.97,33,JADE GREEN ENAMEL HAIR COMB,0.4125,0.9919275692575393,C
85168A,208.95,12,WHITE BAROQUE CARRIAGE CLOCK,0.15,0.9919450096943285,C
84625B,208.7,8,BLCK NEW BAROQUE CANDLESTICK CANDLE,0.1,0.9919624292643592,C
90036F,208.31,13,"FLOWER GLASS GARLD NECKL36""TURQUOIS",0.1625,0.9919798162822466,C
90081A,208.15,17,LILY BROOCH AMETHYST COLOUR,0.2125,0.9919971899454086,C
85033S,208.0,10,SET/6 SILVER REINDEER T-LIGHTS,0.125,0.9920145510885154,C
90018A,207.87,26,SILVER M.O.P ORBIT DROP EARRINGS,0.325,0.9920319013809077,C
17012D,206.95999999999998,27,ORIGAMI ROSE INCENSE/CANDLE SET ,0.3375,0.9920491757182991,C
37508,206.54999999999998,26,NEW ENGLAND CERAMIC CAKE SERVER,0.325,0.9920664158342064,C
44234,206.17,30,ASSORTED CIRCULAR MOBILE,0.375,0.9920836242326406,C
90081C,205.69,22,LILY BROOCH OLIVE COLOUR,0.275,0.9921007925668985,C
72225D,205.54,8,VANILLA SCENT CAKE CANDLE ,0.1,0.9921179483811012,C
62086A,204.75,18,PINK RETRO BIG FLOWER BAG,0.225,0.992135038256347,C
84660c,204.62,18,PINK STITCHED WALL CLOCK,0.225,0.9921521172808782,C
90185C,204.25,18,BLACK DIAMANTE EXPANDABLE RING,0.225,0.9921691654226069,C
90122B,204.18,19,JADE CRYSTAL+GLASS BRACELET,0.2375,0.9921862077216431,C
20890,202.62,4,SMALL GLASS ROSE SCENTED CANDLE,0.05,0.9922031198121061,C
23212,202.22,3,HEART WREATH DECORATION WITH BELL,0.0375,0.9922199985157555,C
72781,202.20000000000002,10,BLACK SILOUETTE CANDLE PLATE ,0.125,0.992236875550064,C
90211B,202.12,17,JET BLACK LAS VEGAS NECKLACE 45CM,0.2125,0.9922537459070099,C
47593A,201.67,43,CAROUSEL DESIGN BABY BIB,0.5375,0.9922705787037904,C
79190A,201.62,53,RETRO PLASTIC 70'S TRAY,0.6625,0.9922874073272191,C
21092,201.1,13,SET/6 STRAWBERRY PAPER PLATES,0.1625,0.9923041925477901,C
20818,201.0,18,GOLD TEDDY BEAR,0.225,0.9923209694216578,C
90073,201.0,21,VINTAGE ENAMEL & CRYSTAL EARRINGS,0.2625,0.9923377462955254,C
35833G,200.53,14,4 GOLD FLOCK CHRISTMAS BALLS,0.175,0.9923544839398869,C
47591A,200.23999999999998,32,CAROUSEL DES CHILD'S APRON,0.4,0.9923711973788086,C
90185B,199.83,17,AMETHYST DIAMANTE EXPANDABLE RING,0.2125,0.9923878765962463,C
21095,199.76999999999998,28,SET/6 POSIES PAPER PLATES,0.35,0.9924045508056619,C
20736,199.5,7,PINK MINI TAPE MEASURE ,0.0875,0.9924212024789782,C
90036C,199.23000000000002,9,"FLOWER GLASS GARLAND NECKL.36""BLUE",0.1125,0.9924378316161955,C
23048,199.18,7,SET OF 10 LANTERNS FAIRY LIGHT STAR,0.0875,0.9924544565800609,C
84797b,198.84,5,BLUE SAVANNAH PICNIC HAMPER FOR 4,0.0625,0.9924710531651347,C
47504E,198.81,26,ENGLISH ROSE SCISSORS,0.325,0.9924876472461975,C
21722,198.76,35,SWEET PUDDING STICKER SHEET,0.4375,0.9925042371539087,C
82011B,198.70000000000002,26,BATHROOM SCALES RUBBER DUCKS,0.325,0.9925208220535976,C
79328,197.79000000000002,10,BLUE FLOCK GLASS CANDLEHOLDER,0.125,0.9925373309982856,C
72799D,197.46,12,BLUE PILLAR CANDLE SILVER FLOCK,0.15,0.9925538123988523,C
23263,196.25,3,SET OF 3 WOODEN HEART DECORATIONS,0.0375,0.9925701928043076,C
21402,196.14,47,RED  EGG  SPOON,0.5875,0.9925865640283893,C
90129C,194.02,25,GREEN GLASS TASSLE BAG CHARM,0.3125,0.9926027583023583,C
21306,194.02,24,SET/4 DAISY MIRROR MAGNETS,0.3,0.9926189525763275,C
72801d,193.48,28,S/4 SKY BLUE DINNER CANDLES,0.35,0.9926351017780982,C
23136,193.3,7,IVORY WIRE SWEETHEART LETTER TRAY,0.0875,0.9926512359558028,C
72051S,192.54999999999998,38,BAG OF SILVER STONES,0.475,0.9926673075332318,C
90197B,192.5,23,BLACK GLASS BRACELET W HEART CHARMS,0.2875,0.992683374937309,C
47481,192.26,23,50CM METAL STRING WITH  7 CLIPS,0.2875,0.992699422309298,C
20847,191.77,15,ZINC HEART LATTICE CHARGER LARGE,0.1875,0.9927154287824402,C
90036A,191.62,13,FLOWER GARLAND NECKLACE RED,0.1625,0.9927314227355273,C
84993B,191.58,41,75 BLACK PETIT FOUR CASES,0.5125,0.9927474133499331,C
90178B,191.40999999999997,11,PURPLE CHUNKY GLASS+BEAD NECKLACE,0.1375,0.992763389774943,C
84725,190.99999999999997,15,FREESTYLE CANVAS ART PICTURE,0.1875,0.992779331978469,C
47570b,190.63,8,TEA TIME TABLE CLOTH,0.1,0.9927952432991924,C
90123A,190.4,13,PINK HEART OF GLASS BRACELET,0.1625,0.9928111354224979,C
35991,190.05,21,SET/6 BLACK SNOWFLAKE T-LIGHTS ,0.2625,0.9928269983323414,C
72801F,190.0,5,S/4 FESTIVE RED DINNER CANDLES,0.0625,0.9928428570688332,C
84711B,189.86,16,PINK OVAL SHAPE TRINKET BOX,0.2,0.9928587041199403,C
35824B,189.56,5,"HANGING FLOWERS+MIRROR,BLUE",0.0625,0.9928745261309371,C
20826,188.96,10,SILVER APERITIF GLASS,0.125,0.9928902980617134,C
51012C,188.75,7,"FEATHER DUSTER, COAL BLACK",0.0875,0.9929060524644124,C
21032,188.65,23,SPACE CADET WHITE,0.2875,0.9929217985204082,C
90210B,188.45000000000002,16,CLEAR ACRYLIC FACETED BANGLE,0.2,0.9929375278829969,C
37492A,188.17,3,YELLOW RED FLOWER PIGGY BANK,0.0375,0.9929532338748163,C
21102,187.92999999999998,9,"CANDLE IN JAR COLLAGE , VANILLA",0.1125,0.9929689198345473,C
21144,187.62,20,PINK POODLE HANGING DECORATION ,0.25,0.9929845799194976,C
84797a,187.57999999999998,7,PINK HAWAIIAN PICNIC HAMPER FOR 4,0.0875,0.9930002366657668,C
23055,187.5,6,IVORY CHANDELIER T-LIGHT HOLDER,0.075,0.9930158867346731,C
22870,187.38,16,"NUMBER TILE COTTAGE GARDEN, 2",0.2,0.9930315267875355,C
21367,187.26999999999998,21,MIRRORED WALL ART GENTS,0.2625,0.993047157659024,C
22882,187.01999999999998,22,NUMBER TILE VINTAGE FONT 3,0.275,0.9930627676637539,C
84922,186.97,11,PINK BUTTERFLY WASHBAG,0.1375,0.9930783734951323,C
90016B,186.62,16,GOLD/M.O.P PENDANT ORBIT NECKLACE,0.2,0.9930939501130485,C
16258B,186.6,3,DAISY ERASERS IN BAG,0.0375,0.9931095250616241,C
90056,186.53,11,CHUNKY CRACKED GLAZE NECKLACE IVORY,0.1375,0.9931250941675073,C
23322,185.78000000000003,2,LARGE WHITE HEART OF WICKER,0.025,0.9931406006731148,C
84030c,185.76,3,KNITTED RAINBOW HOT WATER BOTTLE,0.0375,0.9931561055093817,C
85114a,185.64000000000001,14,BLACK ENCHANTED FOREST PLACEMAT,0.175,0.9931716003296046,C
85128,185.52,3,PLANTPOT SINGLE HOOK PISTACHIO,0.0375,0.9931870851337833,C
17038,185.44,30,PORCELAIN BUDAH INCENSE HOLDER,0.375,0.9932025632605992,C
35838A,185.25,7,S/6 MULTICOLOUR ORNAMENETAL CANDLE,0.0875,0.9932180255286788,C
35638B,184.95999999999998,6,PINK/BLUE STRING CURTAIN ,0.075,0.9932334635913184,C
72812,184.79000000000002,20,LARGE ZINC/GLASS CANDLEHOLDER,0.25,0.9932488874645621,C
37506,184.45000000000002,22,NEW ENGLAND MILK JUG W GIFT BOX,0.275,0.9932642829590143,C
84597B,184.37,19,RETRO BROWN BALL ASHTRAY ,0.2375,0.9932796717761035,C
84029D,183.98000000000002,7,LEOPARD PRINT HOT WATER BOTTLE,0.0875,0.9932950280410497,C
84661A,183.92,22,WHITE SQUARE TABLE CLOCK,0.275,0.9933103792979738,C
47503H,183.14,24,ASS FLORAL PRINT SPIRIT LEVEL ,0.3,0.9933256654506113,C
22878,182.0,18,"NUMBER TILE COTTAGE GARDEN, No",0.225,0.9933408564508297,C
90040A,181.72,23,MURANO STYLE GLASS BRACELET RED,0.2875,0.9933560240802787,C
84508C,180.75,28,BLUE CIRCLES DESIGN TEDDY,0.35,0.9933711107467044,C
23244,180.6,2,ROUND STORAGE TIN VINTAGE LEAF,0.025,0.993386184893075,C
84798B,180.3,7,PURPLE FOXGLOVE ARTIIFCIAL FLOWER,0.0875,0.9934012339993354,C
21085,179.96,19,SET/6 WOODLAND PAPER CUPS,0.2375,0.9934162547268043,C
47347B,179.88,8,BLUE FLOWER T-LIGHT HOLDER,0.1,0.9934312687769103,C
84962,179.85000000000002,2,SET/3 COLOUR PAINTED KASHMIRI STOOL,0.025,0.9934462803230053,C
21030,179.77,20,SPACE CADET RED,0.25,0.9934612851917375,C
21310,179.7,4,CAPIZ CHANDELIER,0.05,0.9934762842177773,C
23178,179.19,12,JAM CLOCK MAGNET,0.15,0.9934912406756298,C
23321,178.82999999999998,2,SMALL WHITE HEART OF WICKER,0.025,0.9935061670853499,C
23041,178.44,6,PAPER LANTERN 9 POINT SNOW STAR,0.075,0.9935210609429267,C
84313A,178.42,16,PINK TV TRAY TABLE ,0.2,0.9935359531311628,C
90030B,178.38,18,RED KUKUI COCONUT SEED NECKLACE,0.225,0.9935508419807176,C
90199B,178.28,17,5 STRAND GLASS NECKLACE AMETHYST,0.2125,0.9935657224835689,C
84806A,178.07,12,PINK CANDYSTUFT ARTIFICIAL FLOWER,0.15,0.9935805854583432,C
90019C,178.05,22,SILVER BLACK ORBIT BRACELET,0.275,0.9935954467637766,C
17014D,177.96,6,ORIGAMI ROSE INCENSE CONES,0.075,0.9936103005571773,C
22884,177.35,22,NUMBER TILE VINTAGE FONT 5,0.275,0.9936251034356868,C
21223,176.19,14,SET/4 BADGES WOODLAND ANIMAL,0.175,0.9936398094924367,C
84924D,175.86,12,LA PALMIERA METAL SIGN CALENDAR,0.15,0.9936544880050653,C
79051A,175.14,20,SMOKEY GREY COLOUR D.O.F. GLASS,0.25,0.9936691064214294,C
20653,175.1,35,CHERRY BLOSSOM LUGGAGE TAG,0.4375,0.9936837214991121,C
35809B,175.04,21,ENAMEL BLUE RIM TEA CONTAINER,0.2625,0.9936983315687726,C
21018,175.01999999999998,17,BIRD BOX CHRISTMAS TREE DECORATION,0.2125,0.9937129399690926,C
84967A,174.9,3,PINK KASHMIRI OCCASIONAL TABLE,0.0375,0.9937275383533685,C
84461,174.73999999999998,16,12 PINK HEN+CHICKS IN BASKET,0.2,0.9937421233829189,C
90185A,174.08,18,AMBER DIAMANTE EXPANDABLE RING,0.225,0.9937566533242267,C
20814,173.89000000000001,5,SILVER FINCH DECORATION,0.0625,0.9937711674067982,C
84510a,173.45,31,SET OF 4 ENGLISH ROSE COASTERS,0.3875,0.9937856447638744,C
84255B,173.36,8,ORANGE COCKTAIL GLASS LAMP,0.1,0.9938001146089176,C
48103,173.25,8,DOOR MAT KISS MY.......,0.1,0.9938145752725871,C
35912B,172.94,20,WHITE/PINK CHICK DECORATION,0.25,0.993829010061476,C
35911B,172.16,13,PINK/FLOWER RABBIT EGG WARMER ,0.1625,0.9938433797460782,C
23026,171.84,1,DRAWER KNOB VINTAGE GLASS STAR,0.0125,0.9938577227212295,C
23022,171.84,1,SMALL BONNE JAM JAR  T-LIGHT HOLDER,0.0125,0.9938720656963809,C
17014A,171.81,13,ORIGAMI VANILLA INCENSE CONES,0.1625,0.9938864061675212,C
90094,169.76999999999998,16,NECKLACE+BRACELET SET FRUIT SALAD ,0.2,0.9939005763659117,C
82587,169.28,18,TEXRIO TOMATOES CANDLE+CUP,0.225,0.9939147056654555,C
84926D,169.15,16,LA PALMIERA TILE COASTER,0.2,0.993928824114285,C
90159,168.72,16,COTE D'AZURE NECKLACE,0.2,0.9939429066722897,C
84893,168.5,8,ANT WHITE IRON BASKET,0.1,0.9939569708675469,C
85205A,168.29999999999998,8,IVORY FELT EASTER RABBIT GARLAND,0.1,0.9939710183693974,C
17084P,167.74,31,DRAGONS BLOOD INCENSE,0.3875,0.9939850191297086,C
90181B,167.2,14,AMETHYST GLASS/SHELL/PEARL NECKLACE,0.175,0.9939989748178213,C
37413,166.71,15,ICON MUG REVOLUTIONARY,0.1875,0.9940128896070874,C
85039a,166.6,21,SET/4 RED MINI ROSE CANDLE IN BOWL,0.2625,0.9940267952149797,C
16201A,166.57,6,PASTEL PINK PHOTO ALBUM,0.075,0.994040698318861,C
48179,166.48,2,DOOR MAT SWEET HOME,0.025,0.9940545939107092,C
84464,166.35,5,S/60 PINK FLUFFY CHICKS IN BOX,0.0625,0.9940684786518429,C
23070,165.99,5,EDWARDIAN HEART PHOTO FRAME,0.0625,0.9940823333448443,C
90196B,165.75,9,BLACK GEMSTONE NECKLACE 45CM,0.1125,0.9940961680057576,C
90210D,165.68,10,PURPLE ACRYLIC FACETED BANGLE,0.125,0.9941099968239784,C
90125D,164.81,20,PURPLE BERTIE GLASS BEAD BAG CHARM,0.25,0.9941237530258795,C
21370,164.01,13,MIRRORED WALL ART FOXY,0.1625,0.9941374424541534,C
84803A,163.93,13,PINK ALLIUM  ARTIFICIAL FLOWER,0.1625,0.9941511252050643,C
21372,163.4,14,MIRRORED WALL ART TABLE LAMP,0.175,0.9941647637184473,C
84706C,161.85,3,PINK FLOCK TABLE CLOCK ,0.0375,0.9941782728579273,C
10123C,161.74,33,HEARTS WRAPPING TAPE ,0.4125,0.9941917728160335,C
90151,161.67000000000002,8,SILVER/NATURAL SHELL NECKLACE,0.1,0.9942052669314474,C
90029,161.5,8,NEW BAROQUE SMALL NECKLACE BLACK,0.1,0.9942187468574654,C
20957,161.41,12,PORCELAIN HANGING BELL SMALL,0.15,0.9942322192714503,C
21461,161.29,14,BLUE EASTER EGG HUNT START POST,0.175,0.9942456816693911,C
37485,161.19,6,ENGLISH ROSE TEA SET IN GIFT BOX,0.075,0.9942591357206285,C
20672,160.72,10,PINK TEATIME PRINT BOWL,0.125,0.99427255054236,C
35818P,160.39,10,"ACRYLIC JEWEL ICICLE, PINK",0.125,0.9942859378199701,C
84599,160.15,4,CANDY STRIPE ROSE FLOOR CUSHION,0.05,0.994299305065492,C
22954,159.82,21,HEN PARTY CORDON BARRIER TAPE,0.2625,0.9943126447668926,C
84564,159.58,7,6 SEGMENT COLOURED SNACK BOWL ,0.0875,0.9943259644362051,C
90013D,158.96,14,PURPLE VINTAGE EARRINGS,0.175,0.9943392323559564,C
22864,158.76,2,MUG AND COASTER SET RED CIRCLES,0.025,0.9943524835823008,C
20836,158.70000000000002,9,FRENCH PAISLEY CUSHION COVER,0.1125,0.9943657298006231,C
90155,158.68,12,RESIN NECKLACE W PASTEL BEADS,0.15,0.9943789743496048,C
90144,158.34,21,SILVER DROP EARRINGS WITH FLOWER,0.2625,0.9943921905197948,C
16202A,158.32,14,PASTEL PINK PHOTO ALBUM ,0.175,0.9944054050206442,C
47343A,158.25,15,FUSCHIA FLOWER PURSE WITH BEADS,0.1875,0.9944186136788011,C
90042A,158.24,20,FRESHWATER PEARL BRACELET GOLD,0.25,0.9944318215022878,C
23137,158.16,4,ZINC WIRE SWEETHEART LETTER TRAY,0.05,0.9944450226484117,C
82607C,158.04,11,GLASS BONBON JAR. SUPERFINES,0.1375,0.9944582137784915,C
48175,158.04,1,DOOR MAT CAMOUFLAGE,0.0125,0.9944714049085712,C
84231,157.76000000000002,22,EASTER BUNNY WITH BASKET ON BACK,0.275,0.9944845726678815,C
90210A,157.29,12,GREY ACRYLIC FACETED BANGLE,0.15,0.9944977011976855,C
84899F,156.89,27,YELLOW PURPLE DAISY FELT PURSE KIT,0.3375,0.9945107963406761,C
17178,156.65,16,FLAT PALM T-LIGHT HOLDER,0.2,0.9945238714515785,C
20940,156.27,1,SET/6 GARDEN GNOME T-LIGHT CANDLES,0.0125,0.9945369148450077,C
37491C,155.97,6,GREEN/BLUE CERAMIC CANDLE HOLDER,0.075,0.9945499331983269,C
85132a,155.89,6,CHARLIE + LOLA BISCUITS TINS,0.075,0.9945629448742833,C
84914A,155.7,5,PINK ROSE PICNIC RUG,0.0625,0.9945759406915031,C
84877A,155.66,15,PINK ROUND COMPACT MIRROR,0.1875,0.9945889331700416,C
84452,155.56,21,METAL RABBIT LADDER EASTER ,0.2625,0.9946019173018766,C
22872,155.41,18,"NUMBER TILE COTTAGE GARDEN, 4",0.225,0.9946148889136567,C
85032B,155.38000000000002,20,BLOSSOM IMAGES GIFT WRAP SET,0.25,0.9946278580214256,C
90214A,155.2,40,"LETTER ""A"" BLING KEY RING",0.5,0.9946408121051283,C
90065B,154.87,10,BLACK VINT ART DEC CRYSTAL BRACELET,0.125,0.9946537386447097,C
90123D,154.68,11,WHITE HEART OF GLASS BRACELET,0.1375,0.9946666493255547,C
22330,154.4,7,72 ROUND PINK DOILIES,0.0875,0.9946795366356302,C
22883,154.05,15,NUMBER TILE VINTAGE FONT 4,0.1875,0.9946923947322438,C
82553,153.92999999999998,8,POP'S GREASY SPOON METAL SIGN,0.1,0.9947052428128131,C
85185C,153.4,17,COW  SOCK PUPPET,0.2125,0.9947180466558544,C
23046,152.95000000000002,5,PAPER LANTERN 9 POINT DELUXE STAR,0.0625,0.9947308129387302,C
84805A,152.85,4,CREAM CLIMBING HYDRANGA ART FLOWER,0.05,0.9947435708749027,C
90016A,152.79,13,SILVER/M.O.P PENDANT ORBIT NECKLACE,0.1625,0.994756323803053,C
20759,152.57999999999998,29,CHRYSANTHEMUM POCKET BOOK ,0.3625,0.9947690592031263,C
90000B,152.51,17,MIDNIGHT BLUE COPPER FLOWER NECKLAC,0.2125,0.9947817887605072,C
21401,152.21,40,BLUE PUDDING SPOON,0.5,0.9947944932777778,C
23149,151.89000000000001,5,ANTIQUE IVORY WIRE BOWL SMALL,0.0625,0.9948071710855976,C
23188,151.78999999999996,1,VINTAGE  2 METER FOLDING RULER,0.0125,0.9948198405467138,C
90065A,151.6,8,WHITE VINTAGE CRYSTAL BRACELET,0.1,0.9948324941490935,C
90133,151.38,16,TEAL/FUSCHIA COL BEAD NECKLACE,0.2,0.9948451293887258,C
84968a,151.35,3,S/16 VINTAGE ROSE CUTLERY,0.0375,0.9948577621243471,C
84744,151.28,18,S/6 SEW ON CROCHET FLOWERS,0.225,0.9948703890172758,C
84690,151.05,10,S/2 BEACH HUT STOOLS,0.125,0.9948829967127868,C
17011A,150.46,10,ORIGAMI VANILLA INCENSE+FLOWER ,0.125,0.9948955551627477,C
35980C,150.3,18,REDWHITE STRIPE SCANDINAVIAN HEART ,0.225,0.9949081002579832,C
90042C,150.20999999999998,19,FRESHWATER PEARL BRACELET IVORY,0.2375,0.9949206378411855,C
23104,150.0,6,IVORY PANTRY HANGING LAMP ,0.075,0.9949331578963106,C
23040,149.5,5,PAPER LANTERN 9 POINT SNOW STAR ,0.0625,0.9949456362179186,C
79192A,148.89,24,RETRO PLASTIC 70'S TRAY,0.3,0.9949580636246358,C
79403,148.82999999999998,21,FROSTED WHITE BASE ,0.2625,0.9949704860233309,C
84709A,148.75,12,SILVER OVAL JEWELLED MIRROR,0.15,0.9949829017446634,C
20991,148.61,8,JAZZ HEARTS MAGNETIC MEMO PAD,0.1,0.9949953057806109,C
21196,148.48999999999998,14,ROUND WHITE CONFETTI IN TUBE,0.175,0.9950076998005144,C
37379A,147.94,11,PINK CHERRY BLOSSOM CUP & SAUCER,0.1375,0.9950200479135491,C
84720,147.05,2,DOT MATRIX CANVAS ART PICTURE,0.025,0.9950323217409235,C
72351a,146.87,21,SET/6 TURQUOISE BUTTERFLY T-LIGHTS,0.2625,0.9950445805442316,C
84924F,146.65,5,PSYCHEDELIC METAL SIGN CALENDAR,0.0625,0.9950568209847923,C
72140E,146.51999999999998,22,BEST DAD CANDLE LETTERS,0.275,0.9950690505746385,C
23086,146.25,4,ZINC  STAR T-LIGHT HOLDER ,0.05,0.9950812576283854,C
90002A,146.25,11,FLOWER BURST SILVER RING OPAL,0.1375,0.9950934646821323,C
22885,146.1,15,NUMBER TILE VINTAGE FONT 6 ,0.1875,0.9951056592158242,C
84531A,145.95999999999998,21,PINK KNITTED EGG COSY,0.2625,0.9951178420641313,C
22871,145.66,17,"NUMBER TILE COTTAGE GARDEN, 3 ",0.2125,0.9951299998723282,C
23060,145.54,7,HEART BEADED TRELLIS DECORATION,0.0875,0.9951421476644808,C
90214S,145.45,36,"LETTER ""S"" BLING KEY RING",0.45,0.9951542879446004,C
85024C,145.2,26,PINK SMALL JEWELLED PHOTOFRAME,0.325,0.9951664073579614,C
35920,144.84,15,FOUR RABBIT EASTER DECORATIONS,0.1875,0.9951784967231901,C
90164A,144.82999999999998,13,PINK ROSEBUD PEARL BRACELET,0.1625,0.9951905852537487,C
79161A,144.55,12,ST GEORGE SET OF 10 PARTY LIGHTS,0.15,0.9952026504135376,C
84926F,144.18,16,PSYCHEDELIC TILE COASTER,0.2,0.9952146846905239,C
90048,144.04,6,GREEN WITH METAL BAG CHARM,0.075,0.9952267072821253,C
20952,144.0,15,PORCELAIN CHERUB BELL SMALL,0.1875,0.9952387265350453,C
84927E,143.5,20,FLOWERS TILE HOOK,0.25,0.9952507040544484,C
22880,142.82,13,"NUMBER TILE VINTAGE FONT, 1",0.1625,0.9952626248162681,C
90209A,142.8,4,PURPLE ENAMEL+GLASS HAIR COMB,0.05,0.9952745439087473,C
90123B,142.79000000000002,10,TURQUOISE HEART OF GLASS BRACELET,0.125,0.995286462166556,C
84927A,142.11,22,WAKE UP COCKEREL TILE HOOK,0.275,0.9952983236667814,C
23101,141.78,5,SILVER STARS TABLE DECORATION,0.0625,0.9953101576228857,C
84927D,141.55,14,LA PALMIERA TILE HOOK,0.175,0.995321972381572,C
35818B,140.91,6,"ACRYLIC JEWEL ICICLE, BLUE",0.075,0.9953337337213566,C
21268,140.7,22,VINTAGE BLUE TINSEL REEL,0.275,0.9953454775330639,C
90124C,140.57999999999998,11,GREEN MURANO TWIST NECKLACE,0.1375,0.9953572113287271,C
84926A,140.0,19,WAKE UP COCKEREL TILE COASTER,0.2375,0.9953688967135106,C
78026,139.95,2,SEAGRASS S/3 SQU LAUNDRY BOX,0.025,0.9953805779249423,C
21091,139.94,9,SET/6 WOODLAND PAPER PLATES,0.1125,0.9953922583017035,C
23042,139.64000000000001,5,PAPER LANTERN 7 POINT SNOW STAR,0.0625,0.9954039136383548,C
90180B,139.54999999999998,10,PURPLE AMETHYST NECKLACE W TASSEL,0.125,0.9954155614629728,C
35793,139.49,3,S/3 PUPPIES CHRISTMAS DECORATIONS,0.0375,0.9954272042795689,C
20756,139.35999999999999,22,GREEN FERN POCKET BOOK,0.275,0.9954388362454504,C
20987,139.35,3,GEISHA GIRL CHOPSTICKS SET/5,0.0375,0.9954504673766615,C
16202E,139.32999999999998,10,BLACK PHOTO ALBUM ,0.125,0.9954620968385322,C
17090A,138.3,21,LAVENDER INCENSE 40 CONES IN TIN,0.2625,0.9954736403293576,C
20688,137.95,4,BEAUTY SPEED EXPRESSO CUPS,0.05,0.9954851546067208,C
84527,137.64,15,FLAMES SUNGLASSES PINK LENSES,0.1875,0.9954966430093037,C
21420,137.4,17,OYSTER TRINKET BOX,0.2125,0.9955081113797983,C
23072,137.38,5,MARIE ANTOINETTE TRINKET BOX SILVER,0.0625,0.9955195780809523,C
16202C,136.99,7,BEIGE PHOTO ALBUM,0.0875,0.9955310122299629,C
84926C,136.96,13,FAIRY CAKES TILE COASTER,0.1625,0.9955424438749625,C
90123C,136.95000000000002,10,GREEN HEART OF GLASS BRACELET,0.125,0.9955538746852917,C
35824P,136.44,3,"HANGING FLOWERS+MIRROR,PINK",0.0375,0.9955652629274334,C
21368,136.13,19,MIRRORED WALL ART LADIES,0.2375,0.9955766252947947,C
90024B,136.1,13,NEW BAROQUE B'FLY NECKLACE RED,0.1625,0.9955879851581448,C
90212B,136.08,20,JET BLACK LAS VEGAS BRACELET ROUND,0.25,0.9955993433521544,C
90016C,135.75,10,SILVER/BLACK PENDANT ORBIT NECKLACE,0.125,0.9956106740020426,C
77079,135.68,11,DOLPHIN WINDMILL,0.1375,0.9956219988092384,C
21373,135.19,10,MIRRORED WALL ART SNOWFLAKES,0.125,0.9956332827175874,C
90036B,135.15,8,"FLOWER GLASS GARLAND NECKL.36""GREEN",0.1,0.9956445632872551,C
90086,135.04,22,CRYSTAL FROG PHONE CHARM,0.275,0.9956558346755491,C
84706B,135.03,5,FAIRY CAKES TABLE CLOCK,0.0625,0.9956671052291726,C
23444,135.0,4,Next Day Carriage,0.05,0.9956783732787852,C
84796a,134.8,9,PINK HAWAIIAN PICNIC HAMPER FOR 2,0.1125,0.995689624634991,C
82001s,134.76,7,VINYL RECORD FRAME SILVER,0.0875,0.9957008726525154,C
90090,134.22,12,PINK CRYSTAL HEART PHONE CHARM,0.15,0.9957120755978414,C
35610B,134.07,10,BLACK CHRISTMAS FLOCK DROPLET ,0.125,0.9957232660231122,C
84555A,133.85000000000002,10,YELLOW VW BEETLE CERAMIC MONEY BOX,0.125,0.9957344380856354,C
84985B,133.78,10,SET OF 72 BLACK PAPER DOILIES ,0.125,0.9957456043054663,C
22875,133.65,14,"NUMBER TILE COTTAGE GARDEN, 7",0.175,0.9957567596745829,C
22881,133.47,15,"NUMBER TILE VINTAGE FONT, 2",0.1875,0.9957679000196332,C
90199A,133.41,11,5 STRAND GLASS NECKLACE BLACK,0.1375,0.9957790353566615,C
22876,133.2,13,"NUMBER TILE COTTAGE GARDEN, 8",0.1625,0.9957901531656125,C
90214K,132.88,40,"LETTER ""K"" BLING KEY RING",0.5,0.9958012442651127,C
46137D,132.75,4,GREEN CHENILLE SHAGGY RUG,0.05,0.9958123245138985,C
84549,132.32999999999998,13,CROCHET WHITE RABBIT KEYRING ,0.1625,0.9958233697065298,C
16219,131.96,32,HOUSE SHAPE PENCIL SHARPENER,0.4,0.9958343840163586,C
22877,131.81,13,"NUMBER TILE COTTAGE GARDEN, 9",0.1625,0.9958453858061322,C
84629,131.7,5,WHITE 3 FRAME BIRDS AND TREE ,0.0625,0.995856378414532,C
90210C,131.32,7,RED   ACRYLIC FACETED BANGLE,0.0875,0.9958673393054589,C
17011D,131.20000000000002,2,ORIGAMI ROSE INCENSE+FLOWER,0.025,0.9958782901803416,C
85112,130.99,5,S/3 TEAR DROP CUT GLASS DECORATION,0.0625,0.9958892235271473,C
72740A,130.89,3,LARGE STRAWBERRY CHOCOLATE CANDLE,0.0375,0.9959001485272494,C
90170,130.82,29,DAISY HAIR BAND,0.3625,0.9959110676846592,C
90129D,130.16000000000003,20,AMBER GLASS TASSLE BAG CHARM,0.25,0.9959219317538265,C
90116,130.01999999999998,27,FRUIT SALAD BAG CHARM,0.3375,0.9959327841376089,C
84219,130.01,9,BOX/12 MOTHER & CHICK IN BASKET/BOW,0.1125,0.995943635686721,C
20899,129.8,10,VINTAGE NOTEBOOK RED ROSE,0.125,0.9959544697077559,C
23281,129.64,6,FOLDING BUTTERFLY MIRROR RED  ,0.075,0.9959652903740654,C
84886,129.35,6,BLUE METAL WALL SHELF,0.075,0.995976086834935,C
21031,129.29,25,SPACE CADET BLACK,0.3125,0.9959868782877823,C
85160a,129.04,3,WHITE BIRD GARDEN DESIGN MUG,0.0375,0.9959976488738712,C
90214J,128.94,35,"LETTER ""J"" BLING KEY RING",0.4375,0.9960084111132568,C
90003D,128.91,13,CRYSTAL PAIR HEART HAIR SLIDES,0.1625,0.9960191708486312,C
23028,128.7,1,DRAWER KNOB CRACKLE GLAZE BLUE,0.0125,0.9960299130559286,C
22874,128.52,11,"NUMBER TILE COTTAGE GARDEN, 6",0.1375,0.9960406402391597,C
23275,128.43,3,SET OF 3 HANGING OWLS OLLIE BEAK,0.0375,0.9960513599103578,C
20693,127.89,8,FLORAL DINOSAUR GREEN,0.1,0.9960620345093575,C
84925E,127.49999999999999,2,FLOWERS WALL THERMOMETER,0.025,0.9960726765562138,C
90000A,127.30000000000001,14,RASPBERRY ANT COPPER FLOWER NECKLAC,0.175,0.9960833019096634,C
90024E,127.3,9,NEW BAROQUE B'FLY NECKLACE MONTANA,0.1125,0.996093927263113,C
90186B,127.27000000000001,17,CRYSTAL HOOP EARRING FLORAL LEAF,0.2125,0.9961045501125514,C
84723,127.2,8,CHERRY BLOSSOM CANVAS ART PICTURE,0.1,0.9961151671192974,C
85018C,127.2,4,S/6 PAPER BOXES CURIOUS IMAGES ,0.05,0.9961257841260435,C
90137,127.12,10,PINK COMBO MINI CRYSTALS NECKLACE,0.125,0.9961363944554267,C
35916C,127.10999999999999,21,PINK FELT HANGING HEART W FLOWER,0.2625,0.9961470039501397,C
16168S,126.82999999999998,6,FUNKY MONKEY GIFT BAG SMALL,0.075,0.9961575900740831,C
90214L,126.55,36,"LETTER ""L"" BLING KEY RING",0.45,0.9961681528272571,C
79191D,126.36999999999999,33,RETRO PLASTIC DAISY TRAY,0.4125,0.9961787005563647,C
84367,126.29999999999998,8,LA STREGA CANVAS PICTURE ,0.1,0.9961892424427802,C
22886,125.98,13,"NUMBER TILE VINTAGE FONT, 7",0.1625,0.9961997576197446,C
90211A,125.28,13,DIAMOND LAS VEGAS NECKLACE 45CM,0.1625,0.996210214369785,C
85095,124.98,10,THREE CANVAS LUGGAGE TAGS,0.125,0.9962206460797153,C
90214C,124.77,33,"LETTER ""C"" BLING KEY RING",0.4125,0.9962310602615683,C
35979,124.62,5,SIX STRING SCANDINAVIAN HEART DECS,0.0625,0.9962414619233662,C
90087,124.58,26,CRYSTAL SEA HORSE PHONE CHARM,0.325,0.9962518602464827,C
22868,124.47,13,"NUMBER TILE COTTAGE GARDEN, 0 ",0.1625,0.9962622493882256,C
46138B,124.34,16,BLUE CHENILLE SHAGGY CUSHION COVER ,0.2,0.996272627679254,C
85190,124.16,6,PINK FLOWER HANGING HEART ,0.075,0.9962829909462162,C
90190C,123.95,16,SILVER/AMETHYST DROP EARRINGS LEAF,0.2,0.9962933366851011,C
22850,123.6,1,BREAD BIN DINER STYLE BLACK,0.0125,0.9963036532105243,C
84989a,123.58,30,75 GREEN FAIRY CAKE CASES,0.375,0.9963139680666067,C
22873,123.44,17,"NUMBER TILE COTTAGE GARDEN, 5",0.2125,0.9963242712373042,C
90214M,123.15,31,"LETTER ""M"" BLING KEY RING",0.3875,0.9963345502025619,C
84522,123.14999999999999,14,PINK PARTY SUNGLASSES,0.175,0.9963448291678196,C
90125A,123.13999999999999,12,PINK BERTIE GLASS BEAD BAG CHARM,0.15,0.9963551072984071,C
47578A,123.11,29,ENGLISH ROSE SMALL SCENTED FLOWER,0.3625,0.9963653829249833,C
16043,122.69999999999999,10,POP ART PUSH DOWN RUBBER ,0.125,0.9963756243300756,C
90085,122.66,16,CRYSTAL STILETTO PHONE CHARM,0.2,0.9963858623964866,C
21228,122.57,24,"POCKET MIRROR ""GLAMOROUS""",0.3,0.9963960929508645,C
79308B,122.39999999999999,2,MOSAIC CANDLE DISH BLUE PURPLE,0.025,0.9964063093158466,C
22887,122.16,15,NUMBER TILE VINTAGE FONT 8,0.1875,0.9964165056487405,C
84247K,121.38000000000001,18,"FOLK ART GREETING CARD,pack/12",0.225,0.9964266368773479,C
79532,121.25,13,MOSAIC GLASS BALL CANDLEHOLDER,0.1625,0.9964367572552406,C
90003B,120.99,15,ROSE COLOUR PAIR HEART HAIR SLIDES,0.1875,0.9964468559317046,C
90199D,120.47,12,5 STRAND GLASS NECKLACE AMBER,0.15,0.9964569112053108,C
90138,120.35000000000001,15,WHITE/PINK MINI CRYSTALS NECKLACE,0.1875,0.9964669564628728,C
90099,119.36999999999999,12,NECKLACE+BRACELET SET BLUE HIBISCUS,0.15,0.9964769199227412,C
84558a,119.12,10,3D DOG PICTURE PLAYING CARDS,0.125,0.9964868625158512,C
84656,119.0,8,WHITE ROSE C/COVER,0.1,0.9964967950929171,C
17108D,118.86,11,FLOWER FAIRY SUMMER BOUQUET SACHET,0.1375,0.9965067159845982,C
47503E,118.75,13,ASS FLORAL PRINT SCISSORS,0.1625,0.9965166276949056,C
82607E,118.75,13,GLASS BONBON JAR. D'AMANDES,0.1625,0.996526539405213,C
90130B,118.21000000000001,23,TURQ STONE/CRYSTAL EARRINGS,0.2875,0.9965364060433219,C
84247C,118.00000000000001,11,PACK/12 BLUE REINDEER CARD,0.1375,0.9965462551533537,C
90039D,117.65,15,FIRE POLISHED GLASS BRACELET GREEN,0.1875,0.9965560750499235,C
90156,117.57000000000001,10,RESIN BRACELET W PASTEL BEADS,0.125,0.9965658882691306,C
84751B,117.44,15,BLACK MEDIUM GLASS CAKE STAND,0.1875,0.9965756906376232,C
90072,117.26,19,RUBY DROP CHANDELIER EARRINGS,0.2375,0.9965854779820497,C
85114b,116.83000000000001,8,IVORY ENCHANTED FOREST PLACEMAT,0.1,0.9965952294356514,C
84858A,116.7,5,NATURAL RIVIERA HANDBAG,0.0625,0.9966049700385387,C
23044,116.20000000000002,6,PAPER LANTERN 9 POINT HOLLY STAR S,0.075,0.9966146689079088,C
90040D,116.17,15,MURANO STYLE GLASS BRACELET PINK,0.1875,0.996624365273268,C
37471,115.85000000000001,8,MULTICOLOUR DOTS PLATE,0.1,0.9966340349291763,C
16119,115.71000000000001,3,FUNKY GIRL ADDRESS BOOK,0.0375,0.9966436928996999,C
16053,115.23,8,POPART COL BALLPOINT PEN ASST,0.1,0.996653310806047,C
16008,114.7,19,SMALL FOLDING SCISSOR(POINTED EDGE),0.2375,0.996662884474866,C
84531B,114.47999999999999,21,BLUE KNITTED EGG COSY,0.2625,0.9966724397809374,C
23020,114.2,1,GLASS  SONGBIRD STORAGE JAR,0.0125,0.9966819717162393,C
23287,114.17,1,RED VINTAGE SPOT BEAKER,0.0125,0.9966915011475302,C
20968,113.86,3,GREEN FLORAL FELTCRAFT SHOULDER BAG,0.0375,0.9967010047040404,C
84927F,113.49000000000001,18,PSYCHEDELIC TILE HOOK,0.225,0.9967104773777481,C
84705B,113.27,2,FAIRY CAKES PHOTO FRAME,0.025,0.9967199316887082,C
71496A,113.17,10,A4 WALL TIDY BLUE OFFICE,0.125,0.9967293776529649,C
90060F,112.97,12,FIRE POLISHED GLASS NECKL GREEN,0.15,0.9967388069238149,C
84614A,112.92999999999999,9,PINK BAROQUE FLOCK CANDLE HOLDER,0.1125,0.9967482328559834,C
84855,112.60000000000001,6,BLOKEY SILVER TOOL SET,0.075,0.9967576312440306,C
23069,112.5,5,EDWARDIAN PHOTO FRAME,0.0625,0.9967670212853744,C
84798A,112.19999999999999,8,PINK FOXGLOVE ARTIIFCIAL FLOWER,0.1,0.9967763862866079,C
90129F,111.99000000000001,22,RED GLASS TASSLE BAG CHARM,0.275,0.9967857337597643,C
90214E,111.33,31,"LETTER ""E"" BLING KEY RING",0.3875,0.9967950261446782,C
90063B,110.67,7,BLACK VINT ART DEC CRYSTAL NECKLACE,0.0875,0.9968042634413495,C
16206B,110.15,11,RED PURSE WITH PINK HEART,0.1375,0.996813457335163,C
79144C,109.99,43,PAINTED LIGHTBULB RAINBOW DESIGN,0.5375,0.9968226378742512,C
82069,109.85,10,BEECH WOOD P/FRAME,0.125,0.9968318067279544,C
20796,109.57,13,SMALL BLUE PROVENCAL CERAMIC BALL,0.1625,0.9968409522108881,C
90058A,109.44,7,CRYSTAL STUD EARRINGS CLEAR DISPLAY,0.0875,0.9968500868431074,C
23047,109.25,6,PAPER LANTERN 5 POINT SEQUIN STAR,0.075,0.9968592056165901,C
21369,109.23,10,MIRRORED WALL ART SPLODGES,0.125,0.9968683227207322,C
21400,109.15,28,RED PUDDING SPOON,0.35,0.9968774331475116,C
84247H,109.13000000000001,15,PACK/12 DECOUPAGE CARD,0.1875,0.9968865419049504,C
90059A,109.07,24,DIAMANTE HAIR GRIP PACK/2 CRYSTAL,0.3,0.9968956456543671,C
17191A,108.75,8,ROSE FLOWER CANDLE+INCENSE 16X16CM,0.1,0.9969047226943327,C
47590b,108.13,5,PINK HAPPY BIRTHDAY BUNTING,0.0625,0.9969137479847373,C
20827,107.60000000000001,6,GOLD APERITIF GLASS,0.075,0.9969227290376137,C
85040a,107.1,16,S/4 PINK FLOWER CANDLES IN BOWL,0.2,0.996931668356973,C
47592B,106.7,12,SCOTTIES DESIGN CHILD'S OVERALL,0.15,0.9969405742895187,C
72134,106.51,18,COLUMBIAN  CUBE CANDLE ,0.225,0.9969494643633278,C
90018B,106.22,16,GOLD M.O.P ORBIT DROP EARRINGS,0.2,0.9969583302316971,C
20896,106.20000000000002,10,VINTAGE NOTEBOOK PINK FLOWER,0.125,0.9969671944307256,C
90190B,106.13000000000001,11,GOLD/AMBER DROP EARRINGS W LEAF,0.1375,0.9969760527870618,C
90022,106.07000000000001,16,EDWARDIAN DROP EARRINGS JET BLACK,0.2,0.9969849061353759,C
21087,105.68,20,SET/6 POSIES PAPER CUPS,0.25,0.9969937269315468,C
45013,105.45,5,FOLDING SHOE TIDY,0.0625,0.9970025285302997,C
90204,105.11,17,PAIR OF ENAMEL BUTTERFLY HAIRCLIP,0.2125,0.997011301750261,C
84921,105.0,12,CREAM AND PINK FLOWERS PONY ,0.15,0.9970200657888485,C
72801c,104.47,14,S/4 ROSE PINK DINNER CANDLES,0.175,0.997028785589908,C
90093,104.17999999999999,14,CLEAR CRYSTAL STAR PHONE CHARM,0.175,0.9970374811855276,C
35966,103.94000000000001,16,FOLKART CHRISTMAS TREE T-LIGHT HOLD,0.2,0.9970461567490588,C
90040C,103.67999999999999,13,MURANO STYLE GLASS BRACELET GOLD,0.1625,0.9970548106111613,C
20837,103.14000000000001,6,FRENCH FLORAL CUSHION COVER ,0.075,0.9970634194010654,C
35096B,103.11,9,RED VICTORIAN FABRIC HEART BOX,0.1125,0.9970720256869583,C
17090D,102.7,23,VANILLA INCENSE 40 CONES IN TIN,0.2875,0.9970805977513673,C
90024D,102.18,10,NEW BAROQUE B'FLY NECKLACE PINK,0.125,0.9970891264129185,C
22879,102.05,11,NUMBER TILE VINTAGE FONT 0,0.1375,0.9970976442237552,C
90166,102.03,15,PINK & WHITE ROSEBUD RING,0.1875,0.9971061603652513,C
84782B,102.0,5,BLACK 3 TIER GLASS PLATE STAND,0.0625,0.9971146740027363,C
90063A,101.98,7,WHITE VINT ART DECO CRYSTAL NECKLAC,0.0875,0.9971231859708808,C
84765,101.97999999999999,4,SILVER ROCOCO CANDELABRA,0.05,0.9971316979390252,C
21490,101.95,5,SET OF THREE 50'S GIFT WRAPS ,0.0625,0.9971402074031586,C
90003C,101.92,17,MIDNIGHT BLUE PAIR HEART HAIR SLIDE,0.2125,0.9971487143632809,C
90002C,101.88,11,FLOWER BURST SILVER RING MIDN'T BLU,0.1375,0.9971572179847219,C
90165B,101.78,19,WHITE ROSEBUD  PEARL EARRINGS,0.2375,0.9971657132594594,C
21639,101.14999999999999,2,ASSORTED TUTTI FRUTTI KEYRING,0.025,0.9971741559499655,C
23250,100.89,1,VINTAGE RED TRIM ENAMEL BOWL ,0.0125,0.9971825769390427,C
85050,100.80000000000001,1,FRENCH ENAMEL SOAP DISH WITH LID,0.0125,0.9971909904160868,C
72821,100.64999999999999,11,CUPID SCENTED CANDLE IN GLASS,0.1375,0.9971993913730758,C
72038P,100.5,8,PRICE'S CANDLE PEACH,0.1,0.9972077798100095,C
84559D,100.36,21,3D SHEET OF SEA WORLD STICKERS,0.2625,0.9972161565615586,C
79144B,100.34,34,PAINTED LIGHTBULB STAR+ MOON,0.425,0.9972245316437669,C
90190A,100.26,16,SILVER/CRYSTAL DROP EARRINGS W LEAF,0.2,0.9972329000486125,C
35840,100.22,3,FLAT GLASS  BAUBLE WHITE FLOCK ,0.0375,0.9972412651147768,C
78027,100.15,5,SEAGRASS S/2 CORNER LAUNDRY ,0.0625,0.9972496243382487,C
84510c,99.64999999999999,15,SET OF 4 POLKADOTS COASTERS,0.1875,0.9972579418282035,C
23150,99.58000000000001,7,IVORY SWEETHEART SOAP DISH,0.0875,0.9972662534754659,C
90019B,99.43,14,GOLD M.O.P ORBIT BRACELET,0.175,0.9972745526026732,C
90051,99.03999999999999,8,CRACKED GLAZE NECKLACE RED,0.1,0.997282819177737,C
84575A,98.8,12,PINK DOG CANNISTER,0.15,0.9972910657207128,C
21226,98.75,14,POCKET MIRROR WOODLAND,0.175,0.9972993080903368,C
71510,98.45,10,SQUARE METAL CANDLEHOLDER BASE,0.125,0.9973075254198505,C
35610A,97.94,10,PINK CHRISTMAS FLOCK DROPLET ,0.125,0.9973157001811768,C
35609A,97.74000000000001,12,PINK FEATHER CHRISTMAS DECORATION,0.15,0.9973238582490963,C
35824C,97.67999999999999,5,"HANGING FLOWERS+MIRROR,CLEAR",0.0625,0.9973320113089938,C
90205C,97.56,12,LARGE CRYSTAL DIAMANTE HAIRSLIDE,0.15,0.9973401543528472,C
16045,97.44,9,POPART WOODEN PENCILS ASST,0.1125,0.9973482873806564,C
35594,97.14,24,WOODEN CHRISTMAS TREE 3 HANGING,0.3,0.9973563953683555,C
17007B,96.60000000000001,6,S/3 POT POURI CUSHIONS BLUE COLOURS,0.075,0.997364458283856,C
84465,96.51,15,15 PINK FLUFFY CHICKS IN BOX,0.1875,0.9973725136873235,C
35607A,96.01,19,PINK FLUFFY CHRISTMAS DECORATION,0.2375,0.9973805273572739,C
10123G,95.92,9,ARMY CAMO WRAPPING TAPE,0.1125,0.9973885335151912,C
84891B,95.4,5,GREEN WIRE GOBLET CANDLEHOLDER,0.0625,0.9973964962702508,C
72606A,94.92,13,BROWN ANTIQUE CUBE CANDLE,0.1625,0.997404418961134,C
90071,94.3,37,RUBY GLASS CLUSTER EARRINGS,0.4625,0.997412289902456,C
10120,94.23,29,DOGGY RUBBER,0.3625,0.9974201550010856,C
20664,93.91000000000001,15,TROPICAL HOLIDAY PURSE ,0.1875,0.9974279933902643,C
23043,93.75,3,PAPER LANTERN 9 POINT HOLLY STAR 40,0.0375,0.9974358184247175,C
90194,93.33,14,SILVER LARIAT BLACK STONE EARRINGS,0.175,0.9974436084030164,C
84622,93.1,4,PINK GINGHAM ROSE CUSHION COVER,0.05,0.9974513791838973,C
72133,92.87,18,COLUMBIAN CANDLE RECTANGLE,0.225,0.9974591307673604,C
90139,92.74000000000001,5,FLOWER BROOCH 4 ASSORTED COLOURS,0.0625,0.997466871500109,C
84661C,92.14,12,PINK SQUARE TABLE CLOCK,0.15,0.9974745621526373,C
21343,92.00000000000001,3,GOLD JEWELERY BOX,0.0375,0.9974822411197807,C
90104,91.88,27,PURPLE FRANGIPANI HAIRCLIP,0.3375,0.9974899100708801,C
84510E,91.8,17,SET OF 4 GREEN CAROUSEL COASTERS,0.2125,0.9974975723446167,C
84458,91.8,7,S/3 RABBIT FLOWER/EGG/CARROT ROPE,0.0875,0.9975052346183533,C
85185F,91.45000000000002,7,LION SOCK PUPPET,0.0875,0.9975128676786278,C
20848,91.45000000000002,8,ZINC HEART LATTICE CHARGER SMALL,0.1,0.9975205007389023,C
90112,91.25,17,PINK DOLLY HAIR CLIPS,0.2125,0.9975281171057702,C
90038A,90.92,15,GLASS AND PAINTED BEADS BRACELET TO,0.1875,0.9975357059285166,C
85166A,90.84,4,WHITE METAL BAROQUE PHOTO FRAME,0.05,0.9975432880739004,C
21266,90.3,2,VINTAGE SILVER TINSEL REEL,0.025,0.9975508251470857,C
16248B,90.0,6,BLUE HOLE PUNCH,0.075,0.9975583371801608,C
84288B,89.7,13,SET/2 BLUE  NOODLE BASKETS,0.1625,0.9975658241731256,C
17013C,89.46000000000001,2,ORIGAMI LAVENDER INCENSE IN TUBE,0.025,0.9975732911340023,C
90179C,89.24000000000001,9,BLACK FINE BEAD NECKLACE W TASSEL,0.1125,0.9975807397321313,C
37479P,88.8,15,CUBIC MUG FLOCK PINK ON BROWN,0.1875,0.9975881516047654,C
90202D,88.69000000000001,15,PINK ENAMEL FLOWER HAIR TIE,0.1875,0.9975955542960258,C
84596e,87.85,12,SMALL LICORICE DES PINK BOWL,0.15,0.9976028868749773,C
85132b,87.55,6,CHARLIE AND LOLA TABLE TINS,0.075,0.9976101944138187,C
35819B,87.47,9,"ACRYLIC HANGING JEWEL,BLUE",0.1125,0.9976174952752974,C
23029,87.44999999999999,1,DRAWER KNOB CRACKLE GLAZE GREEN,0.0125,0.9976247944674352,C
84874B,87.36999999999999,25,BLUE TRAVEL FIRST AID KIT,0.3125,0.9976320869822104,C
90108,87.28,11,BLUE BLOSSOM HAIR CLIP,0.1375,0.9976393719849524,C
23141,87.15,5,TRIPLE WIRE HOOK PINK HEART,0.0625,0.9976466461369802,C
35822B,87.02,1,"ACRYLIC BEAD CHAIN, BLUE",0.0125,0.9976539094382934,C
84424A,86.25,8,FOUR PICTURE WHITE GLASS FRAME,0.1,0.9976611084699903,C
84753A,86.22,6,PINK EAU DE COLOGNE BOTTLE,0.075,0.9976683049976762,C
85195,86.10000000000001,12,HANGING HEART BASKET,0.15,0.997675491509318,C
20861,86.10000000000001,11,GOLD COSMETIC BAG PINK STAR,0.1375,0.9976826780209598,C
90214R,85.91,28,"LETTER ""R"" BLING KEY RING",0.35,0.9976898486738651,C
84559a,85.8,23,3D SHEET OF DOG STICKERS,0.2875,0.9976970101453968,C
84539,85.8,10,KNITTED RABBIT DOLL ,0.125,0.9977041716169284,C
47518F,85.7,14,ICON PLACEMAT POP ART ELVIS,0.175,0.9977113247417565,C
84249A,85.59,18,"GREETING CARD,SQUARE, DOUGHNUTS",0.225,0.9977184686852109,C
47369A,85.58000000000001,8,PINK GREEN EMBROIDERY COSMETIC BAG,0.1,0.9977256117939949,C
21118,85.5,4,SHOPPING BAG DOORSTOP,0.05,0.9977327482254162,C
21595,85.24000000000001,5,Dad's Cab Electronic Meter,0.0625,0.9977398629554086,C
85099c,85.17,3,JUMBO  BAG BAROQUE BLACK WHITE,0.0375,0.9977469718427087,C
90024C,85.15,8,NEW BAROQUE B'FLY NECKLACE GREEN,0.1,0.997754079060668,C
90023,85.1,13,FILIGREE DIAMANTE EARRINGS,0.1625,0.9977611821052756,C
35838B,85.0,10,S/6 SILVER ORNAMENETAL CANDLE,0.125,0.9977682768031799,C
17084J,84.84,15,LOVE POTION MASALA INCENSE,0.1875,0.9977753581463586,C
17027A,84.84,2,INCENSE BAZAAR CANNABIS,0.025,0.9977824394895374,C
35913B,84.74,16,WHITE/PINK CHICK EASTER DECORATION,0.2,0.9977895124860128,C
72754A,84.24000000000001,3,FLOWER FAIRY POTPOURRI CUSHION LILY,0.0375,0.997796543748971,C
90165A,84.17,15,PINK ROSEBUD PEARL EARRINGS,0.1875,0.9978035691692368,C
22987,84.0,8,"WRAP , SUMMER ROSE DESIGN",0.1,0.997810580400107,C
84705D,83.95,10,CHERRY BLOSSOM PHOTO FRAME ,0.125,0.9978175874576252,C
90163B,83.49,7,WHITE ROSEBUD & PEARL NECKLACE,0.0875,0.9978245561203078,C
90030C,83.24000000000001,7,BROWN KUKUI COCONUT SEED NECKLACE,0.0875,0.997831503916232,C
23085,83.2,1,ANTIQUE SILVER BAUBLE LAMP  ,0.0125,0.9978384483734747,C
20816,83.1,5,GOLD FLOWER CUSHION COVER ,0.0625,0.9978453844840139,C
90177C,82.8,14,DROP DIAMANTE EARRINGS CRYSTAL,0.175,0.997852295554443,C
84562B,82.74000000000001,4,BLUE/WHITE RIBBED MELAMINE JUG,0.05,0.99785920161685,C
90177B,82.68,16,DROP DIAMANTE EARRINGS BLACK DIAMON,0.2,0.997866102671235,C
47351B,82.60000000000001,7,BLUE  VOILE LAMPSHADE,0.0875,0.9978729970482572,C
90150,82.5,6,BLUE SHELL+SILVER NECKLACE,0.075,0.997879883078576,C
17084A,82.32,15,TRANQUILITY MASALA INCENSE,0.1875,0.9978867540848286,C
35015,82.18,18,JACOBS LADDER SMALL,0.225,0.9978936134056965,C
21089,82.09,22,SET/6 GREEN SPRING PAPER CUPS,0.275,0.9979004652145312,C
72754B,82.03,3,F FAIRY POTPOURRI CUSHIONS LAVENDER,0.0375,0.997907312015344,C
35610C,81.56,8,WHITE CHRISTMAS FLOCK DROPLET ,0.1,0.9979141195866507,C
20698,81.3,14,LITTLE PINK MONSTER SOFT TOY,0.175,0.9979209054565286,C
37462B,81.26,20,"PET MUG, BUDGIE",0.25,0.997927687987725,C
35916A,81.25,19,YELLOW FELT HANGING HEART W FLOWER,0.2375,0.9979344696842511,C
23014,80.9,1,GLASS APOTHECARY BOTTLE ELIXIR,0.0125,0.9979412221673153,C
84437A,80.75,9,S/6 PINK EASTER DECS IN BOX,0.1125,0.9979479621303243,C
84596I,80.62,6,WRAP SWEETS LIGHT PINK SMALL BOWL,0.075,0.9979546912426188,C
17011E,80.60000000000001,1,ORIGAMI OPIUM SCENT INCENSE+FLOWER,0.0125,0.9979614186855726,C
90018C,80.56,12,SILVER BLACK ORBIT DROP EARRINGS,0.15,0.9979681427898452,C
84706F,80.55,4,RED PEONY TABLE CLOCK,0.05,0.9979748660594474,C
21489,80.30000000000001,3,BLUE WHITE SCARF HOT WATER BOTTLE,0.0375,0.9979815684622911,C
90177D,79.98,11,DROP DIAMANTE EARRINGS PURPLE,0.1375,0.9979882441556839,C
35910A,79.94999999999999,11,MULTICOLOUR EASTER RABBIT ,0.1375,0.9979949173450655,C
90079,79.9,11,VINTAGE ENAMEL & CRYSTAL NECKLACE,0.1375,0.9980015863610955,C
23016,79.80000000000001,1,GLASS TWIST BON BON JAR,0.0125,0.9980082470304221,C
90162B,79.65,9,ANT SILVER LIME GREEN BOUDICCA RING,0.1125,0.9980148951796936,C
35271S,79.5,12,GOLD PRINT PAPER BAG,0.15,0.9980215308089099,C
90049,79.47,2,IVORY GOLD METAL BAG CHARM,0.025,0.9980281639341152,C
90039C,79.27,8,FIRE POLISHED GLASS BRACELET BLACK,0.1,0.9980347803659136,C
37509,79.05,12,NEW ENGLAND MUG W GIFT BOX,0.15,0.9980413784349647,C
16020C,78.0,21,CLEAR STATIONERY BOX SET ,0.2625,0.9980478888636297,C
84388,77.49,10,WISE MAN STAR SHAPE EGG PAN,0.125,0.9980543567241074,C
84705C,77.33,7,PINK FLOCK PHOTO FRAME ,0.0875,0.9980608112298595,C
23012,76.95000000000002,1,GLASS APOTHECARY BOTTLE PERFUME,0.0125,0.9980672340181386,C
20887,76.92,2,BOX OF 6 PEBBLE CANDLES,0.025,0.9980736543024068,C
84251F,76.83,27,"GREETING CARD, RITA",0.3375,0.9980800670746418,C
47598,76.77000000000001,16,NEW ENGLAND EGG WARMER,0.2,0.9980864748388548,C
90162D,76.7,9,ANT SILVER PURPLE BOUDICCA RING,0.1125,0.9980928767603754,C
90162C,76.7,12,ANT SILVER FUSCHIA BOUDICCA RING,0.15,0.998099278681896,C
47369B,76.59,9,BLUE GREEN EMBROIDERY COSMETIC BAG,0.1125,0.9981056714220429,C
90026D,76.5,7,GLASS BEAD HOOP NECKLACE AMETHYST,0.0875,0.9981120566501567,C
90100,76.5,10,NECKLACE+BRACELET SET PINK DAISY,0.125,0.9981184418782705,C
90026A,76.47,8,GLASS BEAD HOOP NECKLACE BLACK,0.1,0.9981248246023733,C
90169,76.31,13,DAISY HAIR COMB,0.1625,0.9981311939717507,C
35265,76.2,9,COLOURFUL FLOWER FRUIT BOWL,0.1125,0.9981375541597541,C
90125C,76.14999999999999,8,TURQUOISE BERTIE GLASS BEAD CHARM,0.1,0.998143910174406,C
22888,76.11,9,NUMBER TILE VINTAGE FONT 9 ,0.1125,0.9981502628503764,C
37351,76.11,10,ORANGE FLOWER MUG ,0.125,0.9981566155263468,C
84968d,75.41,3,S/16 VINTAGE RED CUTLERY,0.0375,0.9981629097753935,C
84454,75.33,8,WOBBLING METAL CHICKEN EASTER,0.1,0.9981691973470772,C
81950B,75.25,20,FLOWER BLUE CLOCK W/SUCKER,0.25,0.9981754782413983,C
62043B,75.15999999999998,8,BLUE CHECK BAG W HANDLE 34X20CM,0.1,0.9981817516236864,C
16161E,75.0,6,WRAP BOUDOIR ,0.075,0.9981880116512489,C
90149,75.0,6,SILVER FLOWR PINK SHELL NECKLACE,0.075,0.9981942716788115,C
37399,75.0,3,"ASS RETROSPOOF MUGS,SPORTS",0.0375,0.998200531706374,C
84199,74.88,26,GLOW IN DARK DOLPHINS,0.325,0.9982067817178926,C
85049g,74.8,14,CHOCOLATE BOX RIBBONS ,0.175,0.9982130250520483,C
84757,74.75,3,ENCHANTED GARDEN WROUGHT IRON TABLE,0.0375,0.9982192642128523,C
35816P,74.55,5,"ACRYLIC JEWEL ANGEL,PINK",0.0625,0.9982254866802496,C
44236,74.4,7,PINK/PURPLE CIRCLE CURTAIN,0.0875,0.9982316966275916,C
90089,74.36999999999999,17,PINK CRYSTAL SKULL PHONE CHARM,0.2125,0.9982379040709226,C
90214G,73.94,26,"LETTER ""G"" BLING KEY RING",0.325,0.9982440756234289,C
21337,73.75000000000001,7,SILVER WASHBAG,0.0875,0.9982502313171987,C
79331,73.6,8,PINK FLOCK GLASS CANDLEHOLDER,0.1,0.9982563744909134,C
72779,72.67,11,SET/6 BLACK ROSE T-LIGHT CANDLES,0.1375,0.9982624400402863,C
79026B,72.64999999999999,18,"S/4 ICON COASTER,ELVIS LIVES",0.225,0.9982685039203186,C
16151A,72.5,4,FLOWER DES BLUE HANDBAG/ORANG HANDL,0.05,0.9982745552802957,C
23290,72.46000000000001,1,SPACEBOY CHILDRENS BOWL,0.0125,0.9982806033015916,C
23289,72.42,1,DOLLY GIRL CHILDRENS BOWL,0.0125,0.998286647984206,C
90059D,72.05999999999999,22,DIAMANTE HAIR GRIP PACK/2 PERIDOT,0.275,0.9982926626186881,C
84251G,71.49000000000001,34,"GREETING CARD, OVERCROWDED POOL.",0.425,0.9982986296769608,C
23215,71.4,2,JINGLE BELL HEART ANTIQUE SILVER,0.025,0.9983045892232004,C
84030C,71.25,3,KNITTED RAINBOW HOT WATER BOTTLE,0.0375,0.9983105362493848,C
16256C,70.98,10,HEARTS PENCIL/RUBBER+5 MINI PENCILS,0.125,0.99831646073947,C
84593,70.8,6,CROCHET ROSE DES CLOTHES HANGER,0.075,0.9983223702054892,C
20958,70.5,10,PORCELAIN HANGING BELL LARGE,0.125,0.998328254631398,C
20879,70.5,3,TREE OF NOAH FESTIVE SCENTED CANDLE,0.0375,0.9983341390573067,C
44242B,70.0,5,PINK FEATHERS CURTAIN,0.0625,0.9983399817496984,C
84450B,69.43,11,YELLOW RABBIT SAT EASTER,0.1375,0.9983457768658807,C
20667,69.33000000000001,9,CHERRY BLOSSOM PURSE,0.1125,0.9983515636353595,C
20820,69.30000000000001,8,SILVER LOOKING MIRROR,0.1,0.9983573479008273,C
85024B,69.3,10,EAU DE NILE JEWELLED PHOTOFRAME,0.125,0.9983631321662952,C
23032,69.3,1,DRAWER KNOB CRACKLE GLAZE IVORY,0.0125,0.9983689164317631,C
71495A,69.02,14,CD WALL TIDY BLUE OFFICE,0.175,0.9983746773264612,C
84455,68.61,12,SET OF 3 RABBIT CARROTS EASTER,0.15,0.9983804039996754,C
20697,68.55,11,LITTLE GREEN MONSTER SOFT TOY,0.1375,0.9983861256648676,C
71215,68.52,11,METAL BASE FOR CANDLES,0.1375,0.9983918448260488,C
90140,68.06,6,PINK SWEETIE NECKLACE,0.075,0.9983975255923943,C
84857A,68.0,2,SILVER MONTE CARLO HANDBAG,0.025,0.9984032013507176,C
20835,67.92,5,FRENCH LATTICE CUSHION COVER ,0.0625,0.9984088704316783,C
37345,67.85,3,ASSTD HEARTS DESIGN MUGS,0.0375,0.9984145336699465,C
90026B,67.82,7,GLASS BEAD HOOP NECKLACE MONTANA,0.0875,0.9984201944042037,C
90038C,67.73,8,GLASS AND BEADS BRACELET IVORY,0.1,0.9984258476264279,C
84864A,67.71000000000001,4,PINK PAISLEY PHOTO ALBUM,0.05,0.9984314991793115,C
90189A,67.64,6,SILVER 2 STRAND NECKLACE-LEAF CHARM,0.075,0.9984371448895026,C
90078,67.64,5,PINK/WHITE GLASS DEMI CHOKER,0.0625,0.9984427905996938,C
35937,67.64,10,CERISE+GOLD CHRISTMAS STOCKING DEC,0.125,0.9984484363098849,C
90069,67.5,4,RUBY GLASS CLUSTER NECKLACE,0.05,0.9984540703346911,C
84251C,67.14,19,"GREETING CARD, TWO SISTERS.",0.2375,0.9984596743113652,C
72045D,66.89,2,ROSES ON BLUE TEACUP CANDLE ,0.025,0.9984652574212807,C
90214B,66.86,26,"LETTER ""B"" BLING KEY RING",0.325,0.9984708380271851,C
90064A,66.69,9,WHITE VINTAGE CRYSTAL EARRINGS,0.1125,0.9984764044436937,C
90037A,66.31,11,TINY CRYSTAL BRACELET RED,0.1375,0.9984819391427293,C
72709,66.3,9,IVORY SCULPTED RND CANDLE ,0.1125,0.9984874730070947,C
40002,66.3,1,WHITE BAMBOO RIBS LAMPSHADE,0.0125,0.99849300687146,C
84493,65.75999999999999,4,BLUE/PINK NEST STRIPE BOX,0.05,0.9984984956636269,C
23214,65.07,3,JINGLE BELL HEART ANTIQUE GOLD,0.0375,0.9985039268635402,C
90130A,65.01,10,WHITE STONE/CRYSTAL EARRINGS,0.125,0.9985093530554314,C
90214N,64.78999999999999,28,"LETTER ""N"" BLING KEY RING",0.35,0.998514760884575,C
71495B,64.44000000000001,10,CD WALL TIDY RED FLOWERS,0.125,0.9985201395002568,C
35916B,64.33999999999999,16,BLUE FELT HANGING HEART W FLOWER,0.2,0.998525509769235,C
90141A,64.11,11,GREEN PENDANT TRIPLE SHELL NECKLACE,0.1375,0.9985308608407955,C
84425A,63.85,7,WHITE GLASS TV TRIPLE FRAME,0.0875,0.998536190210927,C
35973,63.75,6,GERANIUM FOLKART HEART DECORATION,0.075,0.9985415112343552,C
85018B,63.75,9,S/6 PAPER BOXES BLOSSOM IMAGES ,0.1125,0.9985468322577833,C
20791,63.75,1,BLUE TILED SET OF 3 DRAWERS,0.0125,0.9985521532812115,C
85018A,63.75,10,S/6 PAPER BOXES ROMANTIC IMAGES,0.125,0.9985574743046397,C
84795E,63.6,4,RIO PINK STRIPE HAMMOCK,0.05,0.9985627828080127,C
16169D,63.0,1,WRAP WINTER FOREST,0.0125,0.9985680412311653,C
84529B,62.35,3,BLUE KNITTED KID'S RUCKSACK,0.0375,0.9985732454007455,C
90119,62.31999999999999,16,METALIC LEAVES BAG CHARMS,0.2,0.9985784470663148,C
90202C,62.22,18,GREEN ENAMEL FLOWER HAIR TIE,0.225,0.9985836403851808,C
90177E,62.17,17,DROP DIAMANTE EARRINGS GREEN,0.2125,0.9985888295306949,C
90176C,62.0,5,DIAMANTE NECKLACE,0.0625,0.9985940044868133,C
72771B,61.94,2,BURG FLOCK GOLD CUP/CANDLE ,0.025,0.9985991744349096,C
90183A,61.910000000000004,12,AMBER DROP EARRINGS W LONG BEADS,0.15,0.9986043418789949,C
90214D,61.85,30,"LETTER ""D"" BLING KEY RING",0.375,0.9986095043150581,C
85179C,61.589999999999996,7,PINK BITTY LIGHT CHAIN,0.0875,0.9986146450496926,C
23013,61.150000000000006,1,GLASS APOTHECARY BOTTLE TONIC,0.0125,0.9986197490588319,C
75011,61.129999999999995,5,BLUE DAISY MOBILE,0.0625,0.9986248513986307,C
47016,60.900000000000006,3,LIGHT DECORATION BATTERY OPERATED,0.0375,0.9986299345410115,C
90103,60.69,17,PURPLE FRANGIPANI NECKLACE,0.2125,0.998635000155315,C
90003E,60.59,11,GREEN PAIR HEART HAIR SLIDES,0.1375,0.9986400574229152,C
90038B,60.54,6,GLASS AND PAINTED BEADS BRACELET OL,0.075,0.9986451105171636,C
84613A,60.45,7,PINK NEW BAROQUE FLOCK CANDLESTICK,0.0875,0.998650156099379,C
84705A,60.45,5,ENGLISH ROSE PHOTO FRAME ,0.0625,0.9986552016815943,C
90002B,60.24,7,FLOWER BURST SILVER RING ROSE,0.0875,0.9986602297357325,C
90064B,60.0,8,BLACK VINTAGE  CRYSTAL EARRINGS,0.1,0.9986652377577826,C
84415B,60.0,5,BLUE FLOCK CUSHION COVER ,0.0625,0.9986702457798327,C
37491D,59.98,10,PURPLE/BLUE CERAMIC CANDLE HOLDER,0.125,0.998675252132542,C
84292B,59.75,5,BLUE COL METAL FOLDING CHAIR,0.0625,0.9986802392878336,C
90021,59.75,4,LASER CUT MULTI STRAND NECKLACE,0.05,0.9986852264431251,C
23005,59.64,3,TRAVEL CARD WALLET I LOVE LONDON,0.0375,0.9986902044170428,C
23119,59.519999999999996,1,PACK OF 6 LARGE FRUIT STRAWS ,0.0125,0.9986951723749165,C
44241C,59.5,7,BLUE BUTTERFLY ON SPRING,0.0875,0.9987001386634494,C
84427B,59.5,4,BLACK GLASS TV DOUBLE P/FRAME 15X10,0.05,0.9987051049519824,C
35654,59.400000000000006,5,VINTAGE BEAD FILLED PINK CUSHION,0.0625,0.9987100628938119,C
90214P,59.4,22,"LETTER ""P"" BLING KEY RING",0.275,0.9987150208356415,C
84548,59.4,10,CROCHET BEAR RED/BLUE  KEYRING,0.125,0.9987199787774711,C
79329,59.339999999999996,6,PINK FLOCK GLASS CANDLEHOLDER,0.075,0.9987249317112785,C
35001B,59.330000000000005,6,HAND OPEN SHAPE BLACK,0.075,0.9987298838104157,C
35909A,59.00000000000001,5,RABBIT EASTER DECORATION,0.0625,0.9987348083654316,C
17129C,58.83,10,SKY BLUE COLOUR GLASS GEMS IN BAG,0.125,0.9987397187310516,C
72369A,58.78999999999999,9,PINK CLEAR GLASS CANDLE PLATE,0.1125,0.9987446257579903,C
84925C,58.65,7,FAIRY CAKES  WALL THERMOMETER,0.0875,0.9987495210995442,C
85023C,58.65,8,PINK LARGE JEWELED PHOTOFRAME,0.1,0.9987544164410982,C
81985A,58.64999999999999,7,"ICON ALARM CLOCK,FUSCHIA  PIN UP",0.0875,0.9987593117826521,C
23129,58.10000000000001,2,HEART SHAPED HOLLY WREATH,0.025,0.9987641612173372,C
35816B,58.07,3,"ACRYLIC JEWEL ANGEL,BLUE",0.0375,0.9987690081480113,C
84228,57.91,22,HEN HOUSE W CHICK STANDING,0.275,0.99877384172396,C
23031,57.75,1,DRAWER KNOB CRACKLE GLAZE PINK,0.0125,0.9987786619451832,C
90118,57.65,12,PINK DAISY BAG CHARM,0.15,0.9987834738197029,C
72753C,57.28,3,S/3 FLWR FAIRY ROSE CANDLES,0.0375,0.99878825481142,C
79534,57.2,13,MULTICOLOUR GLASS PLATE,0.1625,0.9987930291257743,C
35821B,57.0,3,"JEWELLED DECORATION,BLUE",0.0375,0.9987977867467218,C
84415A,56.25,4,PINK FLOCK SUEDE CUSHION COVER ,0.05,0.9988024817673937,C
90181A,56.04,5,AMBER GLASS/SHELL/PEARL NECKLACE,0.0625,0.9988071592599884,C
90174,56.0,14,BUTTERFLY HAIR BAND,0.175,0.9988118334139018,C
20800,55.959999999999994,4,LARGE GLASS SUNDAE DISH CLEAR,0.05,0.9988165042291338,C
90131,55.72,4,PINK/AMETHYST/GOLD NECKLACE,0.05,0.9988211550122778,C
46115B,55.480000000000004,16,GREEN POP ART MAO CUSHION COVER ,0.2,0.9988257857633334,C
90059E,55.349999999999994,19,DIAMANTE HAIR GRIP PACK/2 RUBY,0.2375,0.9988304056636744,C
90214H,55.31,24,"LETTER ""H"" BLING KEY RING",0.3,0.9988350222253343,C
84251B,55.27,21,"GREETING CARD, STICKY GORDON",0.2625,0.9988396354483127,C
22657,55.24999999999999,7,HEN & 2 CHICKS IN BASKET,0.0875,0.9988442470019504,C
90075,55.14,6,MONTANA DIAMOND CLUSTER NECKLACE,0.075,0.9988488493742145,C
85080,54.93,10,PADDED RED HEART DECORATION,0.125,0.9988534342184012,C
81952V,54.82,15,ROUND PURPLE CLOCK W/SUCKER,0.1875,0.9988580098812143,C
35607B,53.94,12,BLACK FEATHER CHRISTMAS DECORATION,0.15,0.9988625120930373,C
90187B,53.93,10,GREEN DROP EARRINGS W BEAD CLUSTER,0.125,0.9988670134701899,C
23033,53.64999999999999,1,DRAWER KNOB CERAMIC RED,0.0125,0.9988714914765731,C
35817B,53.58,1,"ACRYLIC JEWEL SNOWFLAKE,BLUE",0.0125,0.9988759636402638,C
84660b,53.34,5,BLACK STITCHED WALL CLOCK,0.0625,0.9988804157718661,C
90101,53.29,16,WHITE FRANGIPANI NECKLACE,0.2,0.9988848637301169,C
90171,53.2,10,DAISY RING,0.125,0.9988893041763345,C
72798C,53.11,14,SET/4 GARDEN ROSE DINNER CANDLE,0.175,0.9988937371105191,C
90202A,52.9,13,PURPLE ENAMEL FLOWER HAIR TIE,0.1625,0.9988981525166266,C
84447,52.87,7,6 RABBIT CHAIN EASTER,0.0875,0.9989025654187229,C
90039B,52.84,7,FIRE POLISHED GLASS BRACELET MONTAN,0.0875,0.9989069758168083,C
84875A,52.5,9,PINK SQUARE COMPACT MIRROR,0.1125,0.9989113578361021,C
90027D,52.120000000000005,7,GLASS BEAD HOOP EARRINGS AMETHYST,0.0875,0.9989157081379229,C
23139,52.029999999999994,6,SINGLE WIRE HOOK PINK HEART,0.075,0.9989200509277105,C
84462,51.26,10,3 PINK HEN+CHICKS IN BASKET,0.125,0.9989243294478819,C
84845C,51.25,11,CARNATION SQUARE HANDY TIN,0.1375,0.998928607133383,C
20620,51.06,6,RED SPOTTY PASSPORT COVER,0.075,0.9989328689601477,C
84612B,51.0,4,SET/4 BLACK  BAROQUE FLOCK COASTER,0.05,0.9989371257788902,C
90020,51.0,2,FILIGREE DIAMANTE CHAIN,0.025,0.9989413825976327,C
84582,51.0,5,PINK CROCHET CAT WITH SCARF,0.0625,0.9989456394163753,C
84617,51.0,3, NEW BAROQUE BLACK BOXES,0.0375,0.9989498962351178,C
84968f,50.98,2,SET OF 16 VINTAGE SKY BLUE CUTLERY,0.025,0.9989541513845197,C
84968b,50.98,2,S/16 VINTAGE IVORY CUTLERY,0.025,0.9989584065339215,C
90024F,50.97,4,NEW BAROQUE B'FLY NECKLACE CRYSTAL,0.05,0.9989626608486532,C
85069,50.849999999999994,1,CREAM SWEETHEART DOUBLE SHELF,0.0125,0.9989669051473405,C
85035b,50.82000000000001,5,CHOCOLATE 3 WICK MORRIS BOX CANDLE,0.0625,0.9989711469420169,C
85124a,50.599999999999994,8,PINK JUICY FRUIT PHOTO FRAME,0.1,0.9989753703739458,C
84340,50.46,3,LARGE FIBRE OPTIC CHRISTMAS TREE,0.0375,0.9989795821204899,C
72083A,50.400000000000006,5,STRAWBERY SWIRL FLARE CANDLE,0.0625,0.998983788859012,C
90034,50.26,4,WHITE SILVER NECKLACE SHELL GLASS,0.05,0.9989879839121492,C
90125B,50.24,8,AQUA BERTIE GLASS BEAD BAG CHARM,0.1,0.9989921772959458,C
90141B,50.2,7,IVORY PENDANT TRIPLE SHELL NECKLACE,0.0875,0.9989963673410609,C
23071,50.0,3,MARIE ANTOIENETT TRINKET BOX GOLD,0.0375,0.9990005406927693,C
72129,49.760000000000005,15,COLUMBIAN CANDLE ROUND ,0.1875,0.9990046940123894,C
90046,49.5,5,WHITE WITH METAL BAG CHARM,0.0625,0.9990088256305807,C
23270,49.3,3,SET OF 2 CERAMIC PAINTED HEARTS ,0.0375,0.9990129405553653,C
90050,49.19,4,CRACKED GLAZE NECKLACE IVORY,0.05,0.9990170462987759,C
90002E,49.019999999999996,8,FLOWER BURST SILVER RING GREEN,0.1,0.9990211378527907,C
75172,48.96,7,PAINTED SEA SHELL METAL WINDCHIME,0.0875,0.9990252243987836,C
35644,48.75,6,PAIR PINK/BLACK COATHANGERS,0.075,0.9990292934166993,C
85023A,48.449999999999996,6,CRYSTAL LARGE JEWELLED PHOTO FRAME,0.075,0.9990333373945046,C
90037C,48.37,9,TINY CRYSTAL BRACELET BLUE,0.1125,0.9990373746949472,C
72783,48.300000000000004,4,BLACK SIL'T SQU CANDLE PLATE ,0.05,0.9990414061526975,C
16254,47.93,11,TRANSPARENT ACRYLIC TAPE DISPENSER,0.1375,0.9990454067276452,C
20953,47.849999999999994,6,PORCELAIN CHERUB BELL LARGE,0.075,0.9990494006252301,C
47503F,47.849999999999994,4,ASS FLORAL PRINT TORCH,0.05,0.9990533945228149,C
47420,47.690000000000005,18,ASSORTED COLOUR SUCTION CUP HOOK,0.225,0.9990573750656744,C
90060D,47.6,6,FIRE POLISHED GLASS NECKL BRONZE,0.075,0.9990613480965007,C
84679,47.6,2,CLASSICAL ROSE TABLE LAMP,0.025,0.999065321127327,C
90214T,47.519999999999996,17,"LETTER ""T"" BLING KEY RING",0.2125,0.9990692874807906,C
85081,47.43,10,PADDED HOLLY CHRISTMAS DECORATION ,0.125,0.9990732463222212,C
35910B,47.42,5,PINK FLOWERS RABBIT EASTER,0.0625,0.9990772043289814,C
90130C,47.35,12,GREEN STONE/CRYSTAL EARRINGS,0.15,0.9990811564930492,C
84803B,47.32,8,WHITE ALLIUM  ARTIFICIAL FLOWER,0.1,0.999085106153106,C
20895,47.20000000000001,4,VINTAGE NOTEBOOK FRENCH LETTER ,0.05,0.9990890457971187,C
21267,47.199999999999996,2,VINTAGE PINK TINSEL REEL ,0.025,0.9990929854411312,C
90067A,47.14,9,PINK VINTAGE VICTORIAN EARRINGS,0.1125,0.9990969200771219,C
84227,47.04,8,HEN HOUSE W CHICK IN NEST,0.1,0.9991008463664091,C
90001C,46.69,9,ANTIQUE OPAL WHITE FLOWER EARRINGS,0.1125,0.9991047434422343,C
84537B,46.62,9,FAIRY CAKES GIFT BAG,0.1125,0.9991086346753671,C
16050,46.45,7,TEATIME PENCIL WITH RUBBER,0.0875,0.9991125117191042,C
90074,46.39,4,BLACK DIAMOND CLUSTER NECKLACE,0.05,0.9991163837548193,C
84845D,46.25,7,GERANIUM SQUARE HANDY TIN,0.0875,0.9991202441051494,C
20660,46.25,10,VIP LUGGAGE TAG ,0.125,0.9991241044554797,C
47344B,46.2,9,BLUE FLOWER DES PURSE,0.1125,0.9991279606324582,C
10138,46.12,8,ASSORTED COLOUR JUMBO PEN,0.1,0.9991318101320739,C
85132c,46.099999999999994,4,CHARLIE AND LOLA FIGURES TINS,0.05,0.999135657962349,C
84626,45.95,1,CANDY STRIPE ROSE QUILT,0.0125,0.9991394932725689,C
18097A,45.9,9,PINK TALL PORCELAIN T-LIGHT HOLDER ,0.1125,0.9991433244094372,C
90033,45.81,13,IVORY SHELL HEART EARRINGS,0.1625,0.9991471480342725,C
35809a,45.75,10,ENAMEL PINK TEA CONTAINER,0.125,0.9991509666510856,C
23157,45.61,3,SET OF 6 NATIVITY MAGNETS ,0.0375,0.9991547735825139,C
47504J,45.55,2,ENGLISH ROSE SET/3 GARDEN TOOLS,0.025,0.9991585755059204,C
90176A,45.26,5,CLASSIC DIAMANTE NECKLACE JET,0.0625,0.9991623532238867,C
84660a,45.239999999999995,4,WHITE STITCHED WALL CLOCK,0.05,0.9991661292725125,C
37477B,45.0,6,"FLOWER FAIRY MUG+COASTER,LAVENDER",0.075,0.99916988528905,C
90212C,45.0,5,PURPLE LAS VEGAS BRACELET ROUND,0.0625,0.9991736413055875,C
35233,45.0,8,PASTA ENAMEL/BRASS CONTAINER,0.1,0.9991773973221251,C
23124,45.0,1,18PC WOODEN CUTLERY SET DISPOSABLE,0.0125,0.9991811533386626,C
23034,44.949999999999996,1,DRAWER KNOB CERAMIC BLACK,0.0125,0.9991849051818483,C
90206A,44.86,6,GOLD DIAMANTE STAR BROOCH,0.075,0.999188649513001,C
20988,44.85,6,TRELLIS FLOWER CHOPSTICKS SET/5,0.075,0.9991923930094835,C
90135,44.75,3,ORANGE/WHT/FUSCHIA STONES NECKLACE,0.0375,0.9991961281592624,C
90154,44.75,4,LAZER CUT NECKLACE W PASTEL BEADS,0.05,0.9991998633090414,C
37462E,44.68,18,"PET MUG, GOLDFISH",0.225,0.999203592616128,C
47504F,44.61,2,ENGLISH ROSE TORCH,0.025,0.9992073160805222,C
90197D,44.550000000000004,4,AMBER GLASS BRACELET HEART CHARMS,0.05,0.9992110345368944,C
84551,44.55,7,CROCHET DOG KEYRING,0.0875,0.9992147529932666,C
35909B,44.25000000000001,5,PINK FLOWERS RABBIT EASTER,0.0625,0.9992184464095285,C
21543,44.2,3,BUTTERFLY WATER TRANSFER TATTOOS ,0.0375,0.9992221356524387,C
90088,44.199999999999996,9,CRYSTAL KEY+LOCK PHONE CHARM,0.1125,0.9992258248953487,C
35815B,43.940000000000005,2,"ACRYLIC JEWEL SNOWFLAKE,BLUE",0.025,0.99922949243683,C
37352,43.75,6,BIRD IN TREE MUG ,0.075,0.9992331441195749,C
84559b,43.61,14,3D SHEET OF CAT STICKERS,0.175,0.9992367841169348,C
90059F,43.57,15,DIAMANTE HAIR GRIP PACK/2 LT ROSE,0.1875,0.9992404207756135,C
35822P,43.32,1,"ACRYLIC BEAD CHAIN, PINK",0.0125,0.9992440365675337,C
35085E,43.0,7,IVORY ROSE LAMPSHADE ,0.0875,0.9992476256500029,C
90035C,43.0,3,"PEARL & SHELL 42""NECKL. IVORY",0.0375,0.999251214732472,C
84899E,42.68,11,YELLOW + BROWN BEAR FELT PURSE KIT,0.1375,0.9992547771054903,C
90026C,42.5,4,GLASS BEAD HOOP NECKLACE GREEN,0.05,0.9992583244544424,C
90024A,42.5,4,NEW BAROQUE B'FLY NECKLACE BLACK,0.05,0.9992618718033945,C
23292,42.46,1,SPACE BOY CHILDRENS CUP,0.0125,0.9992654158136653,C
90001D,42.45,7,ANTIQUE OLIVE GREEN FLOWER EARRINGS,0.0875,0.9992689589892657,C
90001A,42.45,9,ANTIQUE RASPBERRY FLOWER EARRINGS,0.1125,0.9992725021648661,C
23291,42.42,1,DOLLY GIRL CHILDRENS CUP,0.0125,0.9992760428364554,C
37489A,42.27,14,YELLOW/PINK FLOWER DESIGN BIG MUG,0.175,0.9992795709879896,C
90125E,42.089999999999996,11,AMBER BERTIE GLASS BEAD BAG CHARM,0.1375,0.9992830841154577,C
72771C,42.08,1,BLACK FLOCK GOLD CANDLE,0.0125,0.9992865964082555,C
20860,42.0,9,GOLD COSMETICS BAG WITH BUTTERFLY,0.1125,0.9992901020236905,C
37491A,41.79,10,YELLOW/PINK CERAMIC CANDLE HOLDER,0.125,0.9992935901110483,C
90030A,41.760000000000005,3,SPOTTED WHITE NATURAL SEED NECKLACE,0.0375,0.9992970756943951,C
90152C,41.650000000000006,4,BLUE/NAT SHELL NECKLACE W PENDANT,0.05,0.9993005520963683,C
90060B,41.65,4,FIRE POLISHED GLASS NECKL GOLD,0.05,0.9993040284983413,C
84611B,41.65,4,BLACK NEW BAROQUE FLOCK BOX,0.05,0.9993075049003144,C
90179A,41.64,5,AMBER FINE BEAD NECKLACE W TASSEL,0.0625,0.9993109804676172,C
23143,41.59,1,ZINC WIRE KITCHEN ORGANISER,0.0125,0.9993144518615682,C
90183B,41.39,12,AMETHYST DROP EARRINGS W LONG BEADS,0.15,0.9993179065621124,C
84086B,41.300000000000004,8,YELLOW/BLUE RETRO RADIO,0.1,0.9993213537506236,C
90162A,41.300000000000004,5,ANT SILVER TURQUOISE BOUDICCA RING,0.0625,0.9993248009391348,C
85184B,41.300000000000004,6,SET 4 EASTER DECOUPAGE OVAL BOXES,0.075,0.999328248127646,C
23348,41.3,4,CHILDRENS TOY COOKING UTENSIL SET,0.05,0.9993316953161572,C
72796B,41.25,8,S/3 FRENCH VANILLA SQU CANDLE,0.1,0.9993351383313165,C
21119,41.01,3,Glow In The Dark Shot Glasses ,0.0375,0.9993385613143877,C
84798C,40.8,3,WHITE FOXGLOVE ARTIIFCIAL FLOWER,0.0375,0.9993419667693818,C
90214I,40.61,17,"LETTER ""I"" BLING KEY RING",0.2125,0.9993453563656393,C
90012B,40.55,3,BLACK DROP CRYSTAL NECKLACE,0.0375,0.9993487409538748,C
90136,40.47,3,PALE PINK/AMETHYST STONE NECKLACE,0.0375,0.9993521188647476,C
90012A,40.36,4,MIDNIGHT BLUE DROP CRYSTAL NECKLACE,0.05,0.9993554875942466,C
17136A,40.26,20,BLUE STONES ON WIRE FOR CANDLE,0.25,0.9993588479770421,C
23216,39.96,2,LAUREL HEART ANTIQUE GOLD,0.025,0.9993621833197276,C
47013A,39.87,20,WINE BOTTLE DRESSING LT.BLUE,0.25,0.9993655111503797,C
23122,39.839999999999996,1,PARTY CHARMS 50 PIECES,0.0125,0.9993688364770209,C
90135A,39.77,3,ORANGE/FUSCHIA STONES NECKLACE,0.0375,0.9993721559609697,C
84608,39.75,3,ORNATE EDWARDIAN CANDLE HOLDER,0.0375,0.9993754737755779,C
90142D,39.74,4,MOP PENDANT SHELL NECKLACE,0.05,0.9993787907555157,C
35963,39.52,10,FOLKART ZINC CLIP ON ANGEL WINGS,0.125,0.999382089372706,C
84596f,39.51,9,SMALL MARSHMALLOWS PINK BOWL,0.1125,0.999385387155226,C
23268,39.15,2,SET OF 2 CERAMIC CHRISTMAS REINDEER,0.025,0.9993886548896136,C
82545A,38.75,9,COGNAC AUX OEUFS METAL 1 HOOK,0.1125,0.9993918892371876,C
47567b,38.72,2,TEA TIME KITCHEN APRON,0.025,0.9993951210807506,C
90168,38.56,9,2 DAISIES HAIR COMB,0.1125,0.9993983395695881,C
90188,38.36,10,DROP EARRINGS W FLOWER & LEAF,0.125,0.9994015413650188,C
84586L,38.35,4,"PINK ROSES/GINGHAM PATCH RABBIT 8""",0.05,0.999404742325779,C
47013C,38.349999999999994,21,WINE BOTTLE DRESSING DARK BLUE,0.2625,0.9994079432865394,C
90121B,38.25,4,VINTAGE ROSE BEAD BRACELET BLUE,0.05,0.9994111359005963,C
84746,37.5,7,PINK EASTER HENS+FLOWER,0.0875,0.9994142659143775,C
90181C,37.38,4,BLACK GLASS/SHELL/PEARL NECKLACE,0.05,0.9994173859121147,C
23045,37.35,3,PAPER LANTERN 5 POINT STAR MOON 30,0.0375,0.9994205034058409,C
23151,37.330000000000005,4,ZINC SWEETHEART SOAP DISH,0.05,0.9994236192302264,C
84705F,37.2,4,RED PEONY PHOTO FRAME ,0.05,0.9994267242038973,C
72715,36.96,11,SPHERICAL IVORY CANDLE ,0.1375,0.9994298091454802,C
84226,36.55,14,HEN HOUSE W FAMILY IN BARN & NEST,0.175,0.9994328598655791,C
23269,36.25,2,SET OF 2 CERAMIC CHRISTMAS TREES,0.025,0.9994358855455676,C
85151,36.25,2,WELCOME METAL SIGN,0.025,0.9994389112255562,C
90037D,35.87,7,TINY CRYSTALS BRACELET BLACK,0.0875,0.9994419051880717,C
90132,35.74,6,LIGHT TOPAZ TEAL/AQUA COL NECKLACE,0.075,0.9994448882998729,C
71406C,35.72,14,BLACK ORANGE SQUEEZER,0.175,0.9994478697423334,C
90179B,35.7,4,PURPLE FINE BEAD NECKLACE W TASSEL,0.05,0.9994508495154532,C
72024U,35.7,7,LILAC VOTIVE CANDLE,0.0875,0.9994538292885728,C
90054,35.64,10,CRACKED GLAZE EARRINGS RED,0.125,0.9994568040536705,C
90037B,35.61,6,TINY CRYSTAL BRACELET GREEN,0.075,0.9994597763147572,C
90205A,35.57,12,LARGE MINT DIAMANTE HAIRSLIDE,0.15,0.9994627452371626,C
90052,35.44,3,CRACKED GLAZE NECKLACE BROWN,0.0375,0.9994657033088534,C
90011A,35.4,12,MIDNIGHT BLUE CRYSTAL DROP EARRINGS,0.15,0.999468658041863,C
90027B,35.38,8,GLASS BEAD HOOP EARRINGS MONTANA,0.1,0.999471611105532,C
90027C,35.37,10,GLASS BEAD HOOP EARRINGS GREEN,0.125,0.9994745633345303,C
90152B,35.26,4,BLUE/GREEN SHELL NECKLACE W PENDANT,0.05,0.999477506382155,C
84510e,35.089999999999996,6,SET OF 4 GREEN CAROUSEL COASTERS,0.075,0.999480435240384,C
16161G,35.0,14,WRAP BAD HAIR DAY,0.175,0.9994833565865798,C
16161C,35.0,1,WRAP SPEED DEMONS ,0.0125,0.9994862779327757,C
23213,34.96,2,STAR WREATH DECORATION WITH BELL,0.025,0.9994891959402903,C
84868B,34.75,3,BLUE BABY BOY'S MEMORY BOX,0.0375,0.9994920964197276,C
90081B,34.650000000000006,3,LILY BROOCH WHITE/SILVER COLOUR,0.0375,0.9994949885524615,C
21596,34.04,4,Hypochondriac Pill Stress Ball,0.05,0.9994978297703044,C
44265,34.0,4,M/COLOUR POM-POM CURTAIN,0.05,0.9995006676494662,C
90001B,33.97,6,ANTIQUE MID BLUE FLOWER EARRINGS,0.075,0.9995035030246169,C
21120,33.96,1,*Boombox Ipod Classic,0.0125,0.9995063375650973,C
46775B,33.9,1,BERRIES CHUNKY KNITTED THROW ,0.0125,0.9995091670975556,C
85035a,33.88,3,GARDENIA 3 WICK MORRIS BOXED CANDLE,0.0375,0.9995119949606732,C
90039A,33.879999999999995,4,FIRE POLISHED GLASS BRACELET RED,0.05,0.9995148228237909,C
90066A,33.75,2,PINK VINTAGE VICTORIAN CHOKER,0.025,0.999517639836194,C
37112,33.75,3,YELLOW BIRDS FELT DES FOODCOVER,0.0375,0.9995204568485972,C
79406,33.65,14,FROSTED WHITE BASE ,0.175,0.9995232655142969,C
15030,33.64,15,FAN BLACK FRAME ,0.1875,0.9995260733453264,C
35603C,33.6,15,SET/16 WHITE SHINY & MATT BAUBLES,0.1875,0.9995288778376744,C
84745B,33.6,16,BLUE HANGING GINGHAM EASTER HEN,0.2,0.9995316823300224,C
23185,33.36,3,FRENCH STYLE STORAGE JAR JAM,0.0375,0.9995344667902821,C
37348,33.15,5,SET OF 4 PASTEL STACKING MUGS,0.0625,0.9995372337224648,C
35815P,32.94,4,"ACRYLIC JEWEL SNOWFLAKE, PINK",0.05,0.9995399831265702,C
84596b,32.629999999999995,5,SMALL DOLLY MIX DESIGN ORANGE BOWL,0.0625,0.9995427066558952,C
82613b,32.58,9,"METAL SIGN,CUPCAKE SINGLE HOOK",0.1125,0.9995454260118684,C
90011B,32.56,9,BLACK CRYSTAL DROP EARRINGS,0.1125,0.999548143698501,C
90130D,32.510000000000005,6,RED STONE/CRYSTAL EARRINGS,0.075,0.9995508572117817,C
90214F,32.14,17,"LETTER ""F"" BLING KEY RING",0.2125,0.9995535398422599,C
90141C,31.939999999999998,6,TURQ PENDANT TRIPLE SHELL NECKLACE,0.075,0.9995562057793311,C
90059C,31.88,13,DIAMANTE HAIR GRIP PACK/2 MONTANA,0.1625,0.9995588667083805,C
20905,31.75,2,VINTAGE KEEPSAKE BOX BEAUTY GIRL,0.025,0.9995615167867152,C
20994,31.45,3,JAZZ HEARTS SPIRAL NOTEPAD,0.0375,0.9995641418249398,C
90092,31.41,7,BLUE CRYSTAL BOOT PHONE CHARM,0.0875,0.999566763524483,C
90128A,31.299999999999997,6,PINK LEAVES AND BEADS PHONE CHARM,0.075,0.9995693760426525,C
18096c,30.799999999999997,2,WHITE ROUND PORCELAIN TLIGHT HOLDER,0.025,0.9995719468273049,C
44228,30.599999999999998,2,CANNABIS LEAF BEAD CURTAIN,0.025,0.9995745009185504,C
21919,30.47,4,Electronic Talking Breath-A-Loser,0.05,0.9995770441590816,C
90176D,30.31,3,DIAMANTE NECKLACE PURPLE,0.0375,0.9995795740448872,C
84993a,30.259999999999998,18,75 GREEN PETIT FOUR CASES,0.225,0.999582099757341,C
47341B,30.0,5,BLUE TABLE RUN FLOWER,0.0625,0.9995846037683661,C
47563B,30.0,6,WAVELINE SURF IRONING BOARD COVER,0.075,0.9995871077793911,C
84876C,30.0,3,SILVER HEART COMPACT MIRROR,0.0375,0.9995896117904162,C
84985a,29.8,7,SET OF 72 GREEN PAPER DOILIES,0.0875,0.9995920991080344,C
90043,29.700000000000003,4,COPPER AND BRASS BAG CHARM,0.05,0.9995945780789491,C
81952B,29.560000000000002,7,ROUND BLUE CLOCK W/SUCKER,0.0875,0.9995970453644791,C
47591b,29.47,2,SCOTTIES CHILDRENS APRON,0.025,0.9995995051379761,C
90202B,29.46,8,WHITE ENAMEL FLOWER HAIR TIE,0.1,0.9996019640768027,C
90152A,28.990000000000002,5,SILVER/NAT SHELL NECKLACE W PENDANT,0.0625,0.9996043837861233,C
35931,28.88,10,PINK STAR CHRISTMAS DECORATION,0.125,0.9996067943140701,C
84926B,28.75,6,SCOTTS ROSES TILE COASTER,0.075,0.9996091939913024,C
84745A,28.56,14,PINK HANGING GINGHAM EASTER HEN,0.175,0.9996115778097983,C
21097,28.049999999999997,6,SET/6 GREEN SPRING  PAPER PLATE,0.075,0.9996139190601067,C
90042B,28.049999999999997,4,FRESHWATER PEARL BRACELET PINK,0.05,0.9996162603104152,C
20964,28.049999999999997,3,POLYESTER FILLER PAD 60x40cm,0.0375,0.9996186015607236,C
16054,27.96,9,POPART RECT PENCIL SHARPENER ASST,0.1125,0.999620935298999,C
82613c,27.56,9,"METAL SIGN,CUPCAKE SINGLE HOOK",0.1125,0.9996232356504607,C
84867b,27.14,1,BLUE BABY BOY'S PHOTO ALBUM,0.0125,0.9996255009457681,C
90214O,27.13,14,"LETTER ""O"" BLING KEY RING",0.175,0.9996277654064051,C
90187A,27.04,7,BLUE DROP EARRINGS W BEAD CLUSTER,0.0875,0.9996300223550089,C
90027A,26.580000000000002,5,GLASS BEAD HOOP EARRINGS BLACK,0.0625,0.9996322409087771,C
90011C,26.580000000000002,4,GREEN CRYSTAL DROP EARRINGS,0.05,0.9996344594625453,C
79063C,26.55,4,"RETRO PILL BOX KEY CHAIN,THE KING",0.05,0.9996366755123025,C
22351,26.519999999999996,2,DOTCOMGIFTSHOP TEA TOWEL,0.025,0.9996388890580485,C
23274,26.4,2,STAR T-LIGHT HOLDER WILLIE WINKIE,0.025,0.9996410925877506,C
90083,26.169999999999998,6,CRYSTAL CZECH CROSS PHONE CHARM,0.075,0.9996432769200347,C
23186,25.86,2,FRENCH STYLE STORAGE JAR CAFE ,0.025,0.9996454353775382,C
37489B,25.74,11,BLUE/YELLOW FLOWER DESIGN BIG MUG,0.1375,0.9996475838189978,C
35933,25.520000000000003,6,PINK STOCKING CHRISTMAS DECORATION,0.075,0.9996497138977096,C
90142A,25.45,4,GREEN PENDANT SHELL NECKLACE,0.05,0.9996518381337292,C
85036b,25.410000000000004,2,CHOCOLATE 1 WICK MORRIS BOX CANDLE,0.025,0.9996539590310674,C
85035c,25.410000000000004,2,ROSE 3 WICK MORRIS BOX CANDLE,0.025,0.9996560799284055,C
84951b,25.409999999999997,3,S/4 BLACK LOVEBIRD COASTERS,0.0375,0.9996582008257437,C
47552A,25.35,8,DOTS IRONING BOARD COVER,0.1,0.9996603167150598,C
21353,25.3,2,SILVER SLEIGHBELL  WREATH,0.025,0.9996624284310244,C
21594,25.27,5,Dr. Jam's Arouzer Stress Ball,0.0625,0.9996645376429778,C
17091F,25.21,3,SANDALWOOD INCENSE IN TIN,0.0375,0.9996666418469092,C
16162M,25.2,5,THE KING GIFT BAG 25x24x12cm,0.0625,0.9996687452161701,C
47518f,25.189999999999998,6,ICON PLACEMAT POP ART ELVIS,0.075,0.9996708477507608,C
90059B,25.15,9,DIAMANTE HAIR GRIP PACK/2 BLACK DIA,0.1125,0.9996729469466701,C
72801g,25.099999999999998,3,S/4 BURGUNDY WINE DINNER CANDLES,0.0375,0.9996750419692276,C
23217,24.96,1,LAUREL HEART ANTIQUE SILVER,0.0125,0.9996771253064005,C
23344,24.93,1,JUMBO BAG 50'S CHRISTMAS ,0.0125,0.9996792061395623,C
90214V,24.7,17,"LETTER ""V"" BLING KEY RING",0.2125,0.9996812677753062,C
35596,24.65,2,WOOD XMAS TREE 9 FIG SHELVES,0.025,0.9996833252376984,C
10124A,24.36,15,SPOTS ON RED BOOKCOVER TAPE,0.1875,0.9996853584946507,C
47348A,24.18,7,FUSCHIA VOILE POINTY SHOE DEC,0.0875,0.9996873767275368,C
37494a,24.16,1,FAIRY CAKE CERAMIC BUTTER DISH,0.0125,0.9996893932910824,C
90031,23.900000000000002,4,BILI NUT AND WOOD NECKLACE,0.05,0.999691388153199,C
85184c,23.77,4,S/4 VALENTINE DECOUPAGE HEART BOX,0.05,0.9996933721646011,C
79302m,23.77,4,"ART LIGHTS,FUNK MONKEY",0.05,0.9996953561760032,C
90128D,23.75,7,PURPLE LEAVES AND BEADS PHONE CHAR,0.0875,0.9996973385180647,C
35633B,23.75,8,BLUE TINSEL GARLAND ,0.1,0.9996993208601261,C
47556b,23.64,4,TEA TIME TEA TOWELS ,0.05,0.999701294020814,C
90067B,23.620000000000005,3,BROWN VINTAGE VICTORIAN EARRINGS,0.0375,0.9997032655121609,C
85040b,23.519999999999996,3,SET/4 BLUE FLOWER CANDLES IN BOWL,0.0375,0.9997052286568044,C
37491B,23.48,6,BLUE/YELLOW CERAMIC CANDLE HOLDER,0.075,0.9997071884627667,C
37468,23.43,6,HARDMAN MUG 3 ASSORTED,0.075,0.9997091440953773,C
79066k,23.18,10,RETRO MOD TRAY,0.125,0.9997110788612292,C
84550,23.099999999999998,4,CROCHET LILAC/RED BEAR KEYRING,0.05,0.9997130069497185,C
84456,22.95,12,SET OF 3 RABBIT EGG EASTER,0.15,0.9997149225181526,C
90095,22.909999999999997,3,NECKLACE+BRACELET SET PINK BLOSSOM,0.0375,0.9997168347479054,C
90053,22.82,8,CRACKED GLAZE EARRINGS IVORY,0.1,0.9997187394656251,C
44089C,22.68,13,LILAC GAUZE BUTTERFLY LAMPSHADE,0.1625,0.99972063249796,C
90025E,22.6,6,BAROQUE BUTTERFLY EARRINGS MONTANA,0.075,0.9997225188529322,C
90025C,22.56,6,BAROQUE BUTTERFLY EARRINGS GREEN,0.075,0.999724401869223,C
37477C,22.5,1,"FLOWER FAIRY MUG+COASTER,ROSE",0.0125,0.9997262798774917,C
90189B,22.5,2,GOLD 2 STRAND NECKLACE-LEAF CHARMS,0.025,0.9997281578857605,C
35591T,22.5,5,TURQUOISE CHRISTMAS TREE ,0.0625,0.9997300358940293,C
79063D,22.220000000000002,3,"RETRO PILL BOX , REVOLUTIONARY",0.0375,0.9997318905315286,C
90084,22.099999999999998,5,PINK CRYSTAL GUITAR PHONE CHARM,0.0625,0.9997337351529836,C
84251J,21.919999999999998,9,"GREETING CARD, THE BLACK CAT",0.1125,0.9997355647503725,C
90035B,21.5,2,"PEARL & SHELL 42""NECKL. PINK",0.025,0.9997373592916071,C
35652,21.5,2,VINTAGE BEAD CHAISE LONG JEWEL BOX,0.025,0.9997391538328417,C
90141D,21.48,4,ROSE PENDANT TRIPLE SHELL NECKLACE,0.05,0.9997409467047357,C
78034B,21.45,6,BLUE NETTING STORAGE HANGER,0.075,0.9997427370726185,C
23265,21.25,2,SET OF 3 WOODEN TREE DECORATIONS,0.025,0.9997445107470946,C
79413,21.25,4,GLASS WINE GLASS DECORATIONS,0.05,0.9997462844215707,C
21387,21.25,2,IVORY HANGING DECORATION  RABBIT,0.025,0.9997480580960467,C
72724,21.25,1,SET/6 CHRISTMAS ICICLE T-LIGHTS,0.0125,0.9997498317705228,C
35603B,21.0,1,S/16 BLACK SHINY/MAT BAUBLES,0.0125,0.9997515845782403,C
18010,21.0,4,ASSORTED FRAGRANCE BATH CONFETTI,0.05,0.9997533373859577,C
90182C,20.64,6,BLACK 3 BEAD DROP EARRINGS,0.075,0.999755060145543,C
37489C,20.59,8,GREEN/BLUE FLOWER DESIGN BIG MUG,0.1,0.9997567787317765,C
90177A,20.59,7,CLASSIC DIAMANTE EARRINGS JET,0.0875,0.99975849731801,C
16044,20.580000000000002,2,POP-ART FLUORESCENT PENS,0.025,0.9997602150695732,C
44091C,20.58,13,MULTICOLOUR CRUSOE CHECK LAMPSHADE,0.1625,0.9997619328211363,C
84867A,20.52,2,PINK BABY GIRLS PHOTO ALBUM,0.025,0.9997636455646775,C
40005B,20.4,9,BLUE ORGANDY ROUND LAMPSHADE W BEA,0.1125,0.9997653482921744,C
79172D,20.4,4,PURPLE TINT ACRYLIC FLOWER VASE,0.05,0.9997670510196716,C
85232a,20.34,2,SET/3 POLKA DOT STACKING TINS,0.025,0.9997687487391465,C
23247,20.23,2,BISCUIT TIN 50'S CHRISTMAS,0.025,0.9997704372772477,C
23120,20.16,1,PACK OF 6 SMALL FRUIT STRAWS,0.0125,0.9997721199726566,C
23121,20.16,1,PACK OF 6 COCKTAIL PARASOL STRAWS,0.0125,0.9997738026680654,C
23264,20.0,2,SET OF 3 WOODEN SLEIGH DECORATIONS,0.025,0.9997754720087487,C
90082C,19.93,3,DIAMANTE BOW BROOCH WHITE COLOUR,0.0375,0.9997771355067396,C
23123,19.919999999999998,1,COCKTAIL SWORDS 50 PIECES,0.0125,0.9997787981700603,C
37489D,19.89,9,PINK/GREEN FLOWER DESIGN BIG MUG,0.1125,0.9997804583293699,C
84570B,19.8,2,WHITE SATIN DRESS JEWEL STAND,0.025,0.9997821109766465,C
37488A,19.770000000000003,5,YELLOW PINK FLOWER DESIGN BIG BOWL,0.0625,0.999783761119912,C
37487B,19.72,1,YELLOW/ORANGE FLOWER DESIGN PLATE,0.0125,0.9997854070898258,C
20680,19.5,3,PINK FLOWERS CHILDS UMBRELLA,0.0375,0.999787034696992,C
23266,18.75,2,SET OF 3 WOODEN STOCKING DECORATION,0.025,0.9997885997038827,C
47341A,18.75,4,FUSCHIA TABLE RUN FLOWER ,0.05,0.9997901647107733,C
84030B,18.75,2,KNITTED POM POM HOT WATER BOTTLE,0.025,0.999791729717664,C
85079,18.26,3,EMBROIDERED REINDEER DECORATION,0.0375,0.9997932538257078,C
90041,18.21,4,PEARL AND CHERRY QUARTZ BRACLET,0.05,0.9997947737604,C
21582,18.15,2,KINGS CHOICE SMALL TUBE MATCHES,0.025,0.9997962886870703,C
84311,18.15,1,CAMOFLAGE CUSHION COVER,0.0125,0.9997978036137404,C
84986b,17.88,5,SET OF 36 SILVER PAPER DOILIES,0.0625,0.9997992960043114,C
84614C,17.85,1,BLUE BAROQUE FLOCK CANDLE HOLDER,0.0125,0.9998007858908713,C
35638A,17.85,3,PINK AND BLACK STRING CURTAIN,0.0375,0.9998022757774311,C
90055,17.84,7,CRACKED GLAZE EARRINGS BROWN,0.0875,0.9998037648293207,C
90011E,17.81,6,AMBER CRYSTAL DROP EARRINGS,0.075,0.9998052513771992,C
72140F,17.64,7,HAPPY ANNIVERSARY CANDLE LETTERS,0.0875,0.999806723735682,C
16051,17.61,2,TEATIME PENCIL W STAMP ASST,0.025,0.9998081935901536,C
72801e,17.57,4,S/4 FESTIVE GREEN DINNER CANDLES,0.05,0.999809660105944,C
85225,17.5,9,BLING KEY RING STAND,0.1125,0.9998111207790419,C
37482p,17.35,1,CUBIC MUG PINK POLKA DOT,0.0125,0.9998125689320847,C
37482b,17.35,1,CUBIC MUG BLUE POLKA DOT,0.0125,0.9998140170851274,C
23234,17.34,1,BISCUIT TIN VINTAGE CHRISTMAS,0.0125,0.9998154644034999,C
23225,17.28,1,CHERUB HEART DECORATION SILVER ,0.0125,0.9998169067138503,C
16201B,17.150000000000002,1,PASTEL BLUE PHOTO ALBUM,0.0125,0.9998183381734862,C
84993b,16.99,6,75 BLACK PETIT FOUR CASES,0.075,0.9998197562783968,C
72803b,16.94,1,OCEAN SCENT CANDLE JEWELLED DRAWER,0.0125,0.9998211702099555,C
15060b,16.94,2,FAIRY CAKE DESIGN UMBRELLA,0.025,0.9998225841415143,C
72802a,16.94,2,ROSE SCENT CANDLE IN JEWELLED BOX,0.025,0.999823998073073,C
20954,16.94,1,*USB Office Mirror Ball,0.0125,0.9998254120046317,C
47591c,16.84,3,BLUE FAIRY CAKE CHILD'S APRON,0.0375,0.9998268175894871,C
72785A,16.8,4,S/4 CONTEMPORY PINK ROSEBUD CANDLES,0.05,0.9998282198356612,C
21511,16.8,2,VINTAGE COLLAGE  GREETING  CARD ,0.025,0.9998296220818352,C
72807a,16.759999999999998,2,SET/3 ROSE CANDLE IN JEWELLED BOX,0.025,0.9998310209893279,C
84450A,16.62,3,PINK RABBIT SITTING EASTER,0.0375,0.9998324082114357,C
23337,16.61,1,EGG FRYING PAN MINT ,0.0125,0.9998337945988731,C
85034a,16.58,2,3 GARDENIA MORRIS BOXED CANDLES,0.025,0.9998351784822996,C
23273,16.5,2,HEART T-LIGHT HOLDER WILLIE WINKIE,0.025,0.9998365556883634,C
23221,16.299999999999997,1,REINDEER HEART DECORATION SILVER,0.0125,0.9998379162010205,C
85160b,16.13,1,BLACK BIRD GARDEN DESIGN MUG,0.0125,0.9998392625242816,C
90102,16.11,4,WHITE FRANGIPANI HAIR CLIP,0.05,0.999840607178202,C
84630,15.9,1,FLOWERS AND BIRDS WALL PLAQUE,0.0125,0.9998419343040453,C
84912a,15.56,1,PINK ROSE WASHBAG,0.0125,0.999843233051097,C
90214Z,15.54,12,"LETTER ""Z"" BLING KEY RING",0.15,0.9998445301288078,C
90141E,15.41,2,ORANGE PENDANT TRIPLE SHELL NECKLAC,0.025,0.9998458163558044,C
10002R,15.399999999999999,2,ROBOT PENCIL SHARPNER,0.025,0.9998471017481306,C
37481,15.299999999999999,1,CUBIC MUG TEATIME CAKES,0.0125,0.9998483787937534,C
18097B,15.299999999999999,2,BLUE TALL PORCELAIN T-LIGHT HOLDER,0.025,0.9998496558393762,C
90025F,15.27,4,BAROQUE BUTTERFLY EARRINGS CRYSTAL,0.05,0.9998509303809879,C
84509e,15.24,1,SET OF 4 CAROUSEL PLACEMATS ,0.0125,0.9998522024185886,C
90126C,15.239999999999998,3,AMBER BERTIE MOBILE PHONE CHARM,0.0375,0.9998534744561894,C
85124c,15.18,2,GREEN JUICY FRUIT PHOTO FRAME,0.025,0.999854741485768,C
90126A,15.17,3,PINK BERTIE MOBILE PHONE CHARM,0.0375,0.9998560076806764,C
90176B,15.14,2,DIAMANTE NECKLACE BLACK ,0.025,0.9998572713715737,C
62074B,15.120000000000001,10,ELEPHANT CLIP W SUCTION CUP,0.125,0.9998585333931302,C
90068,15.0,2,"RUBY GLASS NECKLACE 42""",0.025,0.9998597853986427,C
23125,15.0,1,6PC WOOD PLATE SET DISPOSABLE,0.0125,0.9998610374041552,C
90127A,15.0,1,PINK BEADS+HAND PHONE CHARM,0.0125,0.9998622894096677,C
90025D,14.96,4,BAROQUE BUTTERFLY EARRINGS PINK,0.05,0.999863538076499,C
21475,14.95,1,SWEETHEART CREAM STEEL FOLDIN CHAIR,0.0125,0.9998647859086597,C
84509g,14.92,1,SET OF 4 FAIRY CAKE PLACEMATS ,0.0125,0.9998660312368095,C
84509b,14.92,1,SET OF 4 FAIRY CAKE PLACEMATS,0.0125,0.9998672765649592,C
84567,14.85,1,FROSTED GLASS WITH SILVER SURROUND,0.0125,0.9998685160504166,C
90076,14.8,5,MONTANA DIAMOND CLUSTER EARRINGS,0.0625,0.9998697513625223,C
90183C,14.79,5,BLACK DROP EARRINGS W LONG BEADS,0.0625,0.9998709858399576,C
23343,14.56,1,JUMBO BAG VINTAGE CHRISTMAS ,0.0125,0.9998722011199751,C
23338,14.56,2,EGG FRYING PAN RED ,0.025,0.9998734163999926,C
23335,14.56,1,EGG FRYING PAN IVORY ,0.0125,0.9998746316800101,C
90077,14.459999999999999,4,BLACK DIAMOND CLUSTER EARRINGS,0.05,0.9998758386133243,C
21493,14.45,3, VINTAGE DESIGN GIFT TAGS,0.0375,0.9998770447119679,C
23187,14.22,2,FRENCH STYLE STORAGE JAR BONBONS,0.025,0.9998782316131939,C
84868A,13.9,1,PINK BABY GIRL'S MEMORY BOX,0.0125,0.9998793918049689,C
84406b,13.82,1,CREAM CUPID HEARTS COAT HANGER,0.0125,0.9998805453193811,C
16245A,13.75,6,PINK MINI STATIONERY SET W CASE,0.075,0.9998816929911009,C
35597A,13.75,3,DUSTY PINK CHRISTMAS TREE 30CM,0.0375,0.9998828406628206,C
35932,13.680000000000001,8,PINK CHRISTMAS TREE DECORATION,0.1,0.9998839824918481,C
35936,13.68,8,CERISE+GOLD CHRISTMAS TREE DEC,0.1,0.9998851243208754,C
81950V,13.6,6,FLOWER PURPLE CLOCK W/SUCKER,0.075,0.9998862594725401,C
84867a,13.57,1,PINK BABY GIRLS PHOTO ALBUM,0.0125,0.9998873921201937,C
79342b,13.57,1,BROWN FLOWER LIGHTS,0.0125,0.9998885247678474,C
72805,13.52,2,VANILLA CANDLE IN EMBOSSED ZINC POT,0.025,0.9998896532421493,C
85039b,13.44,1,S/4 IVORY MINI ROSE CANDLE IN BOWL,0.0125,0.9998907750390885,C
62097B,13.37,4,BLUE STRIPES SHOULDER BAG,0.05,0.9998918909933352,C
23271,13.28,1,CHRISTMAS TABLE CANDLE SILVER SPIKE,0.0125,0.9998929994355489,C
10124G,13.02,8,ARMY CAMO BOOKCOVER TAPE,0.1,0.9998940861763338,C
85159b,13.0,1,"WHITE TEA,COFFEE,SUGAR JARS",0.0125,0.9998951712477779,C
16192,12.899999999999999,1,PINK BALLET OPENING CUBE BOX ,0.0125,0.9998962479725187,C
21560,12.89,1,TOADSTOOL  LUNCHBOX WITH CUTLERY,0.0125,0.9998973238625892,C
84989b,12.8,4,75 BLACK FAIRY CAKE CASES,0.05,0.9998983922406266,C
21772,12.75,1,VINTAGE METAL CAKE STAND CREAM ,0.0125,0.9998994564453122,C
44092C,12.75,6,PURPLE/COPPER HANGING LAMPSHADE,0.075,0.9999005206499979,C
85115B,12.75,1,S/4 BLACK DISCO PARTITION PANEL,0.0125,0.9999015848546835,C
35004p,12.72,1,SET OF 3 PINK FLYING DUCKS,0.0125,0.9999026465553581,C
85157,12.72,1,SET OF 2 CHESTS CHOCOLAT AU LAIT,0.0125,0.9999037082560328,C
44089A,12.6,8,PINK GAUZE BUTTERFLY LAMPSHADE,0.1,0.9999047599406633,C
90128B,12.52,5,BLUE LEAVES AND BEADS PHONE CHARM,0.0625,0.999905804947931,C
84743C,12.5,5,ORANGE FELT VASE + FLOWERS,0.0625,0.9999068482858581,C
84596g,12.399999999999999,2,SMALL CHOCOLATES PINK BOWL,0.025,0.9999078832770818,C
90000C,12.32,2,OPAL WHITE/SILVER FLOWER NECKLACE,0.025,0.9999089115909428,C
84575B,11.9,2,BROWN DOG CANNISTER W BONE,0.025,0.9999099048486494,C
21347,11.9,2,GOTHIC CARRIAGE LANTERN,0.025,0.999910898106356,C
90060C,11.9,2,FIRE POLISHED GLASS NECKL SILVER,0.025,0.9999118913640627,C
23039,11.7,1,T-LIGHT HOLDER SILVER HEART HANDLE,0.0125,0.9999128679283623,C
90025B,11.29,3,BAROQUE BUTTERFLY EARRINGS RED,0.0375,0.999913810271178,C
84366,11.25,3,VENDETTA CANVAS PICTURE,0.0375,0.9999147492753124,C
84250M,11.04,9,"GREETING CARD, BLACKPOOL ROCK",0.1125,0.9999156707513696,C
47590a,11.02,1,BLUE HAPPY BIRTHDAY BUNTING,0.0125,0.999916590558086,C
72785B,10.9,2,S/4 CONTEMPORY RED ROSEBUD CANDLES,0.025,0.9999175003487585,C
20870,10.7,2,OPULENT VELVET CANDLE IN BOX,0.025,0.9999183934460241,C
84536b,10.530000000000001,4,FAIRY CAKES NOTEBOOK A7 SIZE,0.05,0.9999192723538938,C
16169A,10.5,1,WRAP CHRISTMAS DECOUPAGE,0.0125,0.9999201487577525,C
16169G,10.5,1,WRAP ROMANTIC DECOUPAGE,0.0125,0.9999210251616113,C
84536a,10.49,8,ENGLISH ROSE NOTEBOOK A7 SIZE,0.1,0.9999219007307997,C
21857,10.23,2,STAR WARS TOP TRUMPS GAME,0.025,0.9999227545985593,C
21853,10.23,2,GUMBALL CUSTOM CARS TOP TRUMPS GAME,0.025,0.9999236084663188,C
21858,10.23,2,HIGH SCHOOL MUSICAL 3 TOP TRUMPS ,0.025,0.9999244623340784,C
85124b,10.23,2,BLUE JUICY FRUIT PHOTO FRAME,0.025,0.999925316201838,C
20939,10.2,1,ORANGE CANDLE,0.0125,0.9999261675655864,C
44092B,10.2,5,BLUE WHITE PLASTIC RINGS LAMPSHADE,0.0625,0.9999270189293349,C
85232d,10.17,1,SET/3 DECOUPAGE STACKING TINS,0.0125,0.9999278677890723,C
22206,10.16,7,"MUG , DOTCOMGIFTSHOP.COM ",0.0875,0.9999287158141394,C
84661c,10.12,2,PINK SQUARE TABLE CLOCK,0.025,0.9999295605005252,C
90128C,10.09,4,GREEN LEAVES AND BEADS PHONE CHARM,0.05,0.9999304026828999,C
84661a,10.02,2,WHITE SQUARE TABLE CLOCK,0.025,0.9999312390225823,C
84534b,9.959999999999999,4,FAIRY CAKE NOTEBOOK A5 SIZE,0.05,0.9999320703542426,C
84971s,9.959999999999999,3,SMALL HEART FLOWERS HOOK ,0.0375,0.999932901685903,C
78056,9.95,1,CAMOUFLAGE BACKPACK ON WHEELS,0.0125,0.9999337321828929,C
35650,9.9,2,VINTAGE BEAD PINK JEWEL STAND,0.025,0.9999345585065312,C
84732B,9.899999999999999,4,CUTE BIRD CEATURE SCREEN,0.05,0.9999353848301695,C
17013F,9.899999999999999,4,ORIGAMI SANDLEWOOD INCENSE IN TUBE,0.05,0.9999362111538078,C
72796A,9.899999999999999,4,S/3 ENGLISH LAVENDER SQU CANDLE,0.05,0.9999370374774461,C
17014E,9.899999999999999,5,ORIGAMI OPIUM INCENSE CONES,0.0625,0.9999378638010844,C
85231g,9.78,6,ORANGE SCENTED SET/9 T-LIGHTS,0.075,0.9999386801086785,C
85179a,9.32,1,GREEN BITTY LIGHT CHAIN,0.0125,0.9999394580214369,C
20822,9.3,1,SILVER WINE GOBLET,0.0125,0.9999402342648548,C
62097A,8.850000000000001,3,PINK STRIPES SHOULDER BAG,0.0375,0.9999409729481071,C
20882,8.850000000000001,2,MODERN CHRISTMAS TREE CANDLE,0.025,0.9999417116313595,C
18098B,8.850000000000001,3,BLUE PORCELAIN B'FLY OIL BURNER,0.0375,0.9999424503146118,C
90011D,8.82,3,PURPLE CRYSTAL DROP EARRINGS,0.0375,0.9999431864938532,C
21406,8.65,1,SPOTTY CAT DOORSTOP ,0.0125,0.9999439084836987,C
90013E,8.57,2,AMBER VINTAGE EARRINGS ,0.025,0.9999446237961815,C
72752B,8.5,1,"F.FAIRY,CANDLE IN GLASS,LAVENDER",0.0125,0.999945333265972,C
10080,8.5,4,GROOVY CACTUS INFLATABLE,0.05,0.9999460427357624,C
90126B,8.48,3,BLUE BERTIE MOBILE PHONE CHARM,0.0375,0.9999467505362122,C
84796b,8.47,1,BLUE SAVANNAH PICNIC HAMPER FOR 2,0.0125,0.9999474575019917,C
84030b,8.46,1,KNITTED POM POM HOT WATER BOTTLE,0.0125,0.9999481636331008,C
90111,8.4,5,BLUE HIBISCUS  HAIR CLIP,0.0625,0.9999488647561878,C
71050,8.399999999999999,3,SMALL SINGLE FLAME CANDLE HOLDER,0.0375,0.9999495658792749,C
23336,8.29,1,EGG FRYING PAN PINK ,0.0125,0.999950257820988,C
23015,8.25,1,CORDIAL GLASS JUG,0.0125,0.9999509464240199,C
44091A,7.98,5,BLUE CRUSOE CHECK LAMPSHADE,0.0625,0.9999516124909527,C
79062D,7.800000000000001,1,"RETRO TIN ASHTRAY,REVOLUTIONARY",0.0125,0.9999522635338192,C
84206A,7.790000000000001,4,3 BLACK CATS W HEARTS BLANK CARD,0.05,0.9999529137420152,C
84029c,7.78,1,BROWN FURRY HOT WATER BOTTLE,0.0125,0.9999535631155411,C
35443,7.65,5,RASTA IN BATH W SPLIFF ASHTRAY,0.0625,0.9999542016383525,C
85083,7.6499999999999995,1,KISS REINDEER SCANDINAVIAN STOCKING,0.0125,0.9999548401611639,C
37379B,7.5,1,BLUE CHERRY BLOSSOM CUP & SAUCER,0.0125,0.9999554661639201,C
37438,7.5,1,FUNKY FLOWER COFFEE POT,0.0125,0.9999560921666764,C
82011E,7.5,1,"BATHROOM SCALES, FAG BREAK",0.0125,0.9999567181694327,C
46037A,7.5,2,PINK CANVAS DES CUSHION COVER ,0.025,0.9999573441721888,C
51012L,7.5,1,"FEATHER DUSTER, LIGHT PINK",0.0125,0.9999579701749451,C
82613a,7.4799999999999995,3,"METAL SIGN,CUPCAKE SINGLE HOOK",0.0375,0.9999585945083608,C
85049b,7.4799999999999995,2,LUSH GREENS RIBBONS,0.025,0.9999592188417763,C
35597D,7.15,2,PINK/WHITE CHRISTMAS TREE 30CM,0.025,0.9999598156310707,C
90214Y,7.13,6,"LETTER ""Y"" BLING KEY RING",0.075,0.9999604107510244,C
35001P,6.98,1,HAND OPEN SHAPE PINK,0.0125,0.9999609933509229,C
85230D,6.959999999999999,1,VANILLA SCENTED VOTIVE CANDLE,0.0125,0.9999615742814808,C
85230C,6.959999999999999,1,ROSE SCENTED VOTIVE CANDLE,0.0125,0.9999621552120387,C
21852,6.95,1,EMPIRE TEDDY,0.0125,0.999962735307926,C
35071,6.87,1,ASSORTED SANTA CHRISTMAS DECORATION,0.0125,0.9999633087264507,C
37409,6.8,3,ASSORTED DESIGN FLOWER MUGS,0.0375,0.9999638763022831,C
48173A,6.75,1,DOOR MAT BLUE FLOCK,0.0125,0.9999644397047638,C
37484,6.75,1,ENGLISH ROSE TEA FOR ONE GIFT BOX,0.0125,0.9999650031072443,C
17014F,6.6,3,ORIGAMI SANDLEWOOD INCENSE CONES,0.0375,0.9999655539896698,C
20858,6.6,1,SILVER PURSE GOLD PINK BUTTERFLY,0.0125,0.9999661048720953,C
85231b,6.58,4,CINAMMON SET OF 9 T-LIGHTS,0.05,0.9999666540851802,C
17011B,6.300000000000001,1,ORIGAMI JASMINE INCENSE+FLOWER ,0.0125,0.9999671799274954,C
20884,6.300000000000001,2,MODERN CHRISTMAS TREE CANDLE ,0.025,0.9999677057698108,C
79149B,6.3,5,SILICON STAR BULB  BLUE,0.0625,0.9999682316121261,C
79140,6.3,2,ASS WINDPROOF MARIJUANA LIGHTERS,0.025,0.9999687574544414,C
20942,6.25,2,SET/6 GINGERBREAD TREE T-LIGHTS,0.025,0.9999692791234049,C
82072,6.25,3,WHITE WOOD SINGLE P/FRAME,0.0375,0.9999698007923685,C
35918B,6.25,3,BLUE FLORIBUNDA EGG WARMER,0.0375,0.999970322461332,C
85123b,6.04,1,ZINC HANGING HEART T-LITE HLDR,0.0125,0.9999708266022184,C
79051a,6.04,1,SMOKEY GREY COLOUR D.O.F. GLASS,0.0125,0.9999713307431046,C
84247J,6.02,2,PACK/12 RUSSIAN DOLL CARDS,0.025,0.9999718332146503,C
72751C,5.95,1,"F.FAIRY S/3 SML CANDLE, ROSE",0.0125,0.9999723298435035,C
85077,5.95,1,KISSING REINDEER TABLE RUNNER,0.0125,0.9999728264723567,C
21450,5.95,1,DISTRESSED CANDLE STICK WHITE,0.0125,0.99997332310121,C
90182B,5.93,2,AMETHYST 3 BEAD DROP EARRINGS,0.025,0.9999738180607226,C
85184d,5.91,1,S/4 BLUE ROUND DECOUPAGE BOXES,0.0125,0.9999743113508945,C
79303A,5.9,1,WHITE ROHMBIC BLOCK TABLE LAMP,0.0125,0.9999748038063961,C
35823P,5.9,2,"ACRYLIC BEAD GARLAND,PINK",0.025,0.9999752962618977,C
84402B,5.9,1,PURPLE DRESS JEWELLERY STAND,0.0125,0.9999757887173993,C
18098A,5.9,1,PINK PORCELAIN B'FLY OIL BURNER,0.0125,0.9999762811729009,C
85186B,5.88,1,BUNNY BUNCH OF FLOWERS,0.0125,0.999976771959062,C
90214W,5.859999999999999,6,"LETTER ""W"" BLING KEY RING",0.075,0.9999772610758821,C
16010,5.279999999999999,4,FOLDING CAMPING SCISSOR W/KNIF & S,0.05,0.9999777017818224,C
17084G,5.25,1,MOON INCENSE,0.0125,0.9999781399837518,C
20812,5.1,1,EMBOSSED FLOWER TRELLIS PHOTO FRAME,0.0125,0.999978565665626,C
71101A,5.1,1,ANGEL ON KNEES METAL POLE 100CM H,0.0125,0.9999789913475003,C
71434B,5.1,2,"BLACK RND BULLET""KEEP CLEAN"" BIN",0.025,0.9999794170293745,C
90142B,5.09,1,IVORY PENDANT SHELL NECKLACE,0.0125,0.9999798418765784,C
90142C,5.09,1,ROSE PINK PENDANT SHELL NECKLACE,0.0125,0.9999802667237823,C
84942,5.07,2,KASHMIR FOLKART HEART DISHES,0.025,0.9999806899016456,C
72740B,5.06,1,LARGE WHITE CHOCOLATE CANDLE,0.0125,0.9999811122448385,C
20877,5.04,2,MODERN CHRISTMAS BAUBLE CANDLE ,0.025,0.9999815329186906,C
84596j,5.02,2,MIXED NUTS LIGHT GREEN BOWL,0.025,0.9999819519232022,C
85232C,4.95,1,RUSSIAN FOLKART STACKING TINS,0.0125,0.9999823650850211,C
37451,4.95,1,CERAMIC CAKE TEAPOT WITH CHERRY,0.0125,0.9999827782468402,C
85043,4.95,1,RED HEART CANDY POP LIGHTS,0.0125,0.9999831914086593,C
84732D,4.949999999999999,3,CUTE RABBIT CEATURE SCREEN ,0.0375,0.9999836045704784,C
84546,4.949999999999999,1,CROCHET POODLE KEYRING,0.0125,0.9999840177322974,C
85049d,4.92,2,BRIGHT BLUES RIBBONS ,0.025,0.9999844283901056,C
72708,4.83,3,SCULPTED ROUND IVORY CANDLE ,0.0375,0.9999848315358806,C
45014,4.65,1,FOLDING SHIRT TIDY,0.0125,0.9999852196575895,C
84201B,4.37,5,HAPPY BIRTHDAY CARD STRIPEY TEDDY,0.0625,0.9999855844085287,C
81953P,4.25,3,ROUND ARTICULATED PINK CLOCK W/SUCK,0.0375,0.9999859391434239,C
21409,4.25,1,SPOTTY COCKEREL DOORSTOP,0.0125,0.9999862938783192,C
47594a,4.21,1,CAROUSEL DESIGN WASHBAG,0.0125,0.9999866452745331,C
84255A,4.2,2,PINK GLASS COCKTAIL LAMP,0.025,0.9999869958360765,C
35611B,4.18,1,BLACK ASSORTED DROPLET DECORATION,0.0125,0.9999873447282793,C
71496B,3.9000000000000004,3,A4 WALL TIDY RED FLOWERS,0.0375,0.9999876702497126,C
37432,3.9000000000000004,1,MUG PINK AND PURPLE ARABIC DESIGN,0.0125,0.9999879957711458,C
72084B,3.9,1,CHOCOLATE ICE CREAM CANDLE,0.0125,0.9999883212925792,C
90025A,3.75,1,BAROQUE BUTTERFLY EARRINGS BLACK,0.0125,0.9999886342939572,C
35974,3.75,1,S/6 CHRISTMAS TREE PLACE SETTING,0.0125,0.9999889472953354,C
90004A,3.75,1,JADE GREEN PAIR ENAMEL HAIR SLIDES,0.0125,0.9999892602967135,C
35818C,3.43,1,"ACRYLIC JEWEL ICICLE, CLEAR ",0.0125,0.9999895465886407,C
17014C,3.43,1,ORIGAMI LAVENDER INCENSE CONES,0.0125,0.9999898328805679,C
84705b,3.43,1,FAIRY CAKES PHOTO FRAME,0.0125,0.999990119172495,C
84559d,3.38,1,3D SHEET OF SEA WORLD STICKERS,0.0125,0.9999904012910706,C
35051B,3.36,1,PINK BEADED CONE CHRISTMAS,0.0125,0.9999906817403054,C
35537,3.36,2,CANDLE RING W/CLEAR BEADS,0.025,0.9999909621895401,C
37326,3.36,1,FAIRY DESIGN MUGS,0.0125,0.9999912426387748,C
84731,3.3,2,3 BIRDS CANVAS SCREEN,0.025,0.9999915180799877,C
20683,3.25,1,RAIN GIRL CHILDS UMBRELLA,0.0125,0.9999917893478487,C
84985b,2.98,1,SET OF 72 BLACK PAPER DOILIES ,0.0125,0.9999920380796106,C
90182A,2.96,1,AMBER 3 BEAD DROP EARRINGS,0.0125,0.9999922851420318,C
35821P,2.95,1,"JEWELLED DECORATION,PINK",0.0125,0.9999925313697825,C
35598A,2.95,1,DUSTY PINK CHRISTMAS TREE 60CM,0.0125,0.9999927775975332,C
35598C,2.95,1,WHITE CHRISTMAS TREE 60CM,0.0125,0.999993023825284,C
85185E,2.95,1,DUCK SOCK PUPPET,0.0125,0.9999932700530347,C
79301,2.95,1,FEATHER HEART LIGHTS,0.0125,0.9999935162807855,C
20885,2.95,1,BOX OF 3 PEBBLE CANDLES,0.0125,0.9999937625085362,C
35999,2.55,1,S/6 SCANDINAVIAN HEART T-LIGHT,0.0125,0.9999939753494733,C
20881,2.55,2,MODERN CHRISTMAS TREE CANDLE,0.025,0.9999941881904105,C
90091,2.55,2,CRYSTAL DRAGONFLY PHONE CHARM,0.025,0.9999944010313477,C
81953B,2.55,3,ROUND ARTICULATED BLUE CLOCK W/SUCK,0.0375,0.9999946138722849,C
21081,2.55,3,SET/20 POSIES PAPER NAPKINS,0.0375,0.9999948267132222,C
21036,2.55,1,SET/2 TEA TOWELS MODERN VINTAGE,0.0125,0.9999950395541594,C
85171,2.55,1,S/2 HYACINTH BULB CANDLES,0.0125,0.9999952523950965,C
17028J,2.52,1,INCENSE BAZAAR PEACH,0.0125,0.9999954627320226,C
21008,2.51,1,ETCHED GLASS HEART TREE DECORATION,0.0125,0.9999956722342783,C
47593a,2.51,1,CAROUSEL DESIGN BABY BIB,0.0125,0.9999958817365341,C
21225,2.5,2,POCKET MIRROR BUTTERFLY ,0.025,0.9999960904041194,C
90127B,2.5,2,BLUE BEADS+HAND PHONE CHARM,0.025,0.9999962990717048,C
44242A,2.5,1,LILAC FEATHERS CURTAIN,0.0125,0.9999965077392903,C
21290,2.5,1,LARGE SPOTTY CHOCOLATE GIFT BAG,0.0125,0.9999967164068757,C
40046C,2.5,2,PINK BUTTERFLY PAPER LAMPSHADE,0.025,0.9999969250744611,C
84596l,2.46,1,BISCUITS SMALL BOWL LIGHT BLUE,0.0125,0.9999971304033652,C
84510b,2.15,1,SET OF 4 FAIRY CAKES COASTERS ,0.0125,0.9999973098574888,C
23339,2.08,1,EGG FRYING PAN BLUE ,0.0125,0.9999974834689198,C
17061,2.08,1,ASSORTED SHAPED STENCIL FOR HENNA,0.0125,0.9999976570803509,C
85192S,1.9500000000000002,2,HANGING SPRING FLOWER HEART SMALL,0.025,0.9999978198410675,C
35945,1.95,1,GOLD CHRISTMAS STOCKING DECORATION,0.0125,0.9999979826017841,C
46138D,1.95,1,GREEN CHENILLE SHAGGY C/COVER,0.0125,0.9999981453625006,C
84814A,1.95,1,HEXAGONAL CRYSTAL PERFUME BOTTLE,0.0125,0.9999983081232171,C
35837,1.7,1,SET OF SIX SILVER+RED FLOCK BAUBLES,0.0125,0.9999984500171751,C
35995,1.68,3,SET/6 BLACK GLITTER REINDEER CANDLE,0.0375,0.9999985902417926,C
17174,1.68,3,ASSTD RASTA KEY-CHAINS,0.0375,0.99999873046641,C
85231e,1.66,1,STRAWBERRY SCENTED SET/9 T-LIGHTS,0.0125,0.9999988690216867,C
21585,1.65,1,SWALLOW SMALL TUBE MATCHES,0.0125,0.999999006742293,C
72796C,1.65,1,S/3 ROSE GARDEN SCENT SQU CANDLE,0.0125,0.9999991444628995,C
35980B,1.52,2,RED TOP SCANDINAVIAN HEART ,0.025,0.9999992713327913,C
90214U,1.25,1,"LETTER ""U"" BLING KEY RING",0.0125,0.999999375666584,C
35950,1.25,1,FOLKART HEART CHRISTMAS DECORATIONS,0.0125,0.9999994800003768,C
84206C,1.14,2,CHAMPAGNE TRAY BLANK CARD,0.025,0.9999995751527958,C
20721,0.85,1,OWLS CHARLOTTE BAG,0.0125,0.9999996460997748,C
79157B,0.85,1,UBO-LIGHT TRIOBASE BLUE,0.0125,0.9999997170467538,C
79151B,0.84,1,"SILICON CUBE 25W, BLUE",0.0125,0.9999997871590625,C
35955,0.84,2,SMALL FOLKART CHRISTMAS TREE DEC,0.025,0.9999998572713712,C
84206B,0.76,1,CAT W SUNGLASSES BLANK CARD,0.0125,0.9999999207063172,C
35930,0.38,1,PINK HEART CHRISTMAS DECORATION,0.0125,0.9999999524237901,C
84205C,0.38,1,HAPPY BIRTHDAY GINGER CAT CARD,0.0125,0.9999999841412632,C
84201C,0.19,1,HAPPY BIRTHDAY CARD TEDDY/CAKE,0.0125,0.9999999999999997,C
