timestamp,split,model,actual,prediction
2019-07-16 14:00:00,validation,昨日同时刻,3426,3389.0
2019-07-16 15:00:00,validation,昨日同时刻,3755,3791.0
2019-07-16 16:00:00,validation,昨日同时刻,4961,5099.0
2019-07-16 17:00:00,validation,昨日同时刻,8851,9041.0
2019-07-16 18:00:00,validation,昨日同时刻,9142,9049.0
2019-07-16 19:00:00,validation,昨日同时刻,6671,6649.0
2019-07-16 20:00:00,validation,昨日同时刻,4813,4821.0
2019-07-16 21:00:00,validation,昨日同时刻,3463,3007.0
2019-07-16 22:00:00,validation,昨日同时刻,2329,2030.0
2019-07-16 23:00:00,validation,昨日同时刻,1361,1114.0
2019-07-17 00:00:00,validation,昨日同时刻,625,643.0
2019-07-17 01:00:00,validation,昨日同时刻,295,348.0
2019-07-17 02:00:00,validation,昨日同时刻,160,220.0
2019-07-17 03:00:00,validation,昨日同时刻,122,134.0
2019-07-17 04:00:00,validation,昨日同时刻,188,162.0
2019-07-17 05:00:00,validation,昨日同时刻,689,674.0
2019-07-17 06:00:00,validation,昨日同时刻,2306,2457.0
2019-07-17 07:00:00,validation,昨日同时刻,4477,4722.0
2019-07-17 08:00:00,validation,昨日同时刻,7607,7893.0
2019-07-17 09:00:00,validation,昨日同时刻,5560,5757.0
2019-07-17 10:00:00,validation,昨日同时刻,2929,3061.0
2019-07-17 11:00:00,validation,昨日同时刻,2724,2806.0
2019-07-17 12:00:00,validation,昨日同时刻,3166,3477.0
2019-07-17 13:00:00,validation,昨日同时刻,3110,3377.0
2019-07-17 14:00:00,validation,昨日同时刻,3052,3426.0
2019-07-17 15:00:00,validation,昨日同时刻,3294,3755.0
2019-07-17 16:00:00,validation,昨日同时刻,4531,4961.0
2019-07-17 17:00:00,validation,昨日同时刻,7918,8851.0
2019-07-17 18:00:00,validation,昨日同时刻,8199,9142.0
2019-07-17 19:00:00,validation,昨日同时刻,5837,6671.0
2019-07-17 20:00:00,validation,昨日同时刻,1077,4813.0
2019-07-17 21:00:00,validation,昨日同时刻,648,3463.0
2019-07-17 22:00:00,validation,昨日同时刻,316,2329.0
2019-07-17 23:00:00,validation,昨日同时刻,277,1361.0
2019-07-18 00:00:00,validation,昨日同时刻,348,625.0
2019-07-18 01:00:00,validation,昨日同时刻,197,295.0
2019-07-18 02:00:00,validation,昨日同时刻,128,160.0
2019-07-18 03:00:00,validation,昨日同时刻,72,122.0
2019-07-18 04:00:00,validation,昨日同时刻,121,188.0
2019-07-18 05:00:00,validation,昨日同时刻,544,689.0
2019-07-18 06:00:00,validation,昨日同时刻,1916,2306.0
2019-07-18 07:00:00,validation,昨日同时刻,3898,4477.0
2019-07-18 08:00:00,validation,昨日同时刻,2995,7607.0
2019-07-18 09:00:00,validation,昨日同时刻,2396,5560.0
2019-07-18 10:00:00,validation,昨日同时刻,1309,2929.0
2019-07-18 11:00:00,validation,昨日同时刻,1972,2724.0
2019-07-18 12:00:00,validation,昨日同时刻,2668,3166.0
2019-07-18 13:00:00,validation,昨日同时刻,3037,3110.0
2019-07-18 14:00:00,validation,昨日同时刻,3102,3052.0
2019-07-18 15:00:00,validation,昨日同时刻,3460,3294.0
2019-07-18 16:00:00,validation,昨日同时刻,4556,4531.0
2019-07-18 17:00:00,validation,昨日同时刻,7591,7918.0
2019-07-18 18:00:00,validation,昨日同时刻,7057,8199.0
2019-07-18 19:00:00,validation,昨日同时刻,4602,5837.0
2019-07-18 20:00:00,validation,昨日同时刻,3362,1077.0
2019-07-18 21:00:00,validation,昨日同时刻,2509,648.0
2019-07-18 22:00:00,validation,昨日同时刻,2038,316.0
2019-07-18 23:00:00,validation,昨日同时刻,1146,277.0
2019-07-19 00:00:00,validation,昨日同时刻,718,348.0
2019-07-19 01:00:00,validation,昨日同时刻,420,197.0
2019-07-19 02:00:00,validation,昨日同时刻,231,128.0
2019-07-19 03:00:00,validation,昨日同时刻,129,72.0
2019-07-19 04:00:00,validation,昨日同时刻,176,121.0
2019-07-19 05:00:00,validation,昨日同时刻,560,544.0
2019-07-19 06:00:00,validation,昨日同时刻,1779,1916.0
2019-07-19 07:00:00,validation,昨日同时刻,3682,3898.0
2019-07-19 08:00:00,validation,昨日同时刻,6400,2995.0
2019-07-19 09:00:00,validation,昨日同时刻,5283,2396.0
2019-07-19 10:00:00,validation,昨日同时刻,3221,1309.0
2019-07-19 11:00:00,validation,昨日同时刻,2994,1972.0
2019-07-19 12:00:00,validation,昨日同时刻,3609,2668.0
2019-07-19 13:00:00,validation,昨日同时刻,3802,3037.0
2019-07-19 14:00:00,validation,昨日同时刻,3883,3102.0
2019-07-19 15:00:00,validation,昨日同时刻,4399,3460.0
2019-07-19 16:00:00,validation,昨日同时刻,5529,4556.0
2019-07-19 17:00:00,validation,昨日同时刻,6886,7591.0
2019-07-19 18:00:00,validation,昨日同时刻,6831,7057.0
2019-07-19 19:00:00,validation,昨日同时刻,5052,4602.0
2019-07-19 20:00:00,validation,昨日同时刻,3461,3362.0
2019-07-19 21:00:00,validation,昨日同时刻,2436,2509.0
2019-07-19 22:00:00,validation,昨日同时刻,1910,2038.0
2019-07-19 23:00:00,validation,昨日同时刻,1571,1146.0
2019-07-20 00:00:00,validation,昨日同时刻,1117,718.0
2019-07-20 01:00:00,validation,昨日同时刻,764,420.0
2019-07-20 02:00:00,validation,昨日同时刻,501,231.0
2019-07-20 03:00:00,validation,昨日同时刻,290,129.0
2019-07-20 04:00:00,validation,昨日同时刻,168,176.0
2019-07-20 05:00:00,validation,昨日同时刻,200,560.0
2019-07-20 06:00:00,validation,昨日同时刻,525,1779.0
2019-07-20 07:00:00,validation,昨日同时刻,1169,3682.0
2019-07-20 08:00:00,validation,昨日同时刻,1872,6400.0
2019-07-20 09:00:00,validation,昨日同时刻,2686,5283.0
2019-07-20 10:00:00,validation,昨日同时刻,3463,3221.0
2019-07-20 11:00:00,validation,昨日同时刻,3500,2994.0
2019-07-20 12:00:00,validation,昨日同时刻,3618,3609.0
2019-07-20 13:00:00,validation,昨日同时刻,3463,3802.0
2019-07-20 14:00:00,validation,昨日同时刻,3310,3883.0
2019-07-20 15:00:00,validation,昨日同时刻,3252,4399.0
2019-07-20 16:00:00,validation,昨日同时刻,3279,5529.0
2019-07-20 17:00:00,validation,昨日同时刻,3336,6886.0
2019-07-20 18:00:00,validation,昨日同时刻,3268,6831.0
2019-07-20 19:00:00,validation,昨日同时刻,3045,5052.0
2019-07-20 20:00:00,validation,昨日同时刻,2556,3461.0
2019-07-20 21:00:00,validation,昨日同时刻,2053,2436.0
2019-07-20 22:00:00,validation,昨日同时刻,1666,1910.0
2019-07-20 23:00:00,validation,昨日同时刻,1364,1571.0
2019-07-21 00:00:00,validation,昨日同时刻,957,1117.0
2019-07-21 01:00:00,validation,昨日同时刻,702,764.0
2019-07-21 02:00:00,validation,昨日同时刻,459,501.0
2019-07-21 03:00:00,validation,昨日同时刻,335,290.0
2019-07-21 04:00:00,validation,昨日同时刻,182,168.0
2019-07-21 05:00:00,validation,昨日同时刻,148,200.0
2019-07-21 06:00:00,validation,昨日同时刻,364,525.0
2019-07-21 07:00:00,validation,昨日同时刻,743,1169.0
2019-07-21 08:00:00,validation,昨日同时刻,1353,1872.0
2019-07-21 09:00:00,validation,昨日同时刻,2066,2686.0
2019-07-21 10:00:00,validation,昨日同时刻,2732,3463.0
2019-07-21 11:00:00,validation,昨日同时刻,3153,3500.0
2019-07-21 12:00:00,validation,昨日同时刻,3356,3618.0
2019-07-21 13:00:00,validation,昨日同时刻,3497,3463.0
2019-07-21 14:00:00,validation,昨日同时刻,3337,3310.0
2019-07-21 15:00:00,validation,昨日同时刻,3426,3252.0
2019-07-21 16:00:00,validation,昨日同时刻,3573,3279.0
2019-07-21 17:00:00,validation,昨日同时刻,3453,3336.0
2019-07-21 18:00:00,validation,昨日同时刻,3632,3268.0
2019-07-21 19:00:00,validation,昨日同时刻,3374,3045.0
2019-07-21 20:00:00,validation,昨日同时刻,2762,2556.0
2019-07-21 21:00:00,validation,昨日同时刻,2243,2053.0
2019-07-21 22:00:00,validation,昨日同时刻,1566,1666.0
2019-07-21 23:00:00,validation,昨日同时刻,709,1364.0
2019-07-22 00:00:00,validation,昨日同时刻,460,957.0
2019-07-22 01:00:00,validation,昨日同时刻,261,702.0
2019-07-22 02:00:00,validation,昨日同时刻,151,459.0
2019-07-22 03:00:00,validation,昨日同时刻,97,335.0
2019-07-22 04:00:00,validation,昨日同时刻,146,182.0
2019-07-22 05:00:00,validation,昨日同时刻,585,148.0
2019-07-22 06:00:00,validation,昨日同时刻,1936,364.0
2019-07-22 07:00:00,validation,昨日同时刻,4096,743.0
2019-07-22 08:00:00,validation,昨日同时刻,6597,1353.0
2019-07-22 09:00:00,validation,昨日同时刻,4810,2066.0
2019-07-22 10:00:00,validation,昨日同时刻,2599,2732.0
2019-07-22 11:00:00,validation,昨日同时刻,2566,3153.0
2019-07-22 12:00:00,validation,昨日同时刻,2798,3356.0
2019-07-22 13:00:00,validation,昨日同时刻,3054,3497.0
2019-07-22 14:00:00,validation,昨日同时刻,2961,3337.0
2019-07-22 15:00:00,validation,昨日同时刻,2852,3426.0
2019-07-22 16:00:00,validation,昨日同时刻,3699,3573.0
2019-07-22 17:00:00,validation,昨日同时刻,5801,3453.0
2019-07-22 18:00:00,validation,昨日同时刻,1693,3632.0
2019-07-22 19:00:00,validation,昨日同时刻,663,3374.0
2019-07-22 20:00:00,validation,昨日同时刻,1124,2762.0
2019-07-22 21:00:00,validation,昨日同时刻,1478,2243.0
2019-07-22 22:00:00,validation,昨日同时刻,1219,1566.0
2019-07-22 23:00:00,validation,昨日同时刻,689,709.0
2019-07-23 00:00:00,validation,昨日同时刻,187,460.0
2019-07-23 01:00:00,validation,昨日同时刻,162,261.0
2019-07-23 02:00:00,validation,昨日同时刻,65,151.0
2019-07-23 03:00:00,validation,昨日同时刻,53,97.0
2019-07-23 04:00:00,validation,昨日同时刻,60,146.0
2019-07-23 05:00:00,validation,昨日同时刻,348,585.0
2019-07-23 06:00:00,validation,昨日同时刻,383,1936.0
2019-07-23 07:00:00,validation,昨日同时刻,1338,4096.0
2019-07-23 08:00:00,validation,昨日同时刻,5592,6597.0
2019-07-23 09:00:00,validation,昨日同时刻,4955,4810.0
2019-07-23 10:00:00,validation,昨日同时刻,2546,2599.0
2019-07-23 11:00:00,validation,昨日同时刻,2363,2566.0
2019-07-23 12:00:00,validation,昨日同时刻,3056,2798.0
2019-07-23 13:00:00,validation,昨日同时刻,3226,3054.0
2019-07-23 14:00:00,validation,昨日同时刻,3289,2961.0
2019-07-23 15:00:00,validation,昨日同时刻,3639,2852.0
2019-07-23 16:00:00,validation,昨日同时刻,4185,3699.0
2019-07-23 17:00:00,validation,昨日同时刻,7089,5801.0
2019-07-23 18:00:00,validation,昨日同时刻,8387,1693.0
2019-07-23 19:00:00,validation,昨日同时刻,5643,663.0
2019-07-23 20:00:00,validation,昨日同时刻,3864,1124.0
2019-07-23 21:00:00,validation,昨日同时刻,2678,1478.0
2019-07-23 22:00:00,validation,昨日同时刻,1929,1219.0
2019-07-23 23:00:00,validation,昨日同时刻,1195,689.0
2019-07-24 00:00:00,validation,昨日同时刻,652,187.0
2019-07-24 01:00:00,validation,昨日同时刻,275,162.0
2019-07-24 02:00:00,validation,昨日同时刻,134,65.0
2019-07-24 03:00:00,validation,昨日同时刻,102,53.0
2019-07-24 04:00:00,validation,昨日同时刻,152,60.0
2019-07-24 05:00:00,validation,昨日同时刻,701,348.0
2019-07-24 06:00:00,validation,昨日同时刻,2363,383.0
2019-07-24 07:00:00,validation,昨日同时刻,4710,1338.0
2019-07-24 08:00:00,validation,昨日同时刻,7849,5592.0
2019-07-24 09:00:00,validation,昨日同时刻,5699,4955.0
2019-07-24 10:00:00,validation,昨日同时刻,3111,2546.0
2019-07-24 11:00:00,validation,昨日同时刻,3033,2363.0
2019-07-24 12:00:00,validation,昨日同时刻,3630,3056.0
2019-07-24 13:00:00,validation,昨日同时刻,3676,3226.0
2019-07-24 14:00:00,validation,昨日同时刻,3693,3289.0
2019-07-24 15:00:00,validation,昨日同时刻,4248,3639.0
2019-07-24 16:00:00,validation,昨日同时刻,5263,4185.0
2019-07-24 17:00:00,validation,昨日同时刻,9261,7089.0
2019-07-24 18:00:00,validation,昨日同时刻,9527,8387.0
2019-07-24 19:00:00,validation,昨日同时刻,6875,5643.0
2019-07-24 20:00:00,validation,昨日同时刻,5111,3864.0
2019-07-24 21:00:00,validation,昨日同时刻,3424,2678.0
2019-07-24 22:00:00,validation,昨日同时刻,2510,1929.0
2019-07-24 23:00:00,validation,昨日同时刻,1570,1195.0
2019-07-25 00:00:00,validation,昨日同时刻,812,652.0
2019-07-25 01:00:00,validation,昨日同时刻,380,275.0
2019-07-25 02:00:00,validation,昨日同时刻,202,134.0
2019-07-25 03:00:00,validation,昨日同时刻,127,102.0
2019-07-25 04:00:00,validation,昨日同时刻,159,152.0
2019-07-25 05:00:00,validation,昨日同时刻,627,701.0
2019-07-25 06:00:00,validation,昨日同时刻,2288,2363.0
2019-07-25 07:00:00,validation,昨日同时刻,4420,4710.0
2019-07-25 08:00:00,validation,昨日同时刻,7603,7849.0
2019-07-25 09:00:00,validation,昨日同时刻,5624,5699.0
2019-07-25 10:00:00,validation,昨日同时刻,3260,3111.0
2019-07-25 11:00:00,validation,昨日同时刻,3049,3033.0
2019-07-25 12:00:00,validation,昨日同时刻,3610,3630.0
2019-07-25 13:00:00,validation,昨日同时刻,3773,3676.0
2019-07-25 14:00:00,validation,昨日同时刻,3691,3693.0
2019-07-25 15:00:00,validation,昨日同时刻,4158,4248.0
2019-07-25 16:00:00,validation,昨日同时刻,5329,5263.0
2019-07-25 17:00:00,validation,昨日同时刻,8829,9261.0
2019-07-25 18:00:00,validation,昨日同时刻,9205,9527.0
2019-07-25 19:00:00,validation,昨日同时刻,6609,6875.0
2019-07-25 20:00:00,validation,昨日同时刻,4771,5111.0
2019-07-25 21:00:00,validation,昨日同时刻,3419,3424.0
2019-07-25 22:00:00,validation,昨日同时刻,2685,2510.0
2019-07-25 23:00:00,validation,昨日同时刻,1720,1570.0
2019-07-26 00:00:00,validation,昨日同时刻,938,812.0
2019-07-26 01:00:00,validation,昨日同时刻,493,380.0
2019-07-26 02:00:00,validation,昨日同时刻,257,202.0
2019-07-26 03:00:00,validation,昨日同时刻,174,127.0
2019-07-26 04:00:00,validation,昨日同时刻,195,159.0
2019-07-26 05:00:00,validation,昨日同时刻,570,627.0
2019-07-26 06:00:00,validation,昨日同时刻,1917,2288.0
2019-07-26 07:00:00,validation,昨日同时刻,3940,4420.0
2019-07-26 08:00:00,validation,昨日同时刻,6861,7603.0
2019-07-26 09:00:00,validation,昨日同时刻,5427,5624.0
2019-07-26 10:00:00,validation,昨日同时刻,3495,3260.0
2019-07-26 11:00:00,validation,昨日同时刻,3343,3049.0
2019-07-26 12:00:00,validation,昨日同时刻,4045,3610.0
2019-07-26 13:00:00,validation,昨日同时刻,4356,3773.0
2019-07-26 14:00:00,validation,昨日同时刻,4508,3691.0
2019-07-26 15:00:00,validation,昨日同时刻,5156,4158.0
2019-07-26 16:00:00,validation,昨日同时刻,6249,5329.0
2019-07-26 17:00:00,validation,昨日同时刻,8012,8829.0
2019-07-26 18:00:00,validation,昨日同时刻,6993,9205.0
2019-07-26 19:00:00,validation,昨日同时刻,5356,6609.0
2019-07-26 20:00:00,validation,昨日同时刻,3700,4771.0
2019-07-26 21:00:00,validation,昨日同时刻,2659,3419.0
2019-07-26 22:00:00,validation,昨日同时刻,2314,2685.0
2019-07-26 23:00:00,validation,昨日同时刻,1830,1720.0
2019-07-27 00:00:00,validation,昨日同时刻,1294,938.0
2019-07-27 01:00:00,validation,昨日同时刻,890,493.0
2019-07-27 02:00:00,validation,昨日同时刻,592,257.0
2019-07-27 03:00:00,validation,昨日同时刻,343,174.0
2019-07-27 04:00:00,validation,昨日同时刻,231,195.0
2019-07-27 05:00:00,validation,昨日同时刻,231,570.0
2019-07-27 06:00:00,validation,昨日同时刻,551,1917.0
2019-07-27 07:00:00,validation,昨日同时刻,1172,3940.0
2019-07-27 08:00:00,validation,昨日同时刻,2010,6861.0
2019-07-27 09:00:00,validation,昨日同时刻,3211,5427.0
2019-07-27 10:00:00,validation,昨日同时刻,4135,3495.0
2019-07-27 11:00:00,validation,昨日同时刻,4804,3343.0
2019-07-27 12:00:00,validation,昨日同时刻,5297,4045.0
2019-07-27 13:00:00,validation,昨日同时刻,5460,4356.0
2019-07-27 14:00:00,validation,昨日同时刻,5543,4508.0
2019-07-27 15:00:00,validation,昨日同时刻,5403,5156.0
2019-07-27 16:00:00,validation,昨日同时刻,5499,6249.0
2019-07-27 17:00:00,validation,昨日同时刻,5272,8012.0
2019-07-27 18:00:00,validation,昨日同时刻,5272,6993.0
2019-07-27 19:00:00,validation,昨日同时刻,4600,5356.0
2019-07-27 20:00:00,validation,昨日同时刻,3543,3700.0
2019-07-27 21:00:00,validation,昨日同时刻,2668,2659.0
2019-07-27 22:00:00,validation,昨日同时刻,2311,2314.0
2019-07-27 23:00:00,validation,昨日同时刻,1771,1830.0
2019-07-28 00:00:00,validation,昨日同时刻,1314,1294.0
2019-07-28 01:00:00,validation,昨日同时刻,893,890.0
2019-07-28 02:00:00,validation,昨日同时刻,546,592.0
2019-07-28 03:00:00,validation,昨日同时刻,373,343.0
2019-07-28 04:00:00,validation,昨日同时刻,202,231.0
2019-07-28 05:00:00,validation,昨日同时刻,196,231.0
2019-07-28 06:00:00,validation,昨日同时刻,355,551.0
2019-07-28 07:00:00,validation,昨日同时刻,750,1172.0
2019-07-28 08:00:00,validation,昨日同时刻,1587,2010.0
2019-07-28 09:00:00,validation,昨日同时刻,2607,3211.0
2019-07-28 10:00:00,validation,昨日同时刻,3557,4135.0
2019-07-28 11:00:00,validation,昨日同时刻,4449,4804.0
2019-07-28 12:00:00,validation,昨日同时刻,4986,5297.0
2019-07-28 13:00:00,validation,昨日同时刻,5124,5460.0
2019-07-28 14:00:00,validation,昨日同时刻,5310,5543.0
2019-07-28 15:00:00,validation,昨日同时刻,5239,5403.0
2019-07-28 16:00:00,validation,昨日同时刻,5519,5499.0
2019-07-28 17:00:00,validation,昨日同时刻,5361,5272.0
2019-07-28 18:00:00,validation,昨日同时刻,5356,5272.0
2019-07-28 19:00:00,validation,昨日同时刻,4965,4600.0
2019-07-28 20:00:00,validation,昨日同时刻,3656,3543.0
2019-07-28 21:00:00,validation,昨日同时刻,2593,2668.0
2019-07-28 22:00:00,validation,昨日同时刻,1823,2311.0
2019-07-28 23:00:00,validation,昨日同时刻,818,1771.0
2019-07-29 00:00:00,validation,昨日同时刻,440,1314.0
2019-07-29 01:00:00,validation,昨日同时刻,288,893.0
2019-07-29 02:00:00,validation,昨日同时刻,155,546.0
2019-07-29 03:00:00,validation,昨日同时刻,104,373.0
2019-07-29 04:00:00,validation,昨日同时刻,138,202.0
2019-07-29 05:00:00,validation,昨日同时刻,616,196.0
2019-07-29 06:00:00,validation,昨日同时刻,2122,355.0
2019-07-29 07:00:00,validation,昨日同时刻,4216,750.0
2019-07-29 08:00:00,validation,昨日同时刻,6891,1587.0
2019-07-29 09:00:00,validation,昨日同时刻,4917,2607.0
2019-07-29 10:00:00,validation,昨日同时刻,2713,3557.0
2019-07-29 11:00:00,validation,昨日同时刻,2607,4449.0
2019-07-29 12:00:00,validation,昨日同时刻,3081,4986.0
2019-07-29 13:00:00,validation,昨日同时刻,3139,5124.0
2019-07-29 14:00:00,validation,昨日同时刻,3223,5310.0
2019-07-29 15:00:00,validation,昨日同时刻,3499,5239.0
2019-07-29 16:00:00,validation,昨日同时刻,4826,5519.0
2019-07-29 17:00:00,validation,昨日同时刻,8822,5361.0
2019-07-29 18:00:00,validation,昨日同时刻,9063,5356.0
2019-07-29 19:00:00,validation,昨日同时刻,6661,4965.0
2019-07-29 20:00:00,validation,昨日同时刻,4870,3656.0
2019-07-29 21:00:00,validation,昨日同时刻,2971,2593.0
2019-07-29 22:00:00,validation,昨日同时刻,2172,1823.0
2019-07-29 23:00:00,validation,昨日同时刻,1149,818.0
2019-07-30 00:00:00,validation,昨日同时刻,530,440.0
2019-07-30 01:00:00,validation,昨日同时刻,323,288.0
2019-07-30 02:00:00,validation,昨日同时刻,185,155.0
2019-07-30 03:00:00,validation,昨日同时刻,103,104.0
2019-07-30 04:00:00,validation,昨日同时刻,150,138.0
2019-07-30 05:00:00,validation,昨日同时刻,745,616.0
2019-07-30 06:00:00,validation,昨日同时刻,2439,2122.0
2019-07-30 07:00:00,validation,昨日同时刻,4536,4216.0
2019-07-30 08:00:00,validation,昨日同时刻,7707,6891.0
2019-07-30 09:00:00,validation,昨日同时刻,5429,4917.0
2019-07-30 10:00:00,validation,昨日同时刻,3063,2713.0
2019-07-30 11:00:00,validation,昨日同时刻,2869,2607.0
2019-07-30 12:00:00,validation,昨日同时刻,3230,3081.0
2019-07-30 13:00:00,validation,昨日同时刻,3167,3139.0
2019-07-30 14:00:00,validation,昨日同时刻,3229,3223.0
2019-07-30 15:00:00,validation,昨日同时刻,2618,3499.0
2019-07-30 16:00:00,validation,昨日同时刻,4591,4826.0
2019-07-30 17:00:00,validation,昨日同时刻,8825,8822.0
2019-07-30 18:00:00,validation,昨日同时刻,9049,9063.0
2019-07-30 19:00:00,validation,昨日同时刻,6508,6661.0
2019-07-30 20:00:00,validation,昨日同时刻,4546,4870.0
2019-07-30 21:00:00,validation,昨日同时刻,3181,2971.0
2019-07-30 22:00:00,validation,昨日同时刻,2273,2172.0
2019-07-30 23:00:00,validation,昨日同时刻,1376,1149.0
2019-07-31 00:00:00,validation,昨日同时刻,691,530.0
2019-07-31 01:00:00,validation,昨日同时刻,379,323.0
2019-07-31 02:00:00,validation,昨日同时刻,180,185.0
2019-07-31 03:00:00,validation,昨日同时刻,119,103.0
2019-07-31 04:00:00,validation,昨日同时刻,156,150.0
2019-07-31 05:00:00,validation,昨日同时刻,735,745.0
2019-07-31 06:00:00,validation,昨日同时刻,2290,2439.0
2019-07-31 07:00:00,validation,昨日同时刻,4676,4536.0
2019-07-31 08:00:00,validation,昨日同时刻,7749,7707.0
2019-07-31 09:00:00,validation,昨日同时刻,5626,5429.0
2019-07-31 10:00:00,validation,昨日同时刻,3193,3063.0
2019-07-31 11:00:00,validation,昨日同时刻,3063,2869.0
2019-07-31 12:00:00,validation,昨日同时刻,3499,3230.0
2019-07-31 13:00:00,validation,昨日同时刻,3545,3167.0
2019-07-31 14:00:00,validation,昨日同时刻,2614,3229.0
2019-07-31 15:00:00,validation,昨日同时刻,1898,2618.0
2019-07-31 16:00:00,validation,昨日同时刻,1333,4591.0
2019-07-31 17:00:00,validation,昨日同时刻,3046,8825.0
2019-07-31 18:00:00,validation,昨日同时刻,5215,9049.0
2019-07-31 19:00:00,validation,昨日同时刻,5410,6508.0
2019-07-31 20:00:00,validation,昨日同时刻,3835,4546.0
2019-07-31 21:00:00,validation,昨日同时刻,2781,3181.0
2019-07-31 22:00:00,validation,昨日同时刻,2114,2273.0
2019-07-31 23:00:00,validation,昨日同时刻,1375,1376.0
2019-08-01 00:00:00,validation,昨日同时刻,701,691.0
2019-08-01 01:00:00,validation,昨日同时刻,344,379.0
2019-08-01 02:00:00,validation,昨日同时刻,195,180.0
2019-08-01 03:00:00,validation,昨日同时刻,129,119.0
2019-08-01 04:00:00,validation,昨日同时刻,181,156.0
2019-08-01 05:00:00,validation,昨日同时刻,708,735.0
2019-08-01 06:00:00,validation,昨日同时刻,2283,2290.0
2019-08-01 07:00:00,validation,昨日同时刻,4383,4676.0
2019-08-01 08:00:00,validation,昨日同时刻,7590,7749.0
2019-08-01 09:00:00,validation,昨日同时刻,5520,5626.0
2019-08-01 10:00:00,validation,昨日同时刻,3127,3193.0
2019-08-01 11:00:00,validation,昨日同时刻,3169,3063.0
2019-08-01 12:00:00,validation,昨日同时刻,3476,3499.0
2019-08-01 13:00:00,validation,昨日同时刻,3600,3545.0
2019-08-01 14:00:00,validation,昨日同时刻,3690,2614.0
2019-08-01 15:00:00,validation,昨日同时刻,4053,1898.0
2019-08-01 16:00:00,validation,昨日同时刻,5567,1333.0
2019-08-01 17:00:00,validation,昨日同时刻,9216,3046.0
2019-08-01 18:00:00,validation,昨日同时刻,9735,5215.0
2019-08-01 19:00:00,validation,昨日同时刻,6822,5410.0
2019-08-01 20:00:00,validation,昨日同时刻,4923,3835.0
2019-08-01 21:00:00,validation,昨日同时刻,3682,2781.0
2019-08-01 22:00:00,validation,昨日同时刻,2777,2114.0
2019-08-01 23:00:00,validation,昨日同时刻,1759,1375.0
2019-08-02 00:00:00,validation,昨日同时刻,933,701.0
2019-08-02 01:00:00,validation,昨日同时刻,456,344.0
2019-08-02 02:00:00,validation,昨日同时刻,280,195.0
2019-08-02 03:00:00,validation,昨日同时刻,174,129.0
2019-08-02 04:00:00,validation,昨日同时刻,168,181.0
2019-08-02 05:00:00,validation,昨日同时刻,602,708.0
2019-08-02 06:00:00,validation,昨日同时刻,1966,2283.0
2019-08-02 07:00:00,validation,昨日同时刻,3781,4383.0
2019-08-02 08:00:00,validation,昨日同时刻,6819,7590.0
2019-08-02 09:00:00,validation,昨日同时刻,5361,5520.0
2019-08-02 10:00:00,validation,昨日同时刻,3302,3127.0
2019-08-02 11:00:00,validation,昨日同时刻,3424,3169.0
2019-08-02 12:00:00,validation,昨日同时刻,4144,3476.0
2019-08-02 13:00:00,validation,昨日同时刻,4326,3600.0
2019-08-02 14:00:00,validation,昨日同时刻,4440,3690.0
2019-08-02 15:00:00,validation,昨日同时刻,5155,4053.0
2019-08-02 16:00:00,validation,昨日同时刻,6314,5567.0
2019-08-02 17:00:00,validation,昨日同时刻,8093,9216.0
2019-08-02 18:00:00,validation,昨日同时刻,6941,9735.0
2019-08-02 19:00:00,validation,昨日同时刻,5347,6822.0
2019-08-02 20:00:00,validation,昨日同时刻,3740,4923.0
2019-08-02 21:00:00,validation,昨日同时刻,2559,3682.0
2019-08-02 22:00:00,validation,昨日同时刻,2144,2777.0
2019-08-02 23:00:00,validation,昨日同时刻,1699,1759.0
2019-08-03 00:00:00,validation,昨日同时刻,1244,933.0
2019-08-03 01:00:00,validation,昨日同时刻,891,456.0
2019-08-03 02:00:00,validation,昨日同时刻,559,280.0
2019-08-03 03:00:00,validation,昨日同时刻,372,174.0
2019-08-03 04:00:00,validation,昨日同时刻,208,168.0
2019-08-03 05:00:00,validation,昨日同时刻,210,602.0
2019-08-03 06:00:00,validation,昨日同时刻,543,1966.0
2019-08-03 07:00:00,validation,昨日同时刻,1290,3781.0
2019-08-03 08:00:00,validation,昨日同时刻,2348,6819.0
2019-08-03 09:00:00,validation,昨日同时刻,3854,5361.0
2019-08-03 10:00:00,validation,昨日同时刻,5157,3302.0
2019-08-03 11:00:00,validation,昨日同时刻,6060,3424.0
2019-08-03 12:00:00,validation,昨日同时刻,6515,4144.0
2019-08-03 13:00:00,validation,昨日同时刻,5799,4326.0
2019-08-03 14:00:00,validation,昨日同时刻,5678,4440.0
2019-08-03 15:00:00,validation,昨日同时刻,5864,5155.0
2019-08-03 16:00:00,validation,昨日同时刻,5609,6314.0
2019-08-03 17:00:00,validation,昨日同时刻,5457,8093.0
2019-08-03 18:00:00,validation,昨日同时刻,5282,6941.0
2019-08-03 19:00:00,validation,昨日同时刻,4626,5347.0
2019-08-03 20:00:00,validation,昨日同时刻,3560,3740.0
2019-08-03 21:00:00,validation,昨日同时刻,2565,2559.0
2019-08-03 22:00:00,validation,昨日同时刻,2129,2144.0
2019-08-03 23:00:00,validation,昨日同时刻,1340,1699.0
2019-08-04 00:00:00,validation,昨日同时刻,564,1244.0
2019-08-04 01:00:00,validation,昨日同时刻,642,891.0
2019-08-04 02:00:00,validation,昨日同时刻,453,559.0
2019-08-04 03:00:00,validation,昨日同时刻,318,372.0
2019-08-04 04:00:00,validation,昨日同时刻,212,208.0
2019-08-04 05:00:00,validation,昨日同时刻,172,210.0
2019-08-04 06:00:00,validation,昨日同时刻,371,543.0
2019-08-04 07:00:00,validation,昨日同时刻,862,1290.0
2019-08-04 08:00:00,validation,昨日同时刻,1560,2348.0
2019-08-04 09:00:00,validation,昨日同时刻,2646,3854.0
2019-08-04 10:00:00,validation,昨日同时刻,3650,5157.0
2019-08-04 11:00:00,validation,昨日同时刻,4555,6060.0
2019-08-04 12:00:00,validation,昨日同时刻,5195,6515.0
2019-08-04 13:00:00,validation,昨日同时刻,5439,5799.0
2019-08-04 14:00:00,validation,昨日同时刻,5474,5678.0
2019-08-04 15:00:00,validation,昨日同时刻,5759,5864.0
2019-08-04 16:00:00,validation,昨日同时刻,5709,5609.0
2019-08-04 17:00:00,validation,昨日同时刻,5650,5457.0
2019-08-04 18:00:00,validation,昨日同时刻,5186,5282.0
2019-08-04 19:00:00,validation,昨日同时刻,4337,4626.0
2019-08-04 20:00:00,validation,昨日同时刻,3136,3560.0
2019-08-04 21:00:00,validation,昨日同时刻,2197,2565.0
2019-08-04 22:00:00,validation,昨日同时刻,1671,2129.0
2019-08-04 23:00:00,validation,昨日同时刻,976,1340.0
2019-08-05 00:00:00,validation,昨日同时刻,562,564.0
2019-08-05 01:00:00,validation,昨日同时刻,286,642.0
2019-08-05 02:00:00,validation,昨日同时刻,154,453.0
2019-08-05 03:00:00,validation,昨日同时刻,123,318.0
2019-08-05 04:00:00,validation,昨日同时刻,134,212.0
2019-08-05 05:00:00,validation,昨日同时刻,611,172.0
2019-08-05 06:00:00,validation,昨日同时刻,2072,371.0
2019-08-05 07:00:00,validation,昨日同时刻,4106,862.0
2019-08-05 08:00:00,validation,昨日同时刻,7179,1560.0
2019-08-05 09:00:00,validation,昨日同时刻,5118,2646.0
2019-08-05 10:00:00,validation,昨日同时刻,3014,3650.0
2019-08-05 11:00:00,validation,昨日同时刻,2894,4555.0
2019-08-05 12:00:00,validation,昨日同时刻,3571,5195.0
2019-08-05 13:00:00,validation,昨日同时刻,3598,5439.0
2019-08-05 14:00:00,validation,昨日同时刻,3579,5474.0
2019-08-05 15:00:00,validation,昨日同时刻,4106,5759.0
2019-08-05 16:00:00,validation,昨日同时刻,5197,5709.0
2019-08-05 17:00:00,validation,昨日同时刻,9391,5650.0
2019-08-05 18:00:00,validation,昨日同时刻,9285,5186.0
2019-08-05 19:00:00,validation,昨日同时刻,6745,4337.0
2019-08-05 20:00:00,validation,昨日同时刻,4632,3136.0
2019-08-05 21:00:00,validation,昨日同时刻,2932,2197.0
2019-08-05 22:00:00,validation,昨日同时刻,1945,1671.0
2019-08-05 23:00:00,validation,昨日同时刻,1109,976.0
2019-08-06 00:00:00,validation,昨日同时刻,644,562.0
2019-08-06 01:00:00,validation,昨日同时刻,299,286.0
2019-08-06 02:00:00,validation,昨日同时刻,177,154.0
2019-08-06 03:00:00,validation,昨日同时刻,104,123.0
2019-08-06 04:00:00,validation,昨日同时刻,149,134.0
2019-08-06 05:00:00,validation,昨日同时刻,686,611.0
2019-08-06 06:00:00,validation,昨日同时刻,2367,2072.0
2019-08-06 07:00:00,validation,昨日同时刻,4494,4106.0
2019-08-06 08:00:00,validation,昨日同时刻,7881,7179.0
2019-08-06 09:00:00,validation,昨日同时刻,5665,5118.0
2019-08-06 10:00:00,validation,昨日同时刻,3132,3014.0
2019-08-06 11:00:00,validation,昨日同时刻,3027,2894.0
2019-08-06 12:00:00,validation,昨日同时刻,2246,3571.0
2019-08-06 13:00:00,validation,昨日同时刻,2417,3598.0
2019-08-06 14:00:00,validation,昨日同时刻,3250,3579.0
2019-08-06 15:00:00,validation,昨日同时刻,3833,4106.0
2019-08-06 16:00:00,validation,昨日同时刻,5100,5197.0
2019-08-06 17:00:00,validation,昨日同时刻,9394,9391.0
2019-08-06 18:00:00,validation,昨日同时刻,9602,9285.0
2019-08-06 19:00:00,validation,昨日同时刻,6813,6745.0
2019-08-06 20:00:00,validation,昨日同时刻,4612,4632.0
2019-08-06 21:00:00,validation,昨日同时刻,3019,2932.0
2019-08-06 22:00:00,validation,昨日同时刻,2280,1945.0
2019-08-06 23:00:00,validation,昨日同时刻,1244,1109.0
2019-08-07 00:00:00,validation,昨日同时刻,688,644.0
2019-08-07 01:00:00,validation,昨日同时刻,328,299.0
2019-08-07 02:00:00,validation,昨日同时刻,205,177.0
2019-08-07 03:00:00,validation,昨日同时刻,133,104.0
2019-08-07 04:00:00,validation,昨日同时刻,188,149.0
2019-08-07 05:00:00,validation,昨日同时刻,655,686.0
2019-08-07 06:00:00,validation,昨日同时刻,2262,2367.0
2019-08-07 07:00:00,validation,昨日同时刻,4237,4494.0
2019-08-07 08:00:00,validation,昨日同时刻,7521,7881.0
2019-08-07 09:00:00,validation,昨日同时刻,5786,5665.0
2019-08-07 10:00:00,validation,昨日同时刻,3220,3132.0
2019-08-07 11:00:00,validation,昨日同时刻,3120,3027.0
2019-08-07 12:00:00,validation,昨日同时刻,3625,2246.0
2019-08-07 13:00:00,validation,昨日同时刻,3520,2417.0
2019-08-07 14:00:00,validation,昨日同时刻,2400,3250.0
2019-08-07 15:00:00,validation,昨日同时刻,1715,3833.0
2019-08-07 16:00:00,validation,昨日同时刻,2910,5100.0
2019-08-07 17:00:00,validation,昨日同时刻,1725,9394.0
2019-08-07 18:00:00,validation,昨日同时刻,1898,9602.0
2019-08-07 19:00:00,validation,昨日同时刻,1915,6813.0
2019-08-07 20:00:00,validation,昨日同时刻,782,4612.0
2019-08-07 21:00:00,validation,昨日同时刻,1130,3019.0
2019-08-07 22:00:00,validation,昨日同时刻,1259,2280.0
2019-08-07 23:00:00,validation,昨日同时刻,927,1244.0
2019-08-08 00:00:00,validation,昨日同时刻,544,688.0
2019-08-08 01:00:00,validation,昨日同时刻,283,328.0
2019-08-08 02:00:00,validation,昨日同时刻,182,205.0
2019-08-08 03:00:00,validation,昨日同时刻,115,133.0
2019-08-08 04:00:00,validation,昨日同时刻,151,188.0
2019-08-08 05:00:00,validation,昨日同时刻,676,655.0
2019-08-08 06:00:00,validation,昨日同时刻,2202,2262.0
2019-08-08 07:00:00,validation,昨日同时刻,4356,4237.0
2019-08-08 08:00:00,validation,昨日同时刻,7059,7521.0
2019-08-08 09:00:00,validation,昨日同时刻,5008,5786.0
2019-08-08 10:00:00,validation,昨日同时刻,3013,3220.0
2019-08-08 11:00:00,validation,昨日同时刻,2971,3120.0
2019-08-08 12:00:00,validation,昨日同时刻,3553,3625.0
2019-08-08 13:00:00,validation,昨日同时刻,3658,3520.0
2019-08-08 14:00:00,validation,昨日同时刻,3568,2400.0
2019-08-08 15:00:00,validation,昨日同时刻,3923,1715.0
2019-08-08 16:00:00,validation,昨日同时刻,5190,2910.0
2019-08-08 17:00:00,validation,昨日同时刻,8757,1725.0
2019-08-08 18:00:00,validation,昨日同时刻,9256,1898.0
2019-07-16 14:00:00,validation,岭回归,3426,3699.6517900166855
2019-07-16 15:00:00,validation,岭回归,3755,3841.872984749235
2019-07-16 16:00:00,validation,岭回归,4961,4743.702660349639
2019-07-16 17:00:00,validation,岭回归,8851,7442.212054715372
2019-07-16 18:00:00,validation,岭回归,9142,8765.898537995074
2019-07-16 19:00:00,validation,岭回归,6671,7430.16049339756
2019-07-16 20:00:00,validation,岭回归,4813,5351.6955366607945
2019-07-16 21:00:00,validation,岭回归,3463,3678.099423855164
2019-07-16 22:00:00,validation,岭回归,2329,2814.214041326675
2019-07-16 23:00:00,validation,岭回归,1361,1742.1071281923623
2019-07-17 00:00:00,validation,岭回归,625,956.853278538194
2019-07-17 01:00:00,validation,岭回归,295,471.37402565087496
2019-07-17 02:00:00,validation,岭回归,160,296.6616335574413
2019-07-17 03:00:00,validation,岭回归,122,226.35023004412642
2019-07-17 04:00:00,validation,岭回归,188,279.82305235063313
2019-07-17 05:00:00,validation,岭回归,689,670.2851582460357
2019-07-17 06:00:00,validation,岭回归,2306,1945.0210324408322
2019-07-17 07:00:00,validation,岭回归,4477,4056.509932808204
2019-07-17 08:00:00,validation,岭回归,7607,6846.210323189813
2019-07-17 09:00:00,validation,岭回归,5560,6537.136275010042
2019-07-17 10:00:00,validation,岭回归,2929,4264.590604752135
2019-07-17 11:00:00,validation,岭回归,2724,3233.8320385533543
2019-07-17 12:00:00,validation,岭回归,3166,3492.3925901191437
2019-07-17 13:00:00,validation,岭回归,3110,3562.0833056259503
2019-07-17 14:00:00,validation,岭回归,3052,3572.2822165600246
2019-07-17 15:00:00,validation,岭回归,3294,3631.1846977287437
2019-07-17 16:00:00,validation,岭回归,4531,4449.356033914346
2019-07-17 17:00:00,validation,岭回归,7918,7113.998381651441
2019-07-17 18:00:00,validation,岭回归,8199,7923.182894835434
2019-07-17 19:00:00,validation,岭回归,5837,6446.633018305385
2019-07-17 20:00:00,validation,岭回归,1077,4728.171324408811
2019-07-17 21:00:00,validation,岭回归,648,1140.9623420020382
2019-07-17 22:00:00,validation,岭回归,316,732.7115942271967
2019-07-17 23:00:00,validation,岭回归,277,22.86938022132199
2019-07-18 00:00:00,validation,岭回归,348,0.0
2019-07-18 01:00:00,validation,岭回归,197,0.0
2019-07-18 02:00:00,validation,岭回归,128,0.0
2019-07-18 03:00:00,validation,岭回归,72,39.00191360190547
2019-07-18 04:00:00,validation,岭回归,121,0.0
2019-07-18 05:00:00,validation,岭回归,544,416.08324356617413
2019-07-18 06:00:00,validation,岭回归,1916,1676.9577403092953
2019-07-18 07:00:00,validation,岭回归,3898,3590.6889291634297
2019-07-18 08:00:00,validation,岭回归,2995,6252.937772897016
2019-07-18 09:00:00,validation,岭回归,2396,3222.2841787505845
2019-07-18 10:00:00,validation,岭回归,1309,1904.0133854650771
2019-07-18 11:00:00,validation,岭回归,1972,1935.5178309052162
2019-07-18 12:00:00,validation,岭回归,2668,2755.832805228608
2019-07-18 13:00:00,validation,岭回归,3037,3052.757751964834
2019-07-18 14:00:00,validation,岭回归,3102,3154.9523519843497
2019-07-18 15:00:00,validation,岭回归,3460,3002.136621503358
2019-07-18 16:00:00,validation,岭回归,4556,3289.285044955381
2019-07-18 17:00:00,validation,岭回归,7591,5623.585999886578
2019-07-18 18:00:00,validation,岭回归,7057,6879.12623333117
2019-07-18 19:00:00,validation,岭回归,4602,4805.457464338683
2019-07-18 20:00:00,validation,岭回归,3362,2635.0085277245616
2019-07-18 21:00:00,validation,岭回归,2509,1806.639198764073
2019-07-18 22:00:00,validation,岭回归,2038,1571.7258877669885
2019-07-18 23:00:00,validation,岭回归,1146,1224.5502771550703
2019-07-19 00:00:00,validation,岭回归,718,716.0790948971335
2019-07-19 01:00:00,validation,岭回归,420,468.6036310118525
2019-07-19 02:00:00,validation,岭回归,231,332.5406572921729
2019-07-19 03:00:00,validation,岭回归,129,224.05847161945076
2019-07-19 04:00:00,validation,岭回归,176,219.83490034026818
2019-07-19 05:00:00,validation,岭回归,560,571.133975124133
2019-07-19 06:00:00,validation,岭回归,1779,1704.9466826130022
2019-07-19 07:00:00,validation,岭回归,3682,3509.7259179686303
2019-07-19 08:00:00,validation,岭回归,6400,5552.227039432176
2019-07-19 09:00:00,validation,岭回归,5283,5198.319850657788
2019-07-19 10:00:00,validation,岭回归,3221,3790.937968265458
2019-07-19 11:00:00,validation,岭回归,2994,3311.1883162210256
2019-07-19 12:00:00,validation,岭回归,3609,3557.1908227259196
2019-07-19 13:00:00,validation,岭回归,3802,3884.338331737653
2019-07-19 14:00:00,validation,岭回归,3883,4077.1724872935347
2019-07-19 15:00:00,validation,岭回归,4399,4286.958680360411
2019-07-19 16:00:00,validation,岭回归,5529,5290.869756483684
2019-07-19 17:00:00,validation,岭回归,6886,7553.79087475425
2019-07-19 18:00:00,validation,岭回归,6831,6918.887453156798
2019-07-19 19:00:00,validation,岭回归,5052,5475.205740766068
2019-07-19 20:00:00,validation,岭回归,3461,4011.5280585414193
2019-07-19 21:00:00,validation,岭回归,2436,2658.2640444040267
2019-07-19 22:00:00,validation,岭回归,1910,2157.284649411954
2019-07-19 23:00:00,validation,岭回归,1571,1576.8001621261926
2019-07-20 00:00:00,validation,岭回归,1117,1115.576209229509
2019-07-20 01:00:00,validation,岭回归,764,813.2553507533453
2019-07-20 02:00:00,validation,岭回归,501,606.1786131546442
2019-07-20 03:00:00,validation,岭回归,290,413.01759423810563
2019-07-20 04:00:00,validation,岭回归,168,330.2299470890266
2019-07-20 05:00:00,validation,岭回归,200,503.0450834867179
2019-07-20 06:00:00,validation,岭回归,525,1209.4369421785723
2019-07-20 07:00:00,validation,岭回归,1169,2165.6242644657127
2019-07-20 08:00:00,validation,岭回归,1872,3528.569397355328
2019-07-20 09:00:00,validation,岭回归,2686,2151.551887139568
2019-07-20 10:00:00,validation,岭回归,3463,2407.3818802169694
2019-07-20 11:00:00,validation,岭回归,3500,3873.3228968481258
2019-07-20 12:00:00,validation,岭回归,3618,4267.800873640059
2019-07-20 13:00:00,validation,岭回归,3463,4161.21582669192
2019-07-20 14:00:00,validation,岭回归,3310,4076.878449851759
2019-07-20 15:00:00,validation,岭回归,3252,4052.0964921654822
2019-07-20 16:00:00,validation,岭回归,3279,4433.891745552253
2019-07-20 17:00:00,validation,岭回归,3336,5422.401232889451
2019-07-20 18:00:00,validation,岭回归,3268,4049.225818884121
2019-07-20 19:00:00,validation,岭回归,3045,2906.616855115941
2019-07-20 20:00:00,validation,岭回归,2556,2683.2124031534986
2019-07-20 21:00:00,validation,岭回归,2053,2073.5539136834163
2019-07-20 22:00:00,validation,岭回归,1666,1891.4164415659566
2019-07-20 23:00:00,validation,岭回归,1364,1440.6081767754204
2019-07-21 00:00:00,validation,岭回归,957,1038.946455245046
2019-07-21 01:00:00,validation,岭回归,702,735.3064925525355
2019-07-21 02:00:00,validation,岭回归,459,577.5488010597414
2019-07-21 03:00:00,validation,岭回归,335,390.8073532153262
2019-07-21 04:00:00,validation,岭回归,182,322.6486600450785
2019-07-21 05:00:00,validation,岭回归,148,416.7832109200358
2019-07-21 06:00:00,validation,岭回归,364,951.1056963449653
2019-07-21 07:00:00,validation,岭回归,743,1653.850121021623
2019-07-21 08:00:00,validation,岭回归,1353,2586.8718031215
2019-07-21 09:00:00,validation,岭回归,2066,1359.2492210107034
2019-07-21 10:00:00,validation,岭回归,2732,1877.7764617497537
2019-07-21 11:00:00,validation,岭回归,3153,3262.314414317609
2019-07-21 12:00:00,validation,岭回归,3356,3862.8407225504984
2019-07-21 13:00:00,validation,岭回归,3497,3797.6957978545656
2019-07-21 14:00:00,validation,岭回归,3337,3999.230807835558
2019-07-21 15:00:00,validation,岭回归,3426,3916.0605622444127
2019-07-21 16:00:00,validation,岭回归,3573,4291.088779265889
2019-07-21 17:00:00,validation,岭回归,3453,5168.930782677446
2019-07-21 18:00:00,validation,岭回归,3632,3702.0542475587677
2019-07-21 19:00:00,validation,岭回归,3374,2648.5236230833484
2019-07-21 20:00:00,validation,岭回归,2762,2519.728022482055
2019-07-21 21:00:00,validation,岭回归,2243,1950.4672990239078
2019-07-21 22:00:00,validation,岭回归,1566,1768.9155309698401
2019-07-21 23:00:00,validation,岭回归,709,1124.7892698569337
2019-07-22 00:00:00,validation,岭回归,460,520.6176249869586
2019-07-22 01:00:00,validation,岭回归,261,370.1060675656854
2019-07-22 02:00:00,validation,岭回归,151,266.68473457892105
2019-07-22 03:00:00,validation,岭回归,97,207.70356976937273
2019-07-22 04:00:00,validation,岭回归,146,228.5872484929414
2019-07-22 05:00:00,validation,岭回归,585,507.32896423995226
2019-07-22 06:00:00,validation,岭回归,1936,1314.7383177776908
2019-07-22 07:00:00,validation,岭回归,4096,2984.2586001251275
2019-07-22 08:00:00,validation,岭回归,6597,5588.080498088235
2019-07-22 09:00:00,validation,岭回归,4810,5329.529715897438
2019-07-22 10:00:00,validation,岭回归,2599,3588.5868000962946
2019-07-22 11:00:00,validation,岭回归,2566,2884.9113163585916
2019-07-22 12:00:00,validation,岭回归,2798,3251.82343587499
2019-07-22 13:00:00,validation,岭回归,3054,3246.156508335794
2019-07-22 14:00:00,validation,岭回归,2961,3428.688248877125
2019-07-22 15:00:00,validation,岭回归,2852,3454.6552242913376
2019-07-22 16:00:00,validation,岭回归,3699,3520.127892524327
2019-07-22 17:00:00,validation,岭回归,5801,3236.022712780439
2019-07-22 18:00:00,validation,岭回归,1693,2547.5203371078096
2019-07-22 19:00:00,validation,岭回归,663,1191.3248326172643
2019-07-22 20:00:00,validation,岭回归,1124,791.2264125252
2019-07-22 21:00:00,validation,岭回归,1478,686.3288979944696
2019-07-22 22:00:00,validation,岭回归,1219,1105.485685452536
2019-07-22 23:00:00,validation,岭回归,689,776.7526321838004
2019-07-23 00:00:00,validation,岭回归,187,337.8461579418681
2019-07-23 01:00:00,validation,岭回归,162,0.0
2019-07-23 02:00:00,validation,岭回归,65,23.59610436159619
2019-07-23 03:00:00,validation,岭回归,53,0.0
2019-07-23 04:00:00,validation,岭回归,60,22.6099684391138
2019-07-23 05:00:00,validation,岭回归,348,163.59200017643707
2019-07-23 06:00:00,validation,岭回归,383,765.6529468059989
2019-07-23 07:00:00,validation,岭回归,1338,1118.28754528057
2019-07-23 08:00:00,validation,岭回归,5592,1868.4156992652263
2019-07-23 09:00:00,validation,岭回归,4955,1686.4872579598812
2019-07-23 10:00:00,validation,岭回归,2546,2061.801220197232
2019-07-23 11:00:00,validation,岭回归,2363,2464.279866270544
2019-07-23 12:00:00,validation,岭回归,3056,3003.4406656654246
2019-07-23 13:00:00,validation,岭回归,3226,3317.872277279751
2019-07-23 14:00:00,validation,岭回归,3289,3434.249685453675
2019-07-23 15:00:00,validation,岭回归,3639,3559.5622687987543
2019-07-23 16:00:00,validation,岭回归,4185,4375.954185877995
2019-07-23 17:00:00,validation,岭回归,7089,6393.688874862342
2019-07-23 18:00:00,validation,岭回归,8387,6533.741201578638
2019-07-23 19:00:00,validation,岭回归,5643,5953.382067005812
2019-07-23 20:00:00,validation,岭回归,3864,3941.4940218059946
2019-07-23 21:00:00,validation,岭回归,2678,2646.690458362913
2019-07-23 22:00:00,validation,岭回归,1929,2080.5315269075686
2019-07-23 23:00:00,validation,岭回归,1195,1325.9412798935377
2019-07-24 00:00:00,validation,岭回归,652,701.1128229331948
2019-07-24 01:00:00,validation,岭回归,275,355.57739599303613
2019-07-24 02:00:00,validation,岭回归,134,197.47493677392367
2019-07-24 03:00:00,validation,岭回归,102,118.87755674416121
2019-07-24 04:00:00,validation,岭回归,152,196.10384962094076
2019-07-24 05:00:00,validation,岭回归,701,545.3043304676389
2019-07-24 06:00:00,validation,岭回归,2363,1659.9778877215915
2019-07-24 07:00:00,validation,岭回归,4710,3642.189203083717
2019-07-24 08:00:00,validation,岭回归,7849,6684.138457398551
2019-07-24 09:00:00,validation,岭回归,5699,6556.515627084982
2019-07-24 10:00:00,validation,岭回归,3111,4204.466119204274
2019-07-24 11:00:00,validation,岭回归,3033,3206.054120306996
2019-07-24 12:00:00,validation,岭回归,3630,3513.669719702886
2019-07-24 13:00:00,validation,岭回归,3676,3719.7451095852275
2019-07-24 14:00:00,validation,岭回归,3693,3766.4164862655543
2019-07-24 15:00:00,validation,岭回归,4248,3894.3811393678725
2019-07-24 16:00:00,validation,岭回归,5263,4852.633937129662
2019-07-24 17:00:00,validation,岭回归,9261,7205.839290369573
2019-07-24 18:00:00,validation,岭回归,9527,8750.952147384973
2019-07-24 19:00:00,validation,岭回归,6875,7350.470287405429
2019-07-24 20:00:00,validation,岭回归,5111,4754.998278506053
2019-07-24 21:00:00,validation,岭回归,3424,3384.7005453165384
2019-07-24 22:00:00,validation,岭回归,2510,2432.4959119312493
2019-07-24 23:00:00,validation,岭回归,1570,1676.527848932616
2019-07-25 00:00:00,validation,岭回归,812,863.3217576302231
2019-07-25 01:00:00,validation,岭回归,380,382.5961966243258
2019-07-25 02:00:00,validation,岭回归,202,159.3661809166224
2019-07-25 03:00:00,validation,岭回归,127,72.18455423783507
2019-07-25 04:00:00,validation,岭回归,159,93.97276354338373
2019-07-25 05:00:00,validation,岭回归,627,449.0522182626364
2019-07-25 06:00:00,validation,岭回归,2288,1661.9523367194531
2019-07-25 07:00:00,validation,岭回归,4420,3799.075660147734
2019-07-25 08:00:00,validation,岭回归,7603,5946.117361717708
2019-07-25 09:00:00,validation,岭回归,5624,5890.1766660491385
2019-07-25 10:00:00,validation,岭回归,3260,3856.064548728661
2019-07-25 11:00:00,validation,岭回归,3049,3154.462168394634
2019-07-25 12:00:00,validation,岭回归,3610,3418.737799989128
2019-07-25 13:00:00,validation,岭回归,3773,3653.421863689042
2019-07-25 14:00:00,validation,岭回归,3691,3793.875393731865
2019-07-25 15:00:00,validation,岭回归,4158,3869.511240467763
2019-07-25 16:00:00,validation,岭回归,5329,4800.212849730491
2019-07-25 17:00:00,validation,岭回归,8829,7336.936310745883
2019-07-25 18:00:00,validation,岭回归,9205,8296.19371206297
2019-07-25 19:00:00,validation,岭回归,6609,6975.3320977276035
2019-07-25 20:00:00,validation,岭回归,4771,4957.786093232211
2019-07-25 21:00:00,validation,岭回归,3419,3408.097781585577
2019-07-25 22:00:00,validation,岭回归,2685,2653.569161981191
2019-07-25 23:00:00,validation,岭回归,1720,1860.243761850211
2019-07-26 00:00:00,validation,岭回归,938,1179.402783933615
2019-07-26 01:00:00,validation,岭回归,493,648.2727780033456
2019-07-26 02:00:00,validation,岭回归,257,388.0277239584484
2019-07-26 03:00:00,validation,岭回归,174,242.76233556189527
2019-07-26 04:00:00,validation,岭回归,195,258.0259188980117
2019-07-26 05:00:00,validation,岭回归,570,581.9928495733266
2019-07-26 06:00:00,validation,岭回归,1917,1705.966632158881
2019-07-26 07:00:00,validation,岭回归,3940,3593.5534581562383
2019-07-26 08:00:00,validation,岭回归,6861,6215.985199565308
2019-07-26 09:00:00,validation,岭回归,5427,5918.337439874037
2019-07-26 10:00:00,validation,岭回归,3495,4152.497963616819
2019-07-26 11:00:00,validation,岭回归,3343,3605.0984733670302
2019-07-26 12:00:00,validation,岭回归,4045,3892.457878548468
2019-07-26 13:00:00,validation,岭回归,4356,4200.560019347252
2019-07-26 14:00:00,validation,岭回归,4508,4427.942010719018
2019-07-26 15:00:00,validation,岭回归,5156,4674.571260063528
2019-07-26 16:00:00,validation,岭回归,6249,5755.941494392539
2019-07-26 17:00:00,validation,岭回归,8012,7926.365870046755
2019-07-26 18:00:00,validation,岭回归,6993,7788.8607164897785
2019-07-26 19:00:00,validation,岭回归,5356,5656.351901578409
2019-07-26 20:00:00,validation,岭回归,3700,4226.394146395803
2019-07-26 21:00:00,validation,岭回归,2659,2817.4768011562664
2019-07-26 22:00:00,validation,岭回归,2314,2280.697565438741
2019-07-26 23:00:00,validation,岭回归,1830,1836.0059020278757
2019-07-27 00:00:00,validation,岭回归,1294,1258.0024566612174
2019-07-27 01:00:00,validation,岭回归,890,879.3013130121608
2019-07-27 02:00:00,validation,岭回归,592,626.5280963856776
2019-07-27 03:00:00,validation,岭回归,343,419.01367604730785
2019-07-27 04:00:00,validation,岭回归,231,299.518724485868
2019-07-27 05:00:00,validation,岭回归,231,473.82439402136606
2019-07-27 06:00:00,validation,岭回归,551,1168.5658362362474
2019-07-27 07:00:00,validation,岭回归,1172,2131.4339123871564
2019-07-27 08:00:00,validation,岭回归,2010,3453.5244429823556
2019-07-27 09:00:00,validation,岭回归,3211,2099.76630074708
2019-07-27 10:00:00,validation,岭回归,4135,2609.033843410235
2019-07-27 11:00:00,validation,岭回归,4804,4050.90943511417
2019-07-27 12:00:00,validation,岭回归,5297,4846.5453735532865
2019-07-27 13:00:00,validation,岭回归,5460,4986.573174785026
2019-07-27 14:00:00,validation,岭回归,5543,5102.112875184202
2019-07-27 15:00:00,validation,岭回归,5403,5247.523305817234
2019-07-27 16:00:00,validation,岭回归,5499,5620.530679831444
2019-07-27 17:00:00,validation,岭回归,5272,6642.48081186962
2019-07-27 18:00:00,validation,岭回归,5272,5046.676832654812
2019-07-27 19:00:00,validation,岭回归,4600,3954.4797097495375
2019-07-27 20:00:00,validation,岭回归,3543,3362.5619626971597
2019-07-27 21:00:00,validation,岭回归,2668,2473.566560174408
2019-07-27 22:00:00,validation,岭回归,2311,2116.4055244534743
2019-07-27 23:00:00,validation,岭回归,1771,1729.433755322224
2019-07-28 00:00:00,validation,岭回归,1314,1210.1762215785063
2019-07-28 01:00:00,validation,岭回归,893,914.2909075305345
2019-07-28 02:00:00,validation,岭回归,546,649.6919802826947
2019-07-28 03:00:00,validation,岭回归,373,406.6541592720928
2019-07-28 04:00:00,validation,岭回归,202,317.2616922869279
2019-07-28 05:00:00,validation,岭回归,196,400.2262026836629
2019-07-28 06:00:00,validation,岭回归,355,953.7799186448631
2019-07-28 07:00:00,validation,岭回归,750,1605.2146166187997
2019-07-28 08:00:00,validation,岭回归,1587,2519.2769024293684
2019-07-28 09:00:00,validation,岭回归,2607,1460.4250976613093
2019-07-28 10:00:00,validation,岭回归,3557,2168.4517591216504
2019-07-28 11:00:00,validation,岭回归,4449,3775.2111093440453
2019-07-28 12:00:00,validation,岭回归,4986,4705.324444022863
2019-07-28 13:00:00,validation,岭回归,5124,4904.097289572783
2019-07-28 14:00:00,validation,岭回归,5310,5015.959389498441
2019-07-28 15:00:00,validation,岭回归,5239,5156.733184042127
2019-07-28 16:00:00,validation,岭回归,5519,5470.043638281139
2019-07-28 17:00:00,validation,岭回归,5361,6418.9790104701315
2019-07-28 18:00:00,validation,岭回归,5356,4957.010766264028
2019-07-28 19:00:00,validation,岭回归,4965,3924.124621713695
2019-07-28 20:00:00,validation,岭回归,3656,3585.295070084092
2019-07-28 21:00:00,validation,岭回归,2593,2560.2092394015713
2019-07-28 22:00:00,validation,岭回归,1823,2024.6045246599776
2019-07-28 23:00:00,validation,岭回归,818,1261.0233750157554
2019-07-29 00:00:00,validation,岭回归,440,596.3544643163877
2019-07-29 01:00:00,validation,岭回归,288,361.8527426463761
2019-07-29 02:00:00,validation,岭回归,155,289.6427155213496
2019-07-29 03:00:00,validation,岭回归,104,212.34721852403618
2019-07-29 04:00:00,validation,岭回归,138,224.0816465783828
2019-07-29 05:00:00,validation,岭回归,616,515.0769750513555
2019-07-29 06:00:00,validation,岭回归,2122,1553.5262153317644
2019-07-29 07:00:00,validation,岭回归,4216,3355.892288831823
2019-07-29 08:00:00,validation,岭回归,6891,5727.829491416899
2019-07-29 09:00:00,validation,岭回归,4917,5514.406259597371
2019-07-29 10:00:00,validation,岭回归,2713,3736.3246309909605
2019-07-29 11:00:00,validation,岭回归,2607,3152.901254429358
2019-07-29 12:00:00,validation,岭回归,3081,3418.339116011142
2019-07-29 13:00:00,validation,岭回归,3139,3596.0396611590377
2019-07-29 14:00:00,validation,岭回归,3223,3670.3091345971575
2019-07-29 15:00:00,validation,岭回归,3499,3722.2024554543177
2019-07-29 16:00:00,validation,岭回归,4826,4403.174475817303
2019-07-29 17:00:00,validation,岭回归,8822,6409.421969295323
2019-07-29 18:00:00,validation,岭回归,9063,7036.067481888491
2019-07-29 19:00:00,validation,岭回归,6661,6119.963486942699
2019-07-29 20:00:00,validation,岭回归,4870,4595.09850136895
2019-07-29 21:00:00,validation,岭回归,2971,3351.278350538676
2019-07-29 22:00:00,validation,岭回归,2172,2264.124590978179
2019-07-29 23:00:00,validation,岭回归,1149,1484.524384665591
2019-07-30 00:00:00,validation,岭回归,530,696.5417998776966
2019-07-30 01:00:00,validation,岭回归,323,351.17226835767997
2019-07-30 02:00:00,validation,岭回归,185,278.1475246904429
2019-07-30 03:00:00,validation,岭回归,103,214.68189876755878
2019-07-30 04:00:00,validation,岭回归,150,223.33952737578966
2019-07-30 05:00:00,validation,岭回归,745,566.678130370573
2019-07-30 06:00:00,validation,岭回归,2439,1641.8813188819843
2019-07-30 07:00:00,validation,岭回归,4536,3598.6651648329457
2019-07-30 08:00:00,validation,岭回归,7707,6449.019798078029
2019-07-30 09:00:00,validation,岭回归,5429,6392.088512653795
2019-07-30 10:00:00,validation,岭回归,3063,4009.253588941221
2019-07-30 11:00:00,validation,岭回归,2869,3182.006838381636
2019-07-30 12:00:00,validation,岭回归,3230,3448.3145132344207
2019-07-30 13:00:00,validation,岭回归,3167,3519.0965269380176
2019-07-30 14:00:00,validation,岭回归,3229,3513.8350883386347
2019-07-30 15:00:00,validation,岭回归,2618,3665.8510074705273
2019-07-30 16:00:00,validation,岭回归,4591,3824.034495226254
2019-07-30 17:00:00,validation,岭回归,8825,6890.728190779699
2019-07-30 18:00:00,validation,岭回归,9049,8470.526603488854
2019-07-30 19:00:00,validation,岭回归,6508,7183.581999046797
2019-07-30 20:00:00,validation,岭回归,4546,5107.460493091774
2019-07-30 21:00:00,validation,岭回归,3181,3397.848772395578
2019-07-30 22:00:00,validation,岭回归,2273,2593.9821235057775
2019-07-30 23:00:00,validation,岭回归,1376,1698.4000981696026
2019-07-31 00:00:00,validation,岭回归,691,942.133514247706
2019-07-31 01:00:00,validation,岭回归,379,489.17751223275854
2019-07-31 02:00:00,validation,岭回归,180,335.3248976929831
2019-07-31 03:00:00,validation,岭回归,119,226.67272845450543
2019-07-31 04:00:00,validation,岭回归,156,256.4840063665474
2019-07-31 05:00:00,validation,岭回归,735,632.1503843687319
2019-07-31 06:00:00,validation,岭回归,2290,1961.640502455658
2019-07-31 07:00:00,validation,岭回归,4676,4041.1657394863523
2019-07-31 08:00:00,validation,岭回归,7749,6972.942953592585
2019-07-31 09:00:00,validation,岭回归,5626,6584.69577485803
2019-07-31 10:00:00,validation,岭回归,3193,4255.156177365644
2019-07-31 11:00:00,validation,岭回归,3063,3373.6595127923442
2019-07-31 12:00:00,validation,岭回归,3499,3645.1368465590494
2019-07-31 13:00:00,validation,岭回归,3545,3730.134263445703
2019-07-31 14:00:00,validation,岭回归,2614,3780.146638150569
2019-07-31 15:00:00,validation,岭回归,1898,3177.3265643776767
2019-07-31 16:00:00,validation,岭回归,1333,3343.596294098688
2019-07-31 17:00:00,validation,岭回归,3046,3614.435813908437
2019-07-31 18:00:00,validation,岭回归,5215,2717.8230615282782
2019-07-31 19:00:00,validation,岭回归,5410,4257.540083592072
2019-07-31 20:00:00,validation,岭回归,3835,4441.801206291841
2019-07-31 21:00:00,validation,岭回归,2781,2958.66331665322
2019-07-31 22:00:00,validation,岭回归,2114,2295.6223938035446
2019-07-31 23:00:00,validation,岭回归,1375,1561.127555305869
2019-08-01 00:00:00,validation,岭回归,701,700.7869874184998
2019-08-01 01:00:00,validation,岭回归,344,225.88183230367667
2019-08-01 02:00:00,validation,岭回归,195,144.06956787597846
2019-08-01 03:00:00,validation,岭回归,129,77.52908941644
2019-08-01 04:00:00,validation,岭回归,181,113.89521457324281
2019-08-01 05:00:00,validation,岭回归,708,498.49363257147434
2019-08-01 06:00:00,validation,岭回归,2283,1789.9465730107452
2019-08-01 07:00:00,validation,岭回归,4383,3869.0547380547523
2019-08-01 08:00:00,validation,岭回归,7590,6609.4876354478
2019-08-01 09:00:00,validation,岭回归,5520,6364.895693993445
2019-08-01 10:00:00,validation,岭回归,3127,4100.857913444881
2019-08-01 11:00:00,validation,岭回归,3169,3242.6678751626896
2019-08-01 12:00:00,validation,岭回归,3476,3638.0078040689477
2019-08-01 13:00:00,validation,岭回归,3600,3661.826597947365
2019-08-01 14:00:00,validation,岭回归,3690,3632.6683016497027
2019-08-01 15:00:00,validation,岭回归,4053,3693.560268971457
2019-08-01 16:00:00,validation,岭回归,5567,4381.75538405342
2019-08-01 17:00:00,validation,岭回归,9216,6960.028263494214
2019-08-01 18:00:00,validation,岭回归,9735,8384.490343043923
2019-08-01 19:00:00,validation,岭回归,6822,7489.925351314261
2019-08-01 20:00:00,validation,岭回归,4923,5185.210898546624
2019-08-01 21:00:00,validation,岭回归,3682,3591.9186829250866
2019-08-01 22:00:00,validation,岭回归,2777,2891.3426908710235
2019-08-01 23:00:00,validation,岭回归,1759,1993.7494878858315
2019-08-02 00:00:00,validation,岭回归,933,1233.869221286689
2019-08-02 01:00:00,validation,岭回归,456,651.6606068176352
2019-08-02 02:00:00,validation,岭回归,280,364.821026388071
2019-08-02 03:00:00,validation,岭回归,174,264.0507441135924
2019-08-02 04:00:00,validation,岭回归,168,273.1893282464871
2019-08-02 05:00:00,validation,岭回归,602,603.6201673238138
2019-08-02 06:00:00,validation,岭回归,1966,1780.1480222643772
2019-08-02 07:00:00,validation,岭回归,3781,3679.823867772985
2019-08-02 08:00:00,validation,岭回归,6819,6193.866555781867
2019-08-02 09:00:00,validation,岭回归,5361,5925.4629792345795
2019-08-02 10:00:00,validation,岭回归,3302,4145.791703316984
2019-08-02 11:00:00,validation,岭回归,3424,3536.2610841289966
2019-08-02 12:00:00,validation,岭回归,4144,3992.783182566439
2019-08-02 13:00:00,validation,岭回归,4326,4331.661069525799
2019-08-02 14:00:00,validation,岭回归,4440,4507.056851858453
2019-08-02 15:00:00,validation,岭回归,5155,4747.558294451118
2019-08-02 16:00:00,validation,岭回归,6314,5912.439707524494
2019-08-02 17:00:00,validation,岭回归,8093,8207.051813705866
2019-08-02 18:00:00,validation,岭回归,6941,7945.479215820489
2019-08-02 19:00:00,validation,岭回归,5347,5693.018122353542
2019-08-02 20:00:00,validation,岭回归,3740,4103.346689162034
2019-08-02 21:00:00,validation,岭回归,2559,2893.113737602454
2019-08-02 22:00:00,validation,岭回归,2144,2273.1822893888475
2019-08-02 23:00:00,validation,岭回归,1699,1756.7117202438396
2019-08-03 00:00:00,validation,岭回归,1244,1194.3201446772628
2019-08-03 01:00:00,validation,岭回归,891,862.4376856570689
2019-08-03 02:00:00,validation,岭回归,559,645.6784345137066
2019-08-03 03:00:00,validation,岭回归,372,408.6717438343794
2019-08-03 04:00:00,validation,岭回归,208,329.3900586582158
2019-08-03 05:00:00,validation,岭回归,210,472.4178474983664
2019-08-03 06:00:00,validation,岭回归,543,1169.75220034439
2019-08-03 07:00:00,validation,岭回归,1290,2114.1172858556524
2019-08-03 08:00:00,validation,岭回归,2348,3535.884733823594
2019-08-03 09:00:00,validation,岭回归,3854,2406.7590347941577
2019-08-03 10:00:00,validation,岭回归,5157,3130.0459488721203
2019-08-03 11:00:00,validation,岭回归,6060,4954.685642795006
2019-08-03 12:00:00,validation,岭回归,6515,5969.937632117048
2019-08-03 13:00:00,validation,岭回归,5799,6127.71500889755
2019-08-03 14:00:00,validation,岭回归,5678,5405.735158229384
2019-08-03 15:00:00,validation,岭回归,5864,5044.47802885983
2019-08-03 16:00:00,validation,岭回归,5609,6280.754403748839
2019-08-03 17:00:00,validation,岭回归,5457,7088.935778406139
2019-08-03 18:00:00,validation,岭回归,5282,5439.858990028451
2019-08-03 19:00:00,validation,岭回归,4626,4187.780477919225
2019-08-03 20:00:00,validation,岭回归,3560,3519.189707839034
2019-08-03 21:00:00,validation,岭回归,2565,2550.1955947702645
2019-08-03 22:00:00,validation,岭回归,2129,2104.8496212114965
2019-08-03 23:00:00,validation,岭回归,1340,1633.247704840237
2019-08-04 00:00:00,validation,岭回归,564,939.6393969658757
2019-08-04 01:00:00,validation,岭回归,642,402.44679939132175
2019-08-04 02:00:00,validation,岭回归,453,459.28983237899274
2019-08-04 03:00:00,validation,岭回归,318,335.4825496313365
2019-08-04 04:00:00,validation,岭回归,212,259.9805779717931
2019-08-04 05:00:00,validation,岭回归,172,390.9405830950677
2019-08-04 06:00:00,validation,岭回归,371,910.8703388174097
2019-08-04 07:00:00,validation,岭回归,862,1590.0966156464017
2019-08-04 08:00:00,validation,岭回归,1560,2644.488372823534
2019-08-04 09:00:00,validation,岭回归,2646,1571.6577859198987
2019-08-04 10:00:00,validation,岭回归,3650,2408.591426803352
2019-08-04 11:00:00,validation,岭回归,4555,4158.617533422756
2019-08-04 12:00:00,validation,岭回归,5195,5148.154918896518
2019-08-04 13:00:00,validation,岭回归,5439,5307.524314533643
2019-08-04 14:00:00,validation,岭回归,5474,5504.370166667846
2019-08-04 15:00:00,validation,岭回归,5759,5553.094479313354
2019-08-04 16:00:00,validation,岭回归,5709,6086.325645564662
2019-08-04 17:00:00,validation,岭回归,5650,6808.995358143768
2019-08-04 18:00:00,validation,岭回归,5186,5366.944319519033
2019-08-04 19:00:00,validation,岭回归,4337,4040.859888116434
2019-08-04 20:00:00,validation,岭回归,3136,3276.1125802479078
2019-08-04 21:00:00,validation,岭回归,2197,2197.6425497502505
2019-08-04 22:00:00,validation,岭回归,1671,1724.7606938053025
2019-08-04 23:00:00,validation,岭回归,976,1084.5298802303557
2019-08-05 00:00:00,validation,岭回归,562,571.7763598451502
2019-08-05 01:00:00,validation,岭回归,286,394.0027723018193
2019-08-05 02:00:00,validation,岭回归,154,265.3350790557497
2019-08-05 03:00:00,validation,岭回归,123,192.7685461823894
2019-08-05 04:00:00,validation,岭回归,134,235.54956310434864
2019-08-05 05:00:00,validation,岭回归,611,516.8177369511413
2019-08-05 06:00:00,validation,岭回归,2072,1582.2234632501638
2019-08-05 07:00:00,validation,岭回归,4106,3360.3245030463495
2019-08-05 08:00:00,validation,岭回归,7179,5693.677880547777
2019-08-05 09:00:00,validation,岭回归,5118,5732.501537442632
2019-08-05 10:00:00,validation,岭回归,3014,3894.8004877214153
2019-08-05 11:00:00,validation,岭回归,2894,3363.167725133182
2019-08-05 12:00:00,validation,岭回归,3571,3649.0770234182787
2019-08-05 13:00:00,validation,岭回归,3598,3926.105670961397
2019-08-05 14:00:00,validation,岭回归,3579,3970.290076809648
2019-08-05 15:00:00,validation,岭回归,4106,4041.84511320767
2019-08-05 16:00:00,validation,岭回归,5197,4932.41381084815
2019-08-05 17:00:00,validation,岭回归,9391,7096.445723960556
2019-08-05 18:00:00,validation,岭回归,9285,8577.180873633737
2019-08-05 19:00:00,validation,岭回归,6745,7148.840777163759
2019-08-05 20:00:00,validation,岭回归,4632,5147.631869702982
2019-08-05 21:00:00,validation,岭回归,2932,3337.147475910556
2019-08-05 22:00:00,validation,岭回归,1945,2330.455050621405
2019-08-05 23:00:00,validation,岭回归,1109,1378.5759732046884
2019-08-06 00:00:00,validation,岭回归,644,698.696627777922
2019-08-06 01:00:00,validation,岭回归,299,410.3938056348625
2019-08-06 02:00:00,validation,岭回归,177,232.55323276961008
2019-08-06 03:00:00,validation,岭回归,104,174.7224465981899
2019-08-06 04:00:00,validation,岭回归,149,198.8529980955027
2019-08-06 05:00:00,validation,岭回归,686,571.9304652692672
2019-08-06 06:00:00,validation,岭回归,2367,1857.0793887751865
2019-08-06 07:00:00,validation,岭回归,4494,3995.8957845332834
2019-08-06 08:00:00,validation,岭回归,7881,6755.554237418826
2019-08-06 09:00:00,validation,岭回归,5665,6585.0961412421775
2019-08-06 10:00:00,validation,岭回归,3132,4256.647629552021
2019-08-06 11:00:00,validation,岭回归,3027,3294.9350655949115
2019-08-06 12:00:00,validation,岭回归,2246,3586.441941885786
2019-08-06 13:00:00,validation,岭回归,2417,2761.2226542054955
2019-08-06 14:00:00,validation,岭回归,3250,2902.454090742346
2019-08-06 15:00:00,validation,岭回归,3833,3312.4307210068964
2019-08-06 16:00:00,validation,岭回归,5100,4486.155616704224
2019-08-06 17:00:00,validation,岭回归,9394,7458.594580929048
2019-08-06 18:00:00,validation,岭回归,9602,9081.200735817118
2019-08-06 19:00:00,validation,岭回归,6813,7577.885425885583
2019-08-06 20:00:00,validation,岭回归,4612,5216.611489937646
2019-08-06 21:00:00,validation,岭回归,3019,3456.0369252210203
2019-08-06 22:00:00,validation,岭回归,2280,2447.7347099705466
2019-08-06 23:00:00,validation,岭回归,1244,1674.22305454784
2019-08-07 00:00:00,validation,岭回归,688,826.5415982473676
2019-08-07 01:00:00,validation,岭回归,328,468.4812561392105
2019-08-07 02:00:00,validation,岭回归,205,274.8433735159292
2019-08-07 03:00:00,validation,岭回归,133,220.5131720274835
2019-08-07 04:00:00,validation,岭回归,188,246.88539034057112
2019-08-07 05:00:00,validation,岭回归,655,622.5778101279207
2019-08-07 06:00:00,validation,岭回归,2262,1883.4744694266867
2019-08-07 07:00:00,validation,岭回归,4237,3995.5863241542584
2019-08-07 08:00:00,validation,岭回归,7521,6692.170615942712
2019-08-07 09:00:00,validation,岭回归,5786,6479.024775017962
2019-08-07 10:00:00,validation,岭回归,3220,4320.390542257566
2019-08-07 11:00:00,validation,岭回归,3120,3125.144080530043
2019-08-07 12:00:00,validation,岭回归,3625,3515.6580116881205
2019-08-07 13:00:00,validation,岭回归,3520,3389.9726115561966
2019-08-07 14:00:00,validation,岭回归,2400,3335.847782557178
2019-08-07 15:00:00,validation,岭回归,1715,2562.7083696960813
2019-08-07 16:00:00,validation,岭回归,2910,1922.4787703730706
2019-08-07 17:00:00,validation,岭回归,1725,4840.826307165782
2019-08-07 18:00:00,validation,岭回归,1898,3232.0647604759415
2019-08-07 19:00:00,validation,岭回归,1915,1544.5859734750575
2019-08-07 20:00:00,validation,岭回归,782,1448.8629538958733
2019-08-07 21:00:00,validation,岭回归,1130,0.0
2019-08-07 22:00:00,validation,岭回归,1259,786.9890991126895
2019-08-07 23:00:00,validation,岭回归,927,769.4227331895245
2019-08-08 00:00:00,validation,岭回归,544,429.7517721225995
2019-08-08 01:00:00,validation,岭回归,283,241.86418669641444
2019-08-08 02:00:00,validation,岭回归,182,116.18226405931728
2019-08-08 03:00:00,validation,岭回归,115,72.5967949492615
2019-08-08 04:00:00,validation,岭回归,151,109.45622821018969
2019-08-08 05:00:00,validation,岭回归,676,476.39738369322095
2019-08-08 06:00:00,validation,岭回归,2202,1749.954503660799
2019-08-08 07:00:00,validation,岭回归,4356,3749.6298254805884
2019-08-08 08:00:00,validation,岭回归,7059,6570.639205822772
2019-08-08 09:00:00,validation,岭回归,5008,6012.339676570542
2019-08-08 10:00:00,validation,岭回归,3013,3721.8360065572633
2019-08-08 11:00:00,validation,岭回归,2971,3173.258657776517
2019-08-08 12:00:00,validation,岭回归,3553,3489.7175696553345
2019-08-08 13:00:00,validation,岭回归,3658,3689.975960187935
2019-08-08 14:00:00,validation,岭回归,3568,3669.64318439683
2019-08-08 15:00:00,validation,岭回归,3923,3607.878362021583
2019-08-08 16:00:00,validation,岭回归,5190,4566.18845207577
2019-08-08 17:00:00,validation,岭回归,8757,6666.364745289586
2019-08-08 18:00:00,validation,岭回归,9256,7813.080495371181
2019-07-16 14:00:00,validation,随机森林,3426,3504.988787812532
2019-07-16 15:00:00,validation,随机森林,3755,3615.7754419108214
2019-07-16 16:00:00,validation,随机森林,4961,4496.869065052222
2019-07-16 17:00:00,validation,随机森林,8851,8538.001475538762
2019-07-16 18:00:00,validation,随机森林,9142,8798.618550362891
2019-07-16 19:00:00,validation,随机森林,6671,7889.007664453496
2019-07-16 20:00:00,validation,随机森林,4813,4996.518003758144
2019-07-16 21:00:00,validation,随机森林,3463,3438.839081203948
2019-07-16 22:00:00,validation,随机森林,2329,2647.3537650913945
2019-07-16 23:00:00,validation,随机森林,1361,1586.0320033069352
2019-07-17 00:00:00,validation,随机森林,625,768.5187503973965
2019-07-17 01:00:00,validation,随机森林,295,371.67030170364166
2019-07-17 02:00:00,validation,随机森林,160,181.14116064289192
2019-07-17 03:00:00,validation,随机森林,122,110.6821156873196
2019-07-17 04:00:00,validation,随机森林,188,172.84633799196675
2019-07-17 05:00:00,validation,随机森林,689,612.5274858595891
2019-07-17 06:00:00,validation,随机森林,2306,2092.2043295324934
2019-07-17 07:00:00,validation,随机森林,4477,4502.595348519472
2019-07-17 08:00:00,validation,随机森林,7607,7318.60368155094
2019-07-17 09:00:00,validation,随机森林,5560,5476.031924406191
2019-07-17 10:00:00,validation,随机森林,2929,3267.3501792696898
2019-07-17 11:00:00,validation,随机森林,2724,2974.498796474609
2019-07-17 12:00:00,validation,随机森林,3166,3353.7370859792236
2019-07-17 13:00:00,validation,随机森林,3110,3467.3297573038435
2019-07-17 14:00:00,validation,随机森林,3052,3468.015281600572
2019-07-17 15:00:00,validation,随机森林,3294,3445.8336856554406
2019-07-17 16:00:00,validation,随机森林,4531,4074.641272275414
2019-07-17 17:00:00,validation,随机森林,7918,8053.964053274874
2019-07-17 18:00:00,validation,随机森林,8199,7647.666527746592
2019-07-17 19:00:00,validation,随机森林,5837,5893.19983628479
2019-07-17 20:00:00,validation,随机森林,1077,4873.434428754018
2019-07-17 21:00:00,validation,随机森林,648,1780.1341029856892
2019-07-17 22:00:00,validation,随机森林,316,1165.2577572760601
2019-07-17 23:00:00,validation,随机森林,277,813.2116480977321
2019-07-18 00:00:00,validation,随机森林,348,511.05454154412274
2019-07-18 01:00:00,validation,随机森林,197,300.84999475082225
2019-07-18 02:00:00,validation,随机森林,128,168.2038675841836
2019-07-18 03:00:00,validation,随机森林,72,124.34468953159757
2019-07-18 04:00:00,validation,随机森林,121,171.00682806567565
2019-07-18 05:00:00,validation,随机森林,544,521.195614040794
2019-07-18 06:00:00,validation,随机森林,1916,1909.1608642268739
2019-07-18 07:00:00,validation,随机森林,3898,3937.9041660442676
2019-07-18 08:00:00,validation,随机森林,2995,5587.199107631488
2019-07-18 09:00:00,validation,随机森林,2396,3650.9636327094095
2019-07-18 10:00:00,validation,随机森林,1309,2719.8274332599913
2019-07-18 11:00:00,validation,随机森林,1972,1897.3615320721135
2019-07-18 12:00:00,validation,随机森林,2668,2878.9138247260644
2019-07-18 13:00:00,validation,随机森林,3037,3309.995134589194
2019-07-18 14:00:00,validation,随机森林,3102,2998.831378478798
2019-07-18 15:00:00,validation,随机森林,3460,3160.540644297601
2019-07-18 16:00:00,validation,随机森林,4556,4092.1634868489996
2019-07-18 17:00:00,validation,随机森林,7591,6237.779056107279
2019-07-18 18:00:00,validation,随机森林,7057,7185.064183649594
2019-07-18 19:00:00,validation,随机森林,4602,5413.849727246503
2019-07-18 20:00:00,validation,随机森林,3362,3406.5356921942266
2019-07-18 21:00:00,validation,随机森林,2509,2207.775176239042
2019-07-18 22:00:00,validation,随机森林,2038,1721.0594523128968
2019-07-18 23:00:00,validation,随机森林,1146,1180.8214631046517
2019-07-19 00:00:00,validation,随机森林,718,584.3232137371248
2019-07-19 01:00:00,validation,随机森林,420,386.0127877461951
2019-07-19 02:00:00,validation,随机森林,231,206.7414948868216
2019-07-19 03:00:00,validation,随机森林,129,155.30187007483724
2019-07-19 04:00:00,validation,随机森林,176,142.71493741244595
2019-07-19 05:00:00,validation,随机森林,560,484.88906269446755
2019-07-19 06:00:00,validation,随机森林,1779,1819.2475875656517
2019-07-19 07:00:00,validation,随机森林,3682,3449.4783600326236
2019-07-19 08:00:00,validation,随机森林,6400,5490.624320081582
2019-07-19 09:00:00,validation,随机森林,5283,5146.077156928545
2019-07-19 10:00:00,validation,随机森林,3221,3208.9112918491383
2019-07-19 11:00:00,validation,随机森林,2994,2984.462366772807
2019-07-19 12:00:00,validation,随机森林,3609,3275.326365939046
2019-07-19 13:00:00,validation,随机森林,3802,3715.757398432185
2019-07-19 14:00:00,validation,随机森林,3883,3959.5416642140494
2019-07-19 15:00:00,validation,随机森林,4399,4113.95088086225
2019-07-19 16:00:00,validation,随机森林,5529,4921.160797901909
2019-07-19 17:00:00,validation,随机森林,6886,7786.523066451011
2019-07-19 18:00:00,validation,随机森林,6831,7046.482515381493
2019-07-19 19:00:00,validation,随机森林,5052,5468.78427083031
2019-07-19 20:00:00,validation,随机森林,3461,4272.372839794571
2019-07-19 21:00:00,validation,随机森林,2436,2494.798938279257
2019-07-19 22:00:00,validation,随机森林,1910,2059.0512274451075
2019-07-19 23:00:00,validation,随机森林,1571,1489.1611522869175
2019-07-20 00:00:00,validation,随机森林,1117,1118.1513619621855
2019-07-20 01:00:00,validation,随机森林,764,795.6177493610608
2019-07-20 02:00:00,validation,随机森林,501,503.16404658879867
2019-07-20 03:00:00,validation,随机森林,290,288.0703587638378
2019-07-20 04:00:00,validation,随机森林,168,194.8991762948894
2019-07-20 05:00:00,validation,随机森林,200,252.76291829515463
2019-07-20 06:00:00,validation,随机森林,525,588.7191973082935
2019-07-20 07:00:00,validation,随机森林,1169,1375.0756984524216
2019-07-20 08:00:00,validation,随机森林,1872,2125.771245783902
2019-07-20 09:00:00,validation,随机森林,2686,2871.449244909774
2019-07-20 10:00:00,validation,随机森林,3463,3576.918282543539
2019-07-20 11:00:00,validation,随机森林,3500,3845.170000530788
2019-07-20 12:00:00,validation,随机森林,3618,3757.0079163607065
2019-07-20 13:00:00,validation,随机森林,3463,3789.7321227835473
2019-07-20 14:00:00,validation,随机森林,3310,3723.467570406726
2019-07-20 15:00:00,validation,随机森林,3252,3651.8853837984752
2019-07-20 16:00:00,validation,随机森林,3279,4054.842388722424
2019-07-20 17:00:00,validation,随机森林,3336,3976.1780866592
2019-07-20 18:00:00,validation,随机森林,3268,3859.488090172277
2019-07-20 19:00:00,validation,随机森林,3045,3670.023525735337
2019-07-20 20:00:00,validation,随机森林,2556,3732.2292663074327
2019-07-20 21:00:00,validation,随机森林,2053,2732.8040598740818
2019-07-20 22:00:00,validation,随机森林,1666,2273.7591224420435
2019-07-20 23:00:00,validation,随机森林,1364,1803.6490574951117
2019-07-21 00:00:00,validation,随机森林,957,1262.8591479248503
2019-07-21 01:00:00,validation,随机森林,702,768.2655661078492
2019-07-21 02:00:00,validation,随机森林,459,486.0616190384418
2019-07-21 03:00:00,validation,随机森林,335,414.92192865156466
2019-07-21 04:00:00,validation,随机森林,182,199.70860252409395
2019-07-21 05:00:00,validation,随机森林,148,190.30400254352503
2019-07-21 06:00:00,validation,随机森林,364,463.1126595576638
2019-07-21 07:00:00,validation,随机森林,743,761.0343633441064
2019-07-21 08:00:00,validation,随机森林,1353,1515.3945358526048
2019-07-21 09:00:00,validation,随机森林,2066,2103.252298333245
2019-07-21 10:00:00,validation,随机森林,2732,3101.0043923147446
2019-07-21 11:00:00,validation,随机森林,3153,3436.780513213821
2019-07-21 12:00:00,validation,随机森林,3356,3764.6392588716963
2019-07-21 13:00:00,validation,随机森林,3497,3771.15370381436
2019-07-21 14:00:00,validation,随机森林,3337,3740.7937230934667
2019-07-21 15:00:00,validation,随机森林,3426,3679.3073871514825
2019-07-21 16:00:00,validation,随机森林,3573,3905.664264685071
2019-07-21 17:00:00,validation,随机森林,3453,3547.4996306892035
2019-07-21 18:00:00,validation,随机森林,3632,3571.4467725069903
2019-07-21 19:00:00,validation,随机森林,3374,3450.374249049836
2019-07-21 20:00:00,validation,随机森林,2762,3344.5761705404893
2019-07-21 21:00:00,validation,随机森林,2243,2274.7251293347153
2019-07-21 22:00:00,validation,随机森林,1566,1753.7586272425006
2019-07-21 23:00:00,validation,随机森林,709,1180.3867380964534
2019-07-22 00:00:00,validation,随机森林,460,581.6780295878049
2019-07-22 01:00:00,validation,随机森林,261,420.1603377843208
2019-07-22 02:00:00,validation,随机森林,151,194.09920175560416
2019-07-22 03:00:00,validation,随机森林,97,104.66730876255369
2019-07-22 04:00:00,validation,随机森林,146,167.961668696106
2019-07-22 05:00:00,validation,随机森林,585,490.7680387504138
2019-07-22 06:00:00,validation,随机森林,1936,1512.2649801537752
2019-07-22 07:00:00,validation,随机森林,4096,3919.118424070209
2019-07-22 08:00:00,validation,随机森林,6597,6195.225186551825
2019-07-22 09:00:00,validation,随机森林,4810,5203.616762588306
2019-07-22 10:00:00,validation,随机森林,2599,3007.2795106346953
2019-07-22 11:00:00,validation,随机森林,2566,2588.836429387341
2019-07-22 12:00:00,validation,随机森林,2798,3074.1234401106562
2019-07-22 13:00:00,validation,随机森林,3054,3152.2069755066705
2019-07-22 14:00:00,validation,随机森林,2961,3373.364497605389
2019-07-22 15:00:00,validation,随机森林,2852,3441.8492474734826
2019-07-22 16:00:00,validation,随机森林,3699,3157.4354900162493
2019-07-22 17:00:00,validation,随机森林,5801,4126.376326717193
2019-07-22 18:00:00,validation,随机森林,1693,6538.032998669148
2019-07-22 19:00:00,validation,随机森林,663,2448.8226272281477
2019-07-22 20:00:00,validation,随机森林,1124,1534.4821213405687
2019-07-22 21:00:00,validation,随机森林,1478,1387.661004110621
2019-07-22 22:00:00,validation,随机森林,1219,1307.9079450619429
2019-07-22 23:00:00,validation,随机森林,689,909.9395043003901
2019-07-23 00:00:00,validation,随机森林,187,469.535572497139
2019-07-23 01:00:00,validation,随机森林,162,357.8922675015439
2019-07-23 02:00:00,validation,随机森林,65,181.55071733952641
2019-07-23 03:00:00,validation,随机森林,53,136.2846823293779
2019-07-23 04:00:00,validation,随机森林,60,168.96299681928022
2019-07-23 05:00:00,validation,随机森林,348,497.5836389152982
2019-07-23 06:00:00,validation,随机森林,383,967.6847958394595
2019-07-23 07:00:00,validation,随机森林,1338,1207.2259828793497
2019-07-23 08:00:00,validation,随机森林,5592,2285.8199507803097
2019-07-23 09:00:00,validation,随机森林,4955,5178.535406171158
2019-07-23 10:00:00,validation,随机森林,2546,2991.518124989992
2019-07-23 11:00:00,validation,随机森林,2363,2243.7068247156467
2019-07-23 12:00:00,validation,随机森林,3056,2586.7190538216782
2019-07-23 13:00:00,validation,随机森林,3226,3211.966839490651
2019-07-23 14:00:00,validation,随机森林,3289,3306.4526642935707
2019-07-23 15:00:00,validation,随机森林,3639,3411.0605110019906
2019-07-23 16:00:00,validation,随机森林,4185,4085.509647289533
2019-07-23 17:00:00,validation,随机森林,7089,7433.0547275441295
2019-07-23 18:00:00,validation,随机森林,8387,6751.563221903331
2019-07-23 19:00:00,validation,随机森林,5643,6869.673104782386
2019-07-23 20:00:00,validation,随机森林,3864,4626.896543272893
2019-07-23 21:00:00,validation,随机森林,2678,3162.8389992723537
2019-07-23 22:00:00,validation,随机森林,1929,2080.5789030086767
2019-07-23 23:00:00,validation,随机森林,1195,1291.4586052855134
2019-07-24 00:00:00,validation,随机森林,652,605.4275040877561
2019-07-24 01:00:00,validation,随机森林,275,357.6570792611066
2019-07-24 02:00:00,validation,随机森林,134,179.93731570277797
2019-07-24 03:00:00,validation,随机森林,102,115.96911060285005
2019-07-24 04:00:00,validation,随机森林,152,170.6980867974337
2019-07-24 05:00:00,validation,随机森林,701,529.4111049845449
2019-07-24 06:00:00,validation,随机森林,2363,2084.018347019302
2019-07-24 07:00:00,validation,随机森林,4710,4316.194278050293
2019-07-24 08:00:00,validation,随机森林,7849,7237.502142612806
2019-07-24 09:00:00,validation,随机森林,5699,5440.970121845754
2019-07-24 10:00:00,validation,随机森林,3111,3161.8160007024485
2019-07-24 11:00:00,validation,随机森林,3033,2930.325054031023
2019-07-24 12:00:00,validation,随机森林,3630,3220.0018029127095
2019-07-24 13:00:00,validation,随机森林,3676,3468.255954474122
2019-07-24 14:00:00,validation,随机森林,3693,3459.3137426790595
2019-07-24 15:00:00,validation,随机森林,4248,3681.194318993283
2019-07-24 16:00:00,validation,随机森林,5263,4967.841053894872
2019-07-24 17:00:00,validation,随机森林,9261,8021.472721799404
2019-07-24 18:00:00,validation,随机森林,9527,8439.278496997604
2019-07-24 19:00:00,validation,随机森林,6875,6085.445429051912
2019-07-24 20:00:00,validation,随机森林,5111,4505.689584407594
2019-07-24 21:00:00,validation,随机森林,3424,3444.324093561249
2019-07-24 22:00:00,validation,随机森林,2510,2495.5942834248654
2019-07-24 23:00:00,validation,随机森林,1570,1588.1433402338894
2019-07-25 00:00:00,validation,随机森林,812,866.7356019199427
2019-07-25 01:00:00,validation,随机森林,380,447.07001189537266
2019-07-25 02:00:00,validation,随机森林,202,199.31714813697795
2019-07-25 03:00:00,validation,随机森林,127,100.88790616955686
2019-07-25 04:00:00,validation,随机森林,159,122.87546087046134
2019-07-25 05:00:00,validation,随机森林,627,522.0468256834631
2019-07-25 06:00:00,validation,随机森林,2288,1987.5469023644378
2019-07-25 07:00:00,validation,随机森林,4420,4419.196820175159
2019-07-25 08:00:00,validation,随机森林,7603,6800.650294689311
2019-07-25 09:00:00,validation,随机森林,5624,5462.911657660926
2019-07-25 10:00:00,validation,随机森林,3260,3107.794393027621
2019-07-25 11:00:00,validation,随机森林,3049,3047.5664844117587
2019-07-25 12:00:00,validation,随机森林,3610,3280.2038542160944
2019-07-25 13:00:00,validation,随机森林,3773,3519.551597959344
2019-07-25 14:00:00,validation,随机森林,3691,3567.358250864385
2019-07-25 15:00:00,validation,随机森林,4158,3898.117439108268
2019-07-25 16:00:00,validation,随机森林,5329,5033.6713738700055
2019-07-25 17:00:00,validation,随机森林,8829,8194.869725153929
2019-07-25 18:00:00,validation,随机森林,9205,8332.328524001328
2019-07-25 19:00:00,validation,随机森林,6609,6151.3986684034635
2019-07-25 20:00:00,validation,随机森林,4771,4798.332007038882
2019-07-25 21:00:00,validation,随机森林,3419,3251.2011119082117
2019-07-25 22:00:00,validation,随机森林,2685,2572.883914805721
2019-07-25 23:00:00,validation,随机森林,1720,1823.484144220698
2019-07-26 00:00:00,validation,随机森林,938,1065.4698051816636
2019-07-26 01:00:00,validation,随机森林,493,484.82461181231633
2019-07-26 02:00:00,validation,随机森林,257,236.74558544728873
2019-07-26 03:00:00,validation,随机森林,174,156.16117566183283
2019-07-26 04:00:00,validation,随机森林,195,168.12139746211716
2019-07-26 05:00:00,validation,随机森林,570,516.0411865156585
2019-07-26 06:00:00,validation,随机森林,1917,1809.9208283066948
2019-07-26 07:00:00,validation,随机森林,3940,3921.2847739111817
2019-07-26 08:00:00,validation,随机森林,6861,5960.539270400626
2019-07-26 09:00:00,validation,随机森林,5427,5394.696036036969
2019-07-26 10:00:00,validation,随机森林,3495,3290.8967175235657
2019-07-26 11:00:00,validation,随机森林,3343,3260.3033267901205
2019-07-26 12:00:00,validation,随机森林,4045,3556.978231115236
2019-07-26 13:00:00,validation,随机森林,4356,4243.468423652372
2019-07-26 14:00:00,validation,随机森林,4508,4632.454404520535
2019-07-26 15:00:00,validation,随机森林,5156,4767.0400644076835
2019-07-26 16:00:00,validation,随机森林,6249,5454.366478460407
2019-07-26 17:00:00,validation,随机森林,8012,7916.720461382481
2019-07-26 18:00:00,validation,随机森林,6993,7495.416737568223
2019-07-26 19:00:00,validation,随机森林,5356,5674.012660293388
2019-07-26 20:00:00,validation,随机森林,3700,4503.084665671986
2019-07-26 21:00:00,validation,随机森林,2659,3049.5069031113294
2019-07-26 22:00:00,validation,随机森林,2314,2398.3203268514185
2019-07-26 23:00:00,validation,随机森林,1830,1643.0059302744328
2019-07-27 00:00:00,validation,随机森林,1294,1192.4169089649374
2019-07-27 01:00:00,validation,随机森林,890,839.1761998002103
2019-07-27 02:00:00,validation,随机森林,592,481.8965958912166
2019-07-27 03:00:00,validation,随机森林,343,304.74438192677155
2019-07-27 04:00:00,validation,随机森林,231,198.22688281344136
2019-07-27 05:00:00,validation,随机森林,231,260.6024791102042
2019-07-27 06:00:00,validation,随机森林,551,800.6765126849043
2019-07-27 07:00:00,validation,随机森林,1172,1166.6699450453089
2019-07-27 08:00:00,validation,随机森林,2010,2088.1907996888576
2019-07-27 09:00:00,validation,随机森林,3211,2761.159764807928
2019-07-27 10:00:00,validation,随机森林,4135,3501.8755331206003
2019-07-27 11:00:00,validation,随机森林,4804,4099.364862805883
2019-07-27 12:00:00,validation,随机森林,5297,4456.02156206173
2019-07-27 13:00:00,validation,随机森林,5460,5041.758611461697
2019-07-27 14:00:00,validation,随机森林,5543,5112.263573324239
2019-07-27 15:00:00,validation,随机森林,5403,5241.474589738797
2019-07-27 16:00:00,validation,随机森林,5499,5346.059574999721
2019-07-27 17:00:00,validation,随机森林,5272,6206.626570026922
2019-07-27 18:00:00,validation,随机森林,5272,5535.167535902459
2019-07-27 19:00:00,validation,随机森林,4600,5099.505859647085
2019-07-27 20:00:00,validation,随机森林,3543,3520.647388552692
2019-07-27 21:00:00,validation,随机森林,2668,2496.87881676196
2019-07-27 22:00:00,validation,随机森林,2311,1957.8554428108466
2019-07-27 23:00:00,validation,随机森林,1771,1635.9929734177128
2019-07-28 00:00:00,validation,随机森林,1314,1177.4051592987876
2019-07-28 01:00:00,validation,随机森林,893,793.5204355004684
2019-07-28 02:00:00,validation,随机森林,546,521.430468277173
2019-07-28 03:00:00,validation,随机森林,373,345.22469102802233
2019-07-28 04:00:00,validation,随机森林,202,206.8687342697185
2019-07-28 05:00:00,validation,随机森林,196,183.0643362873101
2019-07-28 06:00:00,validation,随机森林,355,470.3713103406722
2019-07-28 07:00:00,validation,随机森林,750,729.9064127200882
2019-07-28 08:00:00,validation,随机森林,1587,1531.5666100179178
2019-07-28 09:00:00,validation,随机森林,2607,2386.0830125633465
2019-07-28 10:00:00,validation,随机森林,3557,3135.5657767195557
2019-07-28 11:00:00,validation,随机森林,4449,4119.247478432622
2019-07-28 12:00:00,validation,随机森林,4986,4769.45258572435
2019-07-28 13:00:00,validation,随机森林,5124,5155.2642326412
2019-07-28 14:00:00,validation,随机森林,5310,5227.206181047867
2019-07-28 15:00:00,validation,随机森林,5239,5219.539546162392
2019-07-28 16:00:00,validation,随机森林,5519,5250.223049598857
2019-07-28 17:00:00,validation,随机森林,5361,5347.724266784856
2019-07-28 18:00:00,validation,随机森林,5356,5218.978578948916
2019-07-28 19:00:00,validation,随机森林,4965,5039.412114858335
2019-07-28 20:00:00,validation,随机森林,3656,3509.1846723316357
2019-07-28 21:00:00,validation,随机森林,2593,2565.1697395913
2019-07-28 22:00:00,validation,随机森林,1823,1887.462224497745
2019-07-28 23:00:00,validation,随机森林,818,1339.836429955477
2019-07-29 00:00:00,validation,随机森林,440,582.8993643615843
2019-07-29 01:00:00,validation,随机森林,288,411.3758599943821
2019-07-29 02:00:00,validation,随机森林,155,197.20406511326877
2019-07-29 03:00:00,validation,随机森林,104,108.93168850183851
2019-07-29 04:00:00,validation,随机森林,138,153.4119034633864
2019-07-29 05:00:00,validation,随机森林,616,501.72339372897807
2019-07-29 06:00:00,validation,随机森林,2122,1978.9474914478963
2019-07-29 07:00:00,validation,随机森林,4216,4259.958417303252
2019-07-29 08:00:00,validation,随机森林,6891,6481.01429878034
2019-07-29 09:00:00,validation,随机森林,4917,5222.87937579056
2019-07-29 10:00:00,validation,随机森林,2713,2960.864755971536
2019-07-29 11:00:00,validation,随机森林,2607,2976.547664325327
2019-07-29 12:00:00,validation,随机森林,3081,3036.3982451702805
2019-07-29 13:00:00,validation,随机森林,3139,3396.6223313283635
2019-07-29 14:00:00,validation,随机森林,3223,3488.986561218542
2019-07-29 15:00:00,validation,随机森林,3499,3500.3815849450075
2019-07-29 16:00:00,validation,随机森林,4826,4266.436428120283
2019-07-29 17:00:00,validation,随机森林,8822,5240.32884351209
2019-07-29 18:00:00,validation,随机森林,9063,6413.9751669031575
2019-07-29 19:00:00,validation,随机森林,6661,6173.317415864959
2019-07-29 20:00:00,validation,随机森林,4870,4549.791306688675
2019-07-29 21:00:00,validation,随机森林,2971,3226.580173747438
2019-07-29 22:00:00,validation,随机森林,2172,2311.6011065811017
2019-07-29 23:00:00,validation,随机森林,1149,1541.2866757425827
2019-07-30 00:00:00,validation,随机森林,530,467.617773302243
2019-07-30 01:00:00,validation,随机森林,323,270.05713667373186
2019-07-30 02:00:00,validation,随机森林,185,179.68294456255808
2019-07-30 03:00:00,validation,随机森林,103,95.08843550827694
2019-07-30 04:00:00,validation,随机森林,150,93.02644118007191
2019-07-30 05:00:00,validation,随机森林,745,471.4498833511753
2019-07-30 06:00:00,validation,随机森林,2439,1200.9908880205232
2019-07-30 07:00:00,validation,随机森林,4536,3941.6445215085632
2019-07-30 08:00:00,validation,随机森林,7707,6473.732875458518
2019-07-30 09:00:00,validation,随机森林,5429,5410.559268119542
2019-07-30 10:00:00,validation,随机森林,3063,3038.4873803505516
2019-07-30 11:00:00,validation,随机森林,2869,2910.0312607014594
2019-07-30 12:00:00,validation,随机森林,3230,3156.7473533082193
2019-07-30 13:00:00,validation,随机森林,3167,3350.1314437527603
2019-07-30 14:00:00,validation,随机森林,3229,3433.502369190185
2019-07-30 15:00:00,validation,随机森林,2618,3485.2302757020543
2019-07-30 16:00:00,validation,随机森林,4591,3550.22258475947
2019-07-30 17:00:00,validation,随机森林,8825,7924.072688891951
2019-07-30 18:00:00,validation,随机森林,9049,8658.829851256443
2019-07-30 19:00:00,validation,随机森林,6508,6362.230801988633
2019-07-30 20:00:00,validation,随机森林,4546,4796.167868363649
2019-07-30 21:00:00,validation,随机森林,3181,3083.546199708994
2019-07-30 22:00:00,validation,随机森林,2273,2424.96332775088
2019-07-30 23:00:00,validation,随机森林,1376,1517.8370433444736
2019-07-31 00:00:00,validation,随机森林,691,766.9019610665933
2019-07-31 01:00:00,validation,随机森林,379,379.1127856132248
2019-07-31 02:00:00,validation,随机森林,180,202.72694971065266
2019-07-31 03:00:00,validation,随机森林,119,107.19757039648748
2019-07-31 04:00:00,validation,随机森林,156,165.0718118414228
2019-07-31 05:00:00,validation,随机森林,735,579.2616422278658
2019-07-31 06:00:00,validation,随机森林,2290,2049.361899953653
2019-07-31 07:00:00,validation,随机森林,4676,4506.786339260213
2019-07-31 08:00:00,validation,随机森林,7749,7359.949469014903
2019-07-31 09:00:00,validation,随机森林,5626,5514.595626819017
2019-07-31 10:00:00,validation,随机森林,3193,3166.743194397241
2019-07-31 11:00:00,validation,随机森林,3063,3042.1662357005753
2019-07-31 12:00:00,validation,随机森林,3499,3435.282065837444
2019-07-31 13:00:00,validation,随机森林,3545,3591.937148267354
2019-07-31 14:00:00,validation,随机森林,2614,3626.162788581554
2019-07-31 15:00:00,validation,随机森林,1898,3085.72740975303
2019-07-31 16:00:00,validation,随机森林,1333,3266.0592791016556
2019-07-31 17:00:00,validation,随机森林,3046,2638.7555569651054
2019-07-31 18:00:00,validation,随机森林,5215,3795.682546164348
2019-07-31 19:00:00,validation,随机森林,5410,6998.968775570084
2019-07-31 20:00:00,validation,随机森林,3835,4701.877648548097
2019-07-31 21:00:00,validation,随机森林,2781,3393.325682934269
2019-07-31 22:00:00,validation,随机森林,2114,2258.789797929542
2019-07-31 23:00:00,validation,随机森林,1375,1588.4334101704317
2019-08-01 00:00:00,validation,随机森林,701,813.0447494687203
2019-08-01 01:00:00,validation,随机森林,344,392.4778527259696
2019-08-01 02:00:00,validation,随机森林,195,199.96232765570775
2019-08-01 03:00:00,validation,随机森林,129,122.75294004986549
2019-08-01 04:00:00,validation,随机森林,181,169.28797270755132
2019-08-01 05:00:00,validation,随机森林,708,568.1214066427111
2019-08-01 06:00:00,validation,随机森林,2283,2103.369603303896
2019-08-01 07:00:00,validation,随机森林,4383,4487.286559445826
2019-08-01 08:00:00,validation,随机森林,7590,7304.488777389121
2019-08-01 09:00:00,validation,随机森林,5520,5538.823562861219
2019-08-01 10:00:00,validation,随机森林,3127,3323.3946214124026
2019-08-01 11:00:00,validation,随机森林,3169,3161.8132518136867
2019-08-01 12:00:00,validation,随机森林,3476,3465.68700610695
2019-08-01 13:00:00,validation,随机森林,3600,3546.9602500849514
2019-08-01 14:00:00,validation,随机森林,3690,3449.4019086624053
2019-08-01 15:00:00,validation,随机森林,4053,3663.0925770392305
2019-08-01 16:00:00,validation,随机森林,5567,4556.844466563352
2019-08-01 17:00:00,validation,随机森林,9216,7166.540697105122
2019-08-01 18:00:00,validation,随机森林,9735,8346.81747733813
2019-08-01 19:00:00,validation,随机森林,6822,7543.723981844574
2019-08-01 20:00:00,validation,随机森林,4923,4870.5415508626265
2019-08-01 21:00:00,validation,随机森林,3682,3587.427211825366
2019-08-01 22:00:00,validation,随机森林,2777,2745.3025247916394
2019-08-01 23:00:00,validation,随机森林,1759,2009.575915183818
2019-08-02 00:00:00,validation,随机森林,933,1092.1169323362328
2019-08-02 01:00:00,validation,随机森林,456,481.47410941737326
2019-08-02 02:00:00,validation,随机森林,280,224.0041422367944
2019-08-02 03:00:00,validation,随机森林,174,183.53769359674948
2019-08-02 04:00:00,validation,随机森林,168,180.10510821332065
2019-08-02 05:00:00,validation,随机森林,602,525.3676539672174
2019-08-02 06:00:00,validation,随机森林,1966,1938.0399432327738
2019-08-02 07:00:00,validation,随机森林,3781,4130.571767007954
2019-08-02 08:00:00,validation,随机森林,6819,5615.165436979426
2019-08-02 09:00:00,validation,随机森林,5361,5408.113502073892
2019-08-02 10:00:00,validation,随机森林,3302,3454.119705355749
2019-08-02 11:00:00,validation,随机森林,3424,3473.7677177700666
2019-08-02 12:00:00,validation,随机森林,4144,3753.473440257589
2019-08-02 13:00:00,validation,随机森林,4326,4758.64671683101
2019-08-02 14:00:00,validation,随机森林,4440,4836.570963783646
2019-08-02 15:00:00,validation,随机森林,5155,4850.167850703316
2019-08-02 16:00:00,validation,随机森林,6314,5496.5327367426
2019-08-02 17:00:00,validation,随机森林,8093,8114.519661754495
2019-08-02 18:00:00,validation,随机森林,6941,7626.090693400055
2019-08-02 19:00:00,validation,随机森林,5347,5783.995856385895
2019-08-02 20:00:00,validation,随机森林,3740,4405.060526713437
2019-08-02 21:00:00,validation,随机森林,2559,3186.3804989060045
2019-08-02 22:00:00,validation,随机森林,2144,2430.5401175597017
2019-08-02 23:00:00,validation,随机森林,1699,1635.5555466719234
2019-08-03 00:00:00,validation,随机森林,1244,1161.9503079287047
2019-08-03 01:00:00,validation,随机森林,891,838.274866402737
2019-08-03 02:00:00,validation,随机森林,559,497.2185439683953
2019-08-03 03:00:00,validation,随机森林,372,395.8381157810361
2019-08-03 04:00:00,validation,随机森林,208,203.89227970945035
2019-08-03 05:00:00,validation,随机森林,210,311.75366373673796
2019-08-03 06:00:00,validation,随机森林,543,801.9791197865909
2019-08-03 07:00:00,validation,随机森林,1290,1161.4030414505376
2019-08-03 08:00:00,validation,随机森林,2348,2007.9678805921485
2019-08-03 09:00:00,validation,随机森林,3854,3111.9640584416316
2019-08-03 10:00:00,validation,随机森林,5157,3964.889667755091
2019-08-03 11:00:00,validation,随机森林,6060,5404.684627879873
2019-08-03 12:00:00,validation,随机森林,6515,5694.096726627347
2019-08-03 13:00:00,validation,随机森林,5799,5718.662915082381
2019-08-03 14:00:00,validation,随机森林,5678,5585.53636229324
2019-08-03 15:00:00,validation,随机森林,5864,5369.49174791369
2019-08-03 16:00:00,validation,随机森林,5609,5707.145611407676
2019-08-03 17:00:00,validation,随机森林,5457,6355.088100907462
2019-08-03 18:00:00,validation,随机森林,5282,5460.411813997746
2019-08-03 19:00:00,validation,随机森林,4626,5222.352187204983
2019-08-03 20:00:00,validation,随机森林,3560,3637.78495280824
2019-08-03 21:00:00,validation,随机森林,2565,2513.0346580410132
2019-08-03 22:00:00,validation,随机森林,2129,2050.448297170806
2019-08-03 23:00:00,validation,随机森林,1340,1641.6487766059258
2019-08-04 00:00:00,validation,随机森林,564,1182.1872588520587
2019-08-04 01:00:00,validation,随机森林,642,802.230348051877
2019-08-04 02:00:00,validation,随机森林,453,510.92062898320006
2019-08-04 03:00:00,validation,随机森林,318,427.72561001950254
2019-08-04 04:00:00,validation,随机森林,212,200.71821330117976
2019-08-04 05:00:00,validation,随机森林,172,196.3707629018307
2019-08-04 06:00:00,validation,随机森林,371,431.3970509826046
2019-08-04 07:00:00,validation,随机森林,862,758.820366502743
2019-08-04 08:00:00,validation,随机森林,1560,1660.100241040227
2019-08-04 09:00:00,validation,随机森林,2646,2521.073950424949
2019-08-04 10:00:00,validation,随机森林,3650,3336.46342095146
2019-08-04 11:00:00,validation,随机森林,4555,4216.381862022029
2019-08-04 12:00:00,validation,随机森林,5195,5339.322361257651
2019-08-04 13:00:00,validation,随机森林,5439,5461.177673994269
2019-08-04 14:00:00,validation,随机森林,5474,5456.217921737439
2019-08-04 15:00:00,validation,随机森林,5759,5506.485647337607
2019-08-04 16:00:00,validation,随机森林,5709,5542.175355636735
2019-08-04 17:00:00,validation,随机森林,5650,5581.511059221754
2019-08-04 18:00:00,validation,随机森林,5186,5445.032763283409
2019-08-04 19:00:00,validation,随机森林,4337,5196.7192472998295
2019-08-04 20:00:00,validation,随机森林,3136,3595.2544013048173
2019-08-04 21:00:00,validation,随机森林,2197,2331.338276034854
2019-08-04 22:00:00,validation,随机森林,1671,1743.0537113401085
2019-08-04 23:00:00,validation,随机森林,976,1185.090735051029
2019-08-05 00:00:00,validation,随机森林,562,540.1997536362483
2019-08-05 01:00:00,validation,随机森林,286,405.155741737502
2019-08-05 02:00:00,validation,随机森林,154,182.7787322218485
2019-08-05 03:00:00,validation,随机森林,123,113.19181507904717
2019-08-05 04:00:00,validation,随机森林,134,146.6323207044807
2019-08-05 05:00:00,validation,随机森林,611,535.7646762516691
2019-08-05 06:00:00,validation,随机森林,2072,1943.9970883939554
2019-08-05 07:00:00,validation,随机森林,4106,4138.745865966604
2019-08-05 08:00:00,validation,随机森林,7179,6476.083965461917
2019-08-05 09:00:00,validation,随机森林,5118,5335.373141434609
2019-08-05 10:00:00,validation,随机森林,3014,3075.934178995553
2019-08-05 11:00:00,validation,随机森林,2894,3357.803602535209
2019-08-05 12:00:00,validation,随机森林,3571,3412.7482515755773
2019-08-05 13:00:00,validation,随机森林,3598,4098.475353326966
2019-08-05 14:00:00,validation,随机森林,3579,4110.489220432899
2019-08-05 15:00:00,validation,随机森林,4106,4130.221519921289
2019-08-05 16:00:00,validation,随机森林,5197,5337.108655019301
2019-08-05 17:00:00,validation,随机森林,9391,8330.104074466113
2019-08-05 18:00:00,validation,随机森林,9285,8535.049827312503
2019-08-05 19:00:00,validation,随机森林,6745,7707.603019404857
2019-08-05 20:00:00,validation,随机森林,4632,4813.761464888348
2019-08-05 21:00:00,validation,随机森林,2932,3134.0043189548014
2019-08-05 22:00:00,validation,随机森林,1945,2363.206674393996
2019-08-05 23:00:00,validation,随机森林,1109,1204.619799640353
2019-08-06 00:00:00,validation,随机森林,644,583.511617858549
2019-08-06 01:00:00,validation,随机森林,299,355.6435703791629
2019-08-06 02:00:00,validation,随机森林,177,184.38325255326015
2019-08-06 03:00:00,validation,随机森林,104,111.37597224787599
2019-08-06 04:00:00,validation,随机森林,149,165.29037935771666
2019-08-06 05:00:00,validation,随机森林,686,661.0999160518439
2019-08-06 06:00:00,validation,随机森林,2367,2036.8736015213935
2019-08-06 07:00:00,validation,随机森林,4494,4506.045251544931
2019-08-06 08:00:00,validation,随机森林,7881,7497.239869629073
2019-08-06 09:00:00,validation,随机森林,5665,5473.289766900494
2019-08-06 10:00:00,validation,随机森林,3132,3157.8050393159474
2019-08-06 11:00:00,validation,随机森林,3027,3027.425144780085
2019-08-06 12:00:00,validation,随机森林,2246,3406.526456556547
2019-08-06 13:00:00,validation,随机森林,2417,2924.7921010849245
2019-08-06 14:00:00,validation,随机森林,3250,2910.867611689161
2019-08-06 15:00:00,validation,随机森林,3833,3454.7045964123245
2019-08-06 16:00:00,validation,随机森林,5100,4387.032813618376
2019-08-06 17:00:00,validation,随机森林,9394,8373.845039914826
2019-08-06 18:00:00,validation,随机森林,9602,8779.383573737392
2019-08-06 19:00:00,validation,随机森林,6813,6904.855892415117
2019-08-06 20:00:00,validation,随机森林,4612,4896.973184948164
2019-08-06 21:00:00,validation,随机森林,3019,3196.108372411168
2019-08-06 22:00:00,validation,随机森林,2280,2344.237252942447
2019-08-06 23:00:00,validation,随机森林,1244,1605.799154815443
2019-08-07 00:00:00,validation,随机森林,688,673.5408252143181
2019-08-07 01:00:00,validation,随机森林,328,439.3480443490657
2019-08-07 02:00:00,validation,随机森林,205,191.55573637494228
2019-08-07 03:00:00,validation,随机森林,133,118.24225767250859
2019-08-07 04:00:00,validation,随机森林,188,164.0102228493228
2019-08-07 05:00:00,validation,随机森林,655,614.2493812388848
2019-08-07 06:00:00,validation,随机森林,2262,2097.241884743446
2019-08-07 07:00:00,validation,随机森林,4237,4538.947860360901
2019-08-07 08:00:00,validation,随机森林,7521,7358.249426173409
2019-08-07 09:00:00,validation,随机森林,5786,5545.472585822061
2019-08-07 10:00:00,validation,随机森林,3220,3802.823904489709
2019-08-07 11:00:00,validation,随机森林,3120,3091.490865498247
2019-08-07 12:00:00,validation,随机森林,3625,3292.027367217128
2019-08-07 13:00:00,validation,随机森林,3520,3433.367574393416
2019-08-07 14:00:00,validation,随机森林,2400,3352.251626432878
2019-08-07 15:00:00,validation,随机森林,1715,2806.215893811082
2019-08-07 16:00:00,validation,随机森林,2910,1878.7607464783296
2019-08-07 17:00:00,validation,随机森林,1725,4500.180180961213
2019-08-07 18:00:00,validation,随机森林,1898,2809.889329645673
2019-08-07 19:00:00,validation,随机森林,1915,2350.7394874033203
2019-08-07 20:00:00,validation,随机森林,782,2356.673095595209
2019-08-07 21:00:00,validation,随机森林,1130,1161.9658910764897
2019-08-07 22:00:00,validation,随机森林,1259,1228.9242765068602
2019-08-07 23:00:00,validation,随机森林,927,1025.3471303780873
2019-08-08 00:00:00,validation,随机森林,544,532.4987350342531
2019-08-08 01:00:00,validation,随机森林,283,406.45715544564104
2019-08-08 02:00:00,validation,随机森林,182,193.02648703440522
2019-08-08 03:00:00,validation,随机森林,115,127.19142852686844
2019-08-08 04:00:00,validation,随机森林,151,169.79564355056328
2019-08-08 05:00:00,validation,随机森林,676,608.591777290891
2019-08-08 06:00:00,validation,随机森林,2202,2116.379746684554
2019-08-08 07:00:00,validation,随机森林,4356,4484.340568794378
2019-08-08 08:00:00,validation,随机森林,7059,7331.878656166548
2019-08-08 09:00:00,validation,随机森林,5008,5478.526797594591
2019-08-08 10:00:00,validation,随机森林,3013,3172.855669255212
2019-08-08 11:00:00,validation,随机森林,2971,3247.3025818288866
2019-08-08 12:00:00,validation,随机森林,3553,3435.201371814446
2019-08-08 13:00:00,validation,随机森林,3658,3580.270281019874
2019-08-08 14:00:00,validation,随机森林,3568,3487.1598148969833
2019-08-08 15:00:00,validation,随机森林,3923,3649.0391445037494
2019-08-08 16:00:00,validation,随机森林,5190,4261.139199647684
2019-08-08 17:00:00,validation,随机森林,8757,7346.534365177939
2019-08-08 18:00:00,validation,随机森林,9256,7788.484063667648
2019-08-08 19:00:00,test,昨日同时刻,6580,1915.0
2019-08-08 20:00:00,test,昨日同时刻,2451,782.0
2019-08-08 21:00:00,test,昨日同时刻,2493,1130.0
2019-08-08 22:00:00,test,昨日同时刻,2070,1259.0
2019-08-08 23:00:00,test,昨日同时刻,1453,927.0
2019-08-09 00:00:00,test,昨日同时刻,796,544.0
2019-08-09 01:00:00,test,昨日同时刻,374,283.0
2019-08-09 02:00:00,test,昨日同时刻,236,182.0
2019-08-09 03:00:00,test,昨日同时刻,156,115.0
2019-08-09 04:00:00,test,昨日同时刻,179,151.0
2019-08-09 05:00:00,test,昨日同时刻,556,676.0
2019-08-09 06:00:00,test,昨日同时刻,2006,2202.0
2019-08-09 07:00:00,test,昨日同时刻,3882,4356.0
2019-08-09 08:00:00,test,昨日同时刻,6718,7059.0
2019-08-09 09:00:00,test,昨日同时刻,5520,5008.0
2019-08-09 10:00:00,test,昨日同时刻,3314,3013.0
2019-08-09 11:00:00,test,昨日同时刻,3413,2971.0
2019-08-09 12:00:00,test,昨日同时刻,4120,3553.0
2019-08-09 13:00:00,test,昨日同时刻,4173,3658.0
2019-08-09 14:00:00,test,昨日同时刻,4730,3568.0
2019-08-09 15:00:00,test,昨日同时刻,5282,3923.0
2019-08-09 16:00:00,test,昨日同时刻,4874,5190.0
2019-08-09 17:00:00,test,昨日同时刻,7868,8757.0
2019-08-09 18:00:00,test,昨日同时刻,6827,9256.0
2019-08-09 19:00:00,test,昨日同时刻,5060,6580.0
2019-08-09 20:00:00,test,昨日同时刻,3630,2451.0
2019-08-09 21:00:00,test,昨日同时刻,2608,2493.0
2019-08-09 22:00:00,test,昨日同时刻,2185,2070.0
2019-08-09 23:00:00,test,昨日同时刻,1681,1453.0
2019-08-10 00:00:00,test,昨日同时刻,1209,796.0
2019-08-10 01:00:00,test,昨日同时刻,783,374.0
2019-08-10 02:00:00,test,昨日同时刻,536,236.0
2019-08-10 03:00:00,test,昨日同时刻,335,156.0
2019-08-10 04:00:00,test,昨日同时刻,231,179.0
2019-08-10 05:00:00,test,昨日同时刻,198,556.0
2019-08-10 06:00:00,test,昨日同时刻,579,2006.0
2019-08-10 07:00:00,test,昨日同时刻,1314,3882.0
2019-08-10 08:00:00,test,昨日同时刻,2575,6718.0
2019-08-10 09:00:00,test,昨日同时刻,4178,5520.0
2019-08-10 10:00:00,test,昨日同时刻,5694,3314.0
2019-08-10 11:00:00,test,昨日同时刻,6896,3413.0
2019-08-10 12:00:00,test,昨日同时刻,7174,4120.0
2019-08-10 13:00:00,test,昨日同时刻,6209,4173.0
2019-08-10 14:00:00,test,昨日同时刻,6185,4730.0
2019-08-10 15:00:00,test,昨日同时刻,6142,5282.0
2019-08-10 16:00:00,test,昨日同时刻,6114,4874.0
2019-08-10 17:00:00,test,昨日同时刻,5743,7868.0
2019-08-10 18:00:00,test,昨日同时刻,5564,6827.0
2019-08-10 19:00:00,test,昨日同时刻,4863,5060.0
2019-08-10 20:00:00,test,昨日同时刻,3555,3630.0
2019-08-10 21:00:00,test,昨日同时刻,2585,2608.0
2019-08-10 22:00:00,test,昨日同时刻,2230,2185.0
2019-08-10 23:00:00,test,昨日同时刻,1773,1681.0
2019-08-11 00:00:00,test,昨日同时刻,1203,1209.0
2019-08-11 01:00:00,test,昨日同时刻,886,783.0
2019-08-11 02:00:00,test,昨日同时刻,579,536.0
2019-08-11 03:00:00,test,昨日同时刻,327,335.0
2019-08-11 04:00:00,test,昨日同时刻,235,231.0
2019-08-11 05:00:00,test,昨日同时刻,185,198.0
2019-08-11 06:00:00,test,昨日同时刻,490,579.0
2019-08-11 07:00:00,test,昨日同时刻,828,1314.0
2019-08-11 08:00:00,test,昨日同时刻,1579,2575.0
2019-08-11 09:00:00,test,昨日同时刻,2771,4178.0
2019-08-11 10:00:00,test,昨日同时刻,3914,5694.0
2019-08-11 11:00:00,test,昨日同时刻,4799,6896.0
2019-08-11 12:00:00,test,昨日同时刻,5346,7174.0
2019-08-11 13:00:00,test,昨日同时刻,5801,6209.0
2019-08-11 14:00:00,test,昨日同时刻,5960,6185.0
2019-08-11 15:00:00,test,昨日同时刻,6071,6142.0
2019-08-11 16:00:00,test,昨日同时刻,6057,6114.0
2019-08-11 17:00:00,test,昨日同时刻,6209,5743.0
2019-08-11 18:00:00,test,昨日同时刻,5982,5564.0
2019-08-11 19:00:00,test,昨日同时刻,4708,4863.0
2019-08-11 20:00:00,test,昨日同时刻,3758,3555.0
2019-08-11 21:00:00,test,昨日同时刻,2545,2585.0
2019-08-11 22:00:00,test,昨日同时刻,1815,2230.0
2019-08-11 23:00:00,test,昨日同时刻,1194,1773.0
2019-08-12 00:00:00,test,昨日同时刻,611,1203.0
2019-08-12 01:00:00,test,昨日同时刻,295,886.0
2019-08-12 02:00:00,test,昨日同时刻,180,579.0
2019-08-12 03:00:00,test,昨日同时刻,103,327.0
2019-08-12 04:00:00,test,昨日同时刻,136,235.0
2019-08-12 05:00:00,test,昨日同时刻,596,185.0
2019-08-12 06:00:00,test,昨日同时刻,2055,490.0
2019-08-12 07:00:00,test,昨日同时刻,4135,828.0
2019-08-12 08:00:00,test,昨日同时刻,6965,1579.0
2019-08-12 09:00:00,test,昨日同时刻,5044,2771.0
2019-08-12 10:00:00,test,昨日同时刻,2754,3914.0
2019-08-12 11:00:00,test,昨日同时刻,3000,4799.0
2019-08-12 12:00:00,test,昨日同时刻,3404,5346.0
2019-08-12 13:00:00,test,昨日同时刻,3520,5801.0
2019-08-12 14:00:00,test,昨日同时刻,3561,5960.0
2019-08-12 15:00:00,test,昨日同时刻,3849,6071.0
2019-08-12 16:00:00,test,昨日同时刻,5238,6057.0
2019-08-12 17:00:00,test,昨日同时刻,9149,6209.0
2019-08-12 18:00:00,test,昨日同时刻,9284,5982.0
2019-08-12 19:00:00,test,昨日同时刻,6818,4708.0
2019-08-12 20:00:00,test,昨日同时刻,4627,3758.0
2019-08-12 21:00:00,test,昨日同时刻,2807,2545.0
2019-08-12 22:00:00,test,昨日同时刻,1998,1815.0
2019-08-12 23:00:00,test,昨日同时刻,1165,1194.0
2019-08-13 00:00:00,test,昨日同时刻,627,611.0
2019-08-13 01:00:00,test,昨日同时刻,302,295.0
2019-08-13 02:00:00,test,昨日同时刻,177,180.0
2019-08-13 03:00:00,test,昨日同时刻,71,103.0
2019-08-13 04:00:00,test,昨日同时刻,110,136.0
2019-08-13 05:00:00,test,昨日同时刻,666,596.0
2019-08-13 06:00:00,test,昨日同时刻,2308,2055.0
2019-08-13 07:00:00,test,昨日同时刻,3843,4135.0
2019-08-13 08:00:00,test,昨日同时刻,7025,6965.0
2019-08-13 09:00:00,test,昨日同时刻,5595,5044.0
2019-08-13 10:00:00,test,昨日同时刻,3100,2754.0
2019-08-13 11:00:00,test,昨日同时刻,2763,3000.0
2019-08-13 12:00:00,test,昨日同时刻,2299,3404.0
2019-08-13 13:00:00,test,昨日同时刻,2158,3520.0
2019-08-13 14:00:00,test,昨日同时刻,2991,3561.0
2019-08-13 15:00:00,test,昨日同时刻,3569,3849.0
2019-08-13 16:00:00,test,昨日同时刻,4668,5238.0
2019-08-13 17:00:00,test,昨日同时刻,8721,9149.0
2019-08-13 18:00:00,test,昨日同时刻,8781,9284.0
2019-08-13 19:00:00,test,昨日同时刻,5388,6818.0
2019-08-13 20:00:00,test,昨日同时刻,3876,4627.0
2019-08-13 21:00:00,test,昨日同时刻,2706,2807.0
2019-08-13 22:00:00,test,昨日同时刻,2038,1998.0
2019-08-13 23:00:00,test,昨日同时刻,1158,1165.0
2019-08-14 00:00:00,test,昨日同时刻,618,627.0
2019-08-14 01:00:00,test,昨日同时刻,327,302.0
2019-08-14 02:00:00,test,昨日同时刻,181,177.0
2019-08-14 03:00:00,test,昨日同时刻,98,71.0
2019-08-14 04:00:00,test,昨日同时刻,145,110.0
2019-08-14 05:00:00,test,昨日同时刻,693,666.0
2019-08-14 06:00:00,test,昨日同时刻,2246,2308.0
2019-08-14 07:00:00,test,昨日同时刻,4372,3843.0
2019-08-14 08:00:00,test,昨日同时刻,7521,7025.0
2019-08-14 09:00:00,test,昨日同时刻,5554,5595.0
2019-08-14 10:00:00,test,昨日同时刻,3069,3100.0
2019-08-14 11:00:00,test,昨日同时刻,3057,2763.0
2019-08-14 12:00:00,test,昨日同时刻,3623,2299.0
2019-08-14 13:00:00,test,昨日同时刻,3488,2158.0
2019-08-14 14:00:00,test,昨日同时刻,3668,2991.0
2019-08-14 15:00:00,test,昨日同时刻,2640,3569.0
2019-08-14 16:00:00,test,昨日同时刻,2676,4668.0
2019-08-14 17:00:00,test,昨日同时刻,6662,8721.0
2019-08-14 18:00:00,test,昨日同时刻,8136,8781.0
2019-08-14 19:00:00,test,昨日同时刻,5980,5388.0
2019-08-14 20:00:00,test,昨日同时刻,4219,3876.0
2019-08-14 21:00:00,test,昨日同时刻,2964,2706.0
2019-08-14 22:00:00,test,昨日同时刻,2186,2038.0
2019-08-14 23:00:00,test,昨日同时刻,1396,1158.0
2019-08-15 00:00:00,test,昨日同时刻,657,618.0
2019-08-15 01:00:00,test,昨日同时刻,347,327.0
2019-08-15 02:00:00,test,昨日同时刻,226,181.0
2019-08-15 03:00:00,test,昨日同时刻,126,98.0
2019-08-15 04:00:00,test,昨日同时刻,166,145.0
2019-08-15 05:00:00,test,昨日同时刻,626,693.0
2019-08-15 06:00:00,test,昨日同时刻,2171,2246.0
2019-08-15 07:00:00,test,昨日同时刻,4246,4372.0
2019-08-15 08:00:00,test,昨日同时刻,7466,7521.0
2019-08-15 09:00:00,test,昨日同时刻,5673,5554.0
2019-08-15 10:00:00,test,昨日同时刻,3154,3069.0
2019-08-15 11:00:00,test,昨日同时刻,3211,3057.0
2019-08-15 12:00:00,test,昨日同时刻,3726,3623.0
2019-08-15 13:00:00,test,昨日同时刻,3852,3488.0
2019-08-15 14:00:00,test,昨日同时刻,3723,3668.0
2019-08-15 15:00:00,test,昨日同时刻,4070,2640.0
2019-08-15 16:00:00,test,昨日同时刻,5402,2676.0
2019-08-15 17:00:00,test,昨日同时刻,9023,6662.0
2019-08-15 18:00:00,test,昨日同时刻,9012,8136.0
2019-08-15 19:00:00,test,昨日同时刻,6562,5980.0
2019-08-15 20:00:00,test,昨日同时刻,4416,4219.0
2019-08-15 21:00:00,test,昨日同时刻,3161,2964.0
2019-08-15 22:00:00,test,昨日同时刻,2237,2186.0
2019-08-15 23:00:00,test,昨日同时刻,1565,1396.0
2019-08-16 00:00:00,test,昨日同时刻,873,657.0
2019-08-16 01:00:00,test,昨日同时刻,481,347.0
2019-08-16 02:00:00,test,昨日同时刻,293,226.0
2019-08-16 03:00:00,test,昨日同时刻,130,126.0
2019-08-16 04:00:00,test,昨日同时刻,182,166.0
2019-08-16 05:00:00,test,昨日同时刻,584,626.0
2019-08-16 06:00:00,test,昨日同时刻,1858,2171.0
2019-08-16 07:00:00,test,昨日同时刻,3623,4246.0
2019-08-16 08:00:00,test,昨日同时刻,6708,7466.0
2019-08-16 09:00:00,test,昨日同时刻,5518,5673.0
2019-08-16 10:00:00,test,昨日同时刻,3361,3154.0
2019-08-16 11:00:00,test,昨日同时刻,3361,3211.0
2019-08-16 12:00:00,test,昨日同时刻,4044,3726.0
2019-08-16 13:00:00,test,昨日同时刻,4302,3852.0
2019-08-16 14:00:00,test,昨日同时刻,4635,3723.0
2019-08-16 15:00:00,test,昨日同时刻,5231,4070.0
2019-08-16 16:00:00,test,昨日同时刻,6256,5402.0
2019-08-16 17:00:00,test,昨日同时刻,8100,9023.0
2019-08-16 18:00:00,test,昨日同时刻,6868,9012.0
2019-08-16 19:00:00,test,昨日同时刻,5178,6562.0
2019-08-16 20:00:00,test,昨日同时刻,3522,4416.0
2019-08-16 21:00:00,test,昨日同时刻,2626,3161.0
2019-08-16 22:00:00,test,昨日同时刻,2139,2237.0
2019-08-16 23:00:00,test,昨日同时刻,1586,1565.0
2019-08-17 00:00:00,test,昨日同时刻,1167,873.0
2019-08-17 01:00:00,test,昨日同时刻,706,481.0
2019-08-17 02:00:00,test,昨日同时刻,536,293.0
2019-08-17 03:00:00,test,昨日同时刻,320,130.0
2019-08-17 04:00:00,test,昨日同时刻,169,182.0
2019-08-17 05:00:00,test,昨日同时刻,168,584.0
2019-08-17 06:00:00,test,昨日同时刻,517,1858.0
2019-08-17 07:00:00,test,昨日同时刻,1252,3623.0
2019-08-17 08:00:00,test,昨日同时刻,2472,6708.0
2019-08-17 09:00:00,test,昨日同时刻,3999,5518.0
2019-08-17 10:00:00,test,昨日同时刻,5658,3361.0
2019-08-17 11:00:00,test,昨日同时刻,6877,3361.0
2019-08-17 12:00:00,test,昨日同时刻,7150,4044.0
2019-08-17 13:00:00,test,昨日同时刻,5842,4302.0
2019-08-17 14:00:00,test,昨日同时刻,5874,4635.0
2019-08-17 15:00:00,test,昨日同时刻,5641,5231.0
2019-08-17 16:00:00,test,昨日同时刻,5545,6256.0
2019-08-17 17:00:00,test,昨日同时刻,5376,8100.0
2019-08-17 18:00:00,test,昨日同时刻,4977,6868.0
2019-08-17 19:00:00,test,昨日同时刻,4333,5178.0
2019-08-17 20:00:00,test,昨日同时刻,3275,3522.0
2019-08-17 21:00:00,test,昨日同时刻,2404,2626.0
2019-08-17 22:00:00,test,昨日同时刻,2109,2139.0
2019-08-17 23:00:00,test,昨日同时刻,1631,1586.0
2019-08-18 00:00:00,test,昨日同时刻,1146,1167.0
2019-08-18 01:00:00,test,昨日同时刻,804,706.0
2019-08-18 02:00:00,test,昨日同时刻,530,536.0
2019-08-18 03:00:00,test,昨日同时刻,332,320.0
2019-08-18 04:00:00,test,昨日同时刻,220,169.0
2019-08-18 05:00:00,test,昨日同时刻,178,168.0
2019-08-18 06:00:00,test,昨日同时刻,330,517.0
2019-08-18 07:00:00,test,昨日同时刻,790,1252.0
2019-08-18 08:00:00,test,昨日同时刻,1590,2472.0
2019-08-18 09:00:00,test,昨日同时刻,2553,3999.0
2019-08-18 10:00:00,test,昨日同时刻,3523,5658.0
2019-08-18 11:00:00,test,昨日同时刻,4363,6877.0
2019-08-18 12:00:00,test,昨日同时刻,4859,7150.0
2019-08-18 13:00:00,test,昨日同时刻,5010,5842.0
2019-08-18 14:00:00,test,昨日同时刻,4887,5874.0
2019-08-18 15:00:00,test,昨日同时刻,5025,5641.0
2019-08-18 16:00:00,test,昨日同时刻,5091,5545.0
2019-08-18 17:00:00,test,昨日同时刻,3877,5376.0
2019-08-18 18:00:00,test,昨日同时刻,1620,4977.0
2019-08-18 19:00:00,test,昨日同时刻,2787,4333.0
2019-08-18 20:00:00,test,昨日同时刻,2335,3275.0
2019-08-18 21:00:00,test,昨日同时刻,1940,2404.0
2019-08-18 22:00:00,test,昨日同时刻,1408,2109.0
2019-08-18 23:00:00,test,昨日同时刻,1023,1631.0
2019-08-19 00:00:00,test,昨日同时刻,525,1146.0
2019-08-19 01:00:00,test,昨日同时刻,282,804.0
2019-08-19 02:00:00,test,昨日同时刻,156,530.0
2019-08-19 03:00:00,test,昨日同时刻,100,332.0
2019-08-19 04:00:00,test,昨日同时刻,135,220.0
2019-08-19 05:00:00,test,昨日同时刻,577,178.0
2019-08-19 06:00:00,test,昨日同时刻,1962,330.0
2019-08-19 07:00:00,test,昨日同时刻,3897,790.0
2019-08-19 08:00:00,test,昨日同时刻,6521,1590.0
2019-08-19 09:00:00,test,昨日同时刻,4560,2553.0
2019-08-19 10:00:00,test,昨日同时刻,2671,3523.0
2019-08-19 11:00:00,test,昨日同时刻,2597,4363.0
2019-08-19 12:00:00,test,昨日同时刻,3010,4859.0
2019-08-19 13:00:00,test,昨日同时刻,3234,5010.0
2019-08-19 14:00:00,test,昨日同时刻,3181,4887.0
2019-08-19 15:00:00,test,昨日同时刻,3419,5025.0
2019-08-19 16:00:00,test,昨日同时刻,4619,5091.0
2019-08-19 17:00:00,test,昨日同时刻,8335,3877.0
2019-08-19 18:00:00,test,昨日同时刻,8602,1620.0
2019-08-19 19:00:00,test,昨日同时刻,5981,2787.0
2019-08-19 20:00:00,test,昨日同时刻,4087,2335.0
2019-08-19 21:00:00,test,昨日同时刻,2683,1940.0
2019-08-19 22:00:00,test,昨日同时刻,1768,1408.0
2019-08-19 23:00:00,test,昨日同时刻,1006,1023.0
2019-08-20 00:00:00,test,昨日同时刻,590,525.0
2019-08-20 01:00:00,test,昨日同时刻,310,282.0
2019-08-20 02:00:00,test,昨日同时刻,171,156.0
2019-08-20 03:00:00,test,昨日同时刻,90,100.0
2019-08-20 04:00:00,test,昨日同时刻,137,135.0
2019-08-20 05:00:00,test,昨日同时刻,652,577.0
2019-08-20 06:00:00,test,昨日同时刻,2345,1962.0
2019-08-20 07:00:00,test,昨日同时刻,4535,3897.0
2019-08-20 08:00:00,test,昨日同时刻,7535,6521.0
2019-08-20 09:00:00,test,昨日同时刻,5437,4560.0
2019-08-20 10:00:00,test,昨日同时刻,2977,2671.0
2019-08-20 11:00:00,test,昨日同时刻,2923,2597.0
2019-08-20 12:00:00,test,昨日同时刻,3253,3010.0
2019-08-20 13:00:00,test,昨日同时刻,3423,3234.0
2019-08-20 14:00:00,test,昨日同时刻,3380,3181.0
2019-08-20 15:00:00,test,昨日同时刻,3929,3419.0
2019-08-20 16:00:00,test,昨日同时刻,4969,4619.0
2019-08-20 17:00:00,test,昨日同时刻,9002,8335.0
2019-08-20 18:00:00,test,昨日同时刻,9133,8602.0
2019-08-20 19:00:00,test,昨日同时刻,6599,5981.0
2019-08-20 20:00:00,test,昨日同时刻,4432,4087.0
2019-08-20 21:00:00,test,昨日同时刻,3096,2683.0
2019-08-20 22:00:00,test,昨日同时刻,2122,1768.0
2019-08-20 23:00:00,test,昨日同时刻,1196,1006.0
2019-08-21 00:00:00,test,昨日同时刻,649,590.0
2019-08-21 01:00:00,test,昨日同时刻,287,310.0
2019-08-21 02:00:00,test,昨日同时刻,181,171.0
2019-08-21 03:00:00,test,昨日同时刻,115,90.0
2019-08-21 04:00:00,test,昨日同时刻,168,137.0
2019-08-21 05:00:00,test,昨日同时刻,680,652.0
2019-08-21 06:00:00,test,昨日同时刻,2140,2345.0
2019-08-21 07:00:00,test,昨日同时刻,4190,4535.0
2019-08-21 08:00:00,test,昨日同时刻,7398,7535.0
2019-08-21 09:00:00,test,昨日同时刻,5453,5437.0
2019-08-21 10:00:00,test,昨日同时刻,2997,2977.0
2019-08-21 11:00:00,test,昨日同时刻,2949,2923.0
2019-08-21 12:00:00,test,昨日同时刻,3258,3253.0
2019-08-21 13:00:00,test,昨日同时刻,3318,3423.0
2019-08-21 14:00:00,test,昨日同时刻,3219,3380.0
2019-08-21 15:00:00,test,昨日同时刻,3717,3929.0
2019-08-21 16:00:00,test,昨日同时刻,4897,4969.0
2019-08-21 17:00:00,test,昨日同时刻,5702,9002.0
2019-08-21 18:00:00,test,昨日同时刻,5977,9133.0
2019-08-21 19:00:00,test,昨日同时刻,5567,6599.0
2019-08-21 20:00:00,test,昨日同时刻,4015,4432.0
2019-08-21 21:00:00,test,昨日同时刻,2812,3096.0
2019-08-21 22:00:00,test,昨日同时刻,2034,2122.0
2019-08-21 23:00:00,test,昨日同时刻,1239,1196.0
2019-08-22 00:00:00,test,昨日同时刻,703,649.0
2019-08-22 01:00:00,test,昨日同时刻,338,287.0
2019-08-22 02:00:00,test,昨日同时刻,214,181.0
2019-08-22 03:00:00,test,昨日同时刻,119,115.0
2019-08-22 04:00:00,test,昨日同时刻,171,168.0
2019-08-22 05:00:00,test,昨日同时刻,646,680.0
2019-08-22 06:00:00,test,昨日同时刻,2107,2140.0
2019-08-22 07:00:00,test,昨日同时刻,4066,4190.0
2019-08-22 08:00:00,test,昨日同时刻,7085,7398.0
2019-08-22 09:00:00,test,昨日同时刻,5318,5453.0
2019-08-22 10:00:00,test,昨日同时刻,3096,2997.0
2019-08-22 11:00:00,test,昨日同时刻,3061,2949.0
2019-08-22 12:00:00,test,昨日同时刻,3386,3258.0
2019-08-22 13:00:00,test,昨日同时刻,3375,3318.0
2019-08-22 14:00:00,test,昨日同时刻,3306,3219.0
2019-08-22 15:00:00,test,昨日同时刻,3754,3717.0
2019-08-22 16:00:00,test,昨日同时刻,4767,4897.0
2019-08-22 17:00:00,test,昨日同时刻,8144,5702.0
2019-08-22 18:00:00,test,昨日同时刻,8348,5977.0
2019-08-22 19:00:00,test,昨日同时刻,6002,5567.0
2019-08-22 20:00:00,test,昨日同时刻,2746,4015.0
2019-08-22 21:00:00,test,昨日同时刻,1569,2812.0
2019-08-22 22:00:00,test,昨日同时刻,600,2034.0
2019-08-22 23:00:00,test,昨日同时刻,745,1239.0
2019-08-23 00:00:00,test,昨日同时刻,307,703.0
2019-08-23 01:00:00,test,昨日同时刻,256,338.0
2019-08-23 02:00:00,test,昨日同时刻,203,214.0
2019-08-23 03:00:00,test,昨日同时刻,122,119.0
2019-08-23 04:00:00,test,昨日同时刻,147,171.0
2019-08-23 05:00:00,test,昨日同时刻,482,646.0
2019-08-23 06:00:00,test,昨日同时刻,1698,2107.0
2019-08-23 07:00:00,test,昨日同时刻,3090,4066.0
2019-08-23 08:00:00,test,昨日同时刻,2978,7085.0
2019-08-23 09:00:00,test,昨日同时刻,1684,5318.0
2019-08-23 10:00:00,test,昨日同时刻,1439,3096.0
2019-08-23 11:00:00,test,昨日同时刻,2331,3061.0
2019-08-23 12:00:00,test,昨日同时刻,3386,3386.0
2019-08-23 13:00:00,test,昨日同时刻,3908,3375.0
2019-08-23 14:00:00,test,昨日同时刻,4202,3306.0
2019-08-23 15:00:00,test,昨日同时刻,4875,3754.0
2019-08-23 16:00:00,test,昨日同时刻,5840,4767.0
2019-08-23 17:00:00,test,昨日同时刻,6914,8144.0
2019-08-23 18:00:00,test,昨日同时刻,5913,8348.0
2019-08-23 19:00:00,test,昨日同时刻,4764,6002.0
2019-08-23 20:00:00,test,昨日同时刻,3394,2746.0
2019-08-23 21:00:00,test,昨日同时刻,2317,1569.0
2019-08-23 22:00:00,test,昨日同时刻,1974,600.0
2019-08-23 23:00:00,test,昨日同时刻,1481,745.0
2019-08-24 00:00:00,test,昨日同时刻,1099,307.0
2019-08-24 01:00:00,test,昨日同时刻,744,256.0
2019-08-24 02:00:00,test,昨日同时刻,466,203.0
2019-08-24 03:00:00,test,昨日同时刻,308,122.0
2019-08-24 04:00:00,test,昨日同时刻,233,147.0
2019-08-24 05:00:00,test,昨日同时刻,176,482.0
2019-08-24 06:00:00,test,昨日同时刻,492,1698.0
2019-08-24 07:00:00,test,昨日同时刻,1143,3090.0
2019-08-24 08:00:00,test,昨日同时刻,1944,2978.0
2019-08-24 09:00:00,test,昨日同时刻,3140,1684.0
2019-08-24 10:00:00,test,昨日同时刻,4266,1439.0
2019-08-24 11:00:00,test,昨日同时刻,5088,2331.0
2019-08-24 12:00:00,test,昨日同时刻,5797,3386.0
2019-08-24 13:00:00,test,昨日同时刻,5929,3908.0
2019-08-24 14:00:00,test,昨日同时刻,6083,4202.0
2019-08-24 15:00:00,test,昨日同时刻,6084,4875.0
2019-08-24 16:00:00,test,昨日同时刻,6106,5840.0
2019-08-24 17:00:00,test,昨日同时刻,5782,6914.0
2019-08-24 18:00:00,test,昨日同时刻,5266,5913.0
2019-08-24 19:00:00,test,昨日同时刻,4699,4764.0
2019-08-24 20:00:00,test,昨日同时刻,3159,3394.0
2019-08-24 21:00:00,test,昨日同时刻,2407,2317.0
2019-08-24 22:00:00,test,昨日同时刻,2063,1974.0
2019-08-24 23:00:00,test,昨日同时刻,1631,1481.0
2019-08-25 00:00:00,test,昨日同时刻,1204,1099.0
2019-08-25 01:00:00,test,昨日同时刻,731,744.0
2019-08-25 02:00:00,test,昨日同时刻,539,466.0
2019-08-25 03:00:00,test,昨日同时刻,313,308.0
2019-08-25 04:00:00,test,昨日同时刻,205,233.0
2019-08-25 05:00:00,test,昨日同时刻,146,176.0
2019-08-25 06:00:00,test,昨日同时刻,328,492.0
2019-08-25 07:00:00,test,昨日同时刻,729,1143.0
2019-08-25 08:00:00,test,昨日同时刻,1429,1944.0
2019-08-25 09:00:00,test,昨日同时刻,2630,3140.0
2019-08-25 10:00:00,test,昨日同时刻,3707,4266.0
2019-08-25 11:00:00,test,昨日同时刻,4728,5088.0
2019-08-25 12:00:00,test,昨日同时刻,5621,5797.0
2019-08-25 13:00:00,test,昨日同时刻,6183,5929.0
2019-08-25 14:00:00,test,昨日同时刻,6109,6083.0
2019-08-25 15:00:00,test,昨日同时刻,6211,6084.0
2019-08-25 16:00:00,test,昨日同时刻,6308,6106.0
2019-08-25 17:00:00,test,昨日同时刻,6232,5782.0
2019-08-25 18:00:00,test,昨日同时刻,5854,5266.0
2019-08-25 19:00:00,test,昨日同时刻,4699,4699.0
2019-08-25 20:00:00,test,昨日同时刻,3091,3159.0
2019-08-25 21:00:00,test,昨日同时刻,2248,2407.0
2019-08-25 22:00:00,test,昨日同时刻,1623,2063.0
2019-08-25 23:00:00,test,昨日同时刻,924,1631.0
2019-08-26 00:00:00,test,昨日同时刻,487,1204.0
2019-08-26 01:00:00,test,昨日同时刻,233,731.0
2019-08-26 02:00:00,test,昨日同时刻,143,539.0
2019-08-26 03:00:00,test,昨日同时刻,106,313.0
2019-08-26 04:00:00,test,昨日同时刻,125,205.0
2019-08-26 05:00:00,test,昨日同时刻,590,146.0
2019-08-26 06:00:00,test,昨日同时刻,1976,328.0
2019-08-26 07:00:00,test,昨日同时刻,3997,729.0
2019-08-26 08:00:00,test,昨日同时刻,7006,1429.0
2019-08-26 09:00:00,test,昨日同时刻,4939,2630.0
2019-08-26 10:00:00,test,昨日同时刻,2837,3707.0
2019-08-26 11:00:00,test,昨日同时刻,2814,4728.0
2019-08-26 12:00:00,test,昨日同时刻,3227,5621.0
2019-08-26 13:00:00,test,昨日同时刻,3600,6183.0
2019-08-26 14:00:00,test,昨日同时刻,3538,6109.0
2019-08-26 15:00:00,test,昨日同时刻,3993,6211.0
2019-08-26 16:00:00,test,昨日同时刻,5352,6308.0
2019-08-26 17:00:00,test,昨日同时刻,9302,6232.0
2019-08-26 18:00:00,test,昨日同时刻,9189,5854.0
2019-08-26 19:00:00,test,昨日同时刻,6278,4699.0
2019-08-26 20:00:00,test,昨日同时刻,3916,3091.0
2019-08-26 21:00:00,test,昨日同时刻,2551,2248.0
2019-08-26 22:00:00,test,昨日同时刻,1720,1623.0
2019-08-26 23:00:00,test,昨日同时刻,1041,924.0
2019-08-27 00:00:00,test,昨日同时刻,511,487.0
2019-08-27 01:00:00,test,昨日同时刻,273,233.0
2019-08-27 02:00:00,test,昨日同时刻,164,143.0
2019-08-27 03:00:00,test,昨日同时刻,93,106.0
2019-08-27 04:00:00,test,昨日同时刻,158,125.0
2019-08-27 05:00:00,test,昨日同时刻,675,590.0
2019-08-27 06:00:00,test,昨日同时刻,2293,1976.0
2019-08-27 07:00:00,test,昨日同时刻,4524,3997.0
2019-08-27 08:00:00,test,昨日同时刻,7962,7006.0
2019-08-27 09:00:00,test,昨日同时刻,5610,4939.0
2019-08-27 10:00:00,test,昨日同时刻,3037,2837.0
2019-08-27 11:00:00,test,昨日同时刻,2968,2814.0
2019-08-27 12:00:00,test,昨日同时刻,3542,3227.0
2019-08-27 13:00:00,test,昨日同时刻,3593,3600.0
2019-08-27 14:00:00,test,昨日同时刻,3632,3538.0
2019-08-27 15:00:00,test,昨日同时刻,4002,3993.0
2019-08-27 16:00:00,test,昨日同时刻,5136,5352.0
2019-08-27 17:00:00,test,昨日同时刻,9121,9302.0
2019-08-27 18:00:00,test,昨日同时刻,9092,9189.0
2019-08-27 19:00:00,test,昨日同时刻,6407,6278.0
2019-08-27 20:00:00,test,昨日同时刻,3881,3916.0
2019-08-27 21:00:00,test,昨日同时刻,2768,2551.0
2019-08-27 22:00:00,test,昨日同时刻,2000,1720.0
2019-08-27 23:00:00,test,昨日同时刻,1242,1041.0
2019-08-28 00:00:00,test,昨日同时刻,649,511.0
2019-08-28 01:00:00,test,昨日同时刻,305,273.0
2019-08-28 02:00:00,test,昨日同时刻,171,164.0
2019-08-28 03:00:00,test,昨日同时刻,101,93.0
2019-08-28 04:00:00,test,昨日同时刻,170,158.0
2019-08-28 05:00:00,test,昨日同时刻,681,675.0
2019-08-28 06:00:00,test,昨日同时刻,2114,2293.0
2019-08-28 07:00:00,test,昨日同时刻,4426,4524.0
2019-08-28 08:00:00,test,昨日同时刻,7514,7962.0
2019-08-28 09:00:00,test,昨日同时刻,5596,5610.0
2019-08-28 10:00:00,test,昨日同时刻,3042,3037.0
2019-08-28 11:00:00,test,昨日同时刻,2949,2968.0
2019-08-28 12:00:00,test,昨日同时刻,2672,3542.0
2019-08-28 13:00:00,test,昨日同时刻,1694,3593.0
2019-08-28 14:00:00,test,昨日同时刻,2711,3632.0
2019-08-28 15:00:00,test,昨日同时刻,2886,4002.0
2019-08-28 16:00:00,test,昨日同时刻,3650,5136.0
2019-08-28 17:00:00,test,昨日同时刻,7148,9121.0
2019-08-28 18:00:00,test,昨日同时刻,4917,9092.0
2019-08-28 19:00:00,test,昨日同时刻,3898,6407.0
2019-08-28 20:00:00,test,昨日同时刻,2960,3881.0
2019-08-28 21:00:00,test,昨日同时刻,2045,2768.0
2019-08-28 22:00:00,test,昨日同时刻,1658,2000.0
2019-08-28 23:00:00,test,昨日同时刻,1071,1242.0
2019-08-29 00:00:00,test,昨日同时刻,643,649.0
2019-08-29 01:00:00,test,昨日同时刻,323,305.0
2019-08-29 02:00:00,test,昨日同时刻,192,171.0
2019-08-29 03:00:00,test,昨日同时刻,122,101.0
2019-08-29 04:00:00,test,昨日同时刻,163,170.0
2019-08-29 05:00:00,test,昨日同时刻,640,681.0
2019-08-29 06:00:00,test,昨日同时刻,2138,2114.0
2019-08-29 07:00:00,test,昨日同时刻,4282,4426.0
2019-08-29 08:00:00,test,昨日同时刻,7305,7514.0
2019-08-29 09:00:00,test,昨日同时刻,5337,5596.0
2019-08-29 10:00:00,test,昨日同时刻,3203,3042.0
2019-08-29 11:00:00,test,昨日同时刻,3382,2949.0
2019-08-29 12:00:00,test,昨日同时刻,3825,2672.0
2019-08-29 13:00:00,test,昨日同时刻,3982,1694.0
2019-08-29 14:00:00,test,昨日同时刻,4030,2711.0
2019-08-29 15:00:00,test,昨日同时刻,4356,2886.0
2019-08-29 16:00:00,test,昨日同时刻,5420,3650.0
2019-08-29 17:00:00,test,昨日同时刻,8819,7148.0
2019-08-29 18:00:00,test,昨日同时刻,8533,4917.0
2019-08-29 19:00:00,test,昨日同时刻,6072,3898.0
2019-08-29 20:00:00,test,昨日同时刻,4007,2960.0
2019-08-29 21:00:00,test,昨日同时刻,2732,2045.0
2019-08-29 22:00:00,test,昨日同时刻,2242,1658.0
2019-08-29 23:00:00,test,昨日同时刻,1456,1071.0
2019-08-30 00:00:00,test,昨日同时刻,883,643.0
2019-08-30 01:00:00,test,昨日同时刻,545,323.0
2019-08-30 02:00:00,test,昨日同时刻,289,192.0
2019-08-30 03:00:00,test,昨日同时刻,189,122.0
2019-08-30 04:00:00,test,昨日同时刻,174,163.0
2019-08-30 05:00:00,test,昨日同时刻,503,640.0
2019-08-30 06:00:00,test,昨日同时刻,1678,2138.0
2019-08-30 07:00:00,test,昨日同时刻,3312,4282.0
2019-08-30 08:00:00,test,昨日同时刻,5623,7305.0
2019-08-30 09:00:00,test,昨日同时刻,4778,5337.0
2019-08-30 10:00:00,test,昨日同时刻,3430,3203.0
2019-08-30 11:00:00,test,昨日同时刻,3599,3382.0
2019-08-30 12:00:00,test,昨日同时刻,4496,3825.0
2019-08-30 13:00:00,test,昨日同时刻,4904,3982.0
2019-08-30 14:00:00,test,昨日同时刻,5178,4030.0
2019-08-30 15:00:00,test,昨日同时刻,5713,4356.0
2019-08-30 16:00:00,test,昨日同时刻,6230,5420.0
2019-08-30 17:00:00,test,昨日同时刻,6469,8819.0
2019-08-30 18:00:00,test,昨日同时刻,5766,8533.0
2019-08-30 19:00:00,test,昨日同时刻,4478,6072.0
2019-08-30 20:00:00,test,昨日同时刻,2930,4007.0
2019-08-30 21:00:00,test,昨日同时刻,2217,2732.0
2019-08-30 22:00:00,test,昨日同时刻,1829,2242.0
2019-08-30 23:00:00,test,昨日同时刻,1524,1456.0
2019-08-31 00:00:00,test,昨日同时刻,1074,883.0
2019-08-31 01:00:00,test,昨日同时刻,691,545.0
2019-08-31 02:00:00,test,昨日同时刻,437,289.0
2019-08-31 03:00:00,test,昨日同时刻,301,189.0
2019-08-31 04:00:00,test,昨日同时刻,200,174.0
2019-08-31 05:00:00,test,昨日同时刻,185,503.0
2019-08-31 06:00:00,test,昨日同时刻,430,1678.0
2019-08-31 07:00:00,test,昨日同时刻,926,3312.0
2019-08-31 08:00:00,test,昨日同时刻,1775,5623.0
2019-08-31 09:00:00,test,昨日同时刻,2743,4778.0
2019-08-31 10:00:00,test,昨日同时刻,3697,3430.0
2019-08-31 11:00:00,test,昨日同时刻,4420,3599.0
2019-08-31 12:00:00,test,昨日同时刻,4851,4496.0
2019-08-31 13:00:00,test,昨日同时刻,5139,4904.0
2019-08-31 14:00:00,test,昨日同时刻,5071,5178.0
2019-08-31 15:00:00,test,昨日同时刻,5258,5713.0
2019-08-31 16:00:00,test,昨日同时刻,5170,6230.0
2019-08-31 17:00:00,test,昨日同时刻,5012,6469.0
2019-08-31 18:00:00,test,昨日同时刻,4778,5766.0
2019-08-31 19:00:00,test,昨日同时刻,4105,4478.0
2019-08-31 20:00:00,test,昨日同时刻,2623,2930.0
2019-08-31 21:00:00,test,昨日同时刻,2056,2217.0
2019-08-31 22:00:00,test,昨日同时刻,1786,1829.0
2019-08-31 23:00:00,test,昨日同时刻,1394,1524.0
2019-08-08 19:00:00,test,岭回归,6580,6933.044605618061
2019-08-08 20:00:00,test,岭回归,2451,4731.032194855486
2019-08-08 21:00:00,test,岭回归,2493,1801.8529310837203
2019-08-08 22:00:00,test,岭回归,2070,2010.485300246928
2019-08-08 23:00:00,test,岭回归,1453,1470.5116831066948
2019-08-09 00:00:00,test,岭回归,796,960.1331519749358
2019-08-09 01:00:00,test,岭回归,374,517.3487311166127
2019-08-09 02:00:00,test,岭回归,236,285.6416511595103
2019-08-09 03:00:00,test,岭回归,156,217.5666533945614
2019-08-09 04:00:00,test,岭回归,179,230.22348092040966
2019-08-09 05:00:00,test,岭回归,556,595.4055064091185
2019-08-09 06:00:00,test,岭回归,2006,1761.3073561554763
2019-08-09 07:00:00,test,岭回归,3882,3693.5199472344066
2019-08-09 08:00:00,test,岭回归,6718,6275.125702603689
2019-08-09 09:00:00,test,岭回归,5520,5762.8812108862185
2019-08-09 10:00:00,test,岭回归,3314,4135.208242268505
2019-08-09 11:00:00,test,岭回归,3413,3498.597987506953
2019-08-09 12:00:00,test,岭回归,4120,3978.3993315284933
2019-08-09 13:00:00,test,岭回归,4173,4294.378632286815
2019-08-09 14:00:00,test,岭回归,4730,4320.641135942604
2019-08-09 15:00:00,test,岭回归,5282,4929.59854782408
2019-08-09 16:00:00,test,岭回归,4874,6015.181729148557
2019-08-09 17:00:00,test,岭回归,7868,7261.127630424918
2019-08-09 18:00:00,test,岭回归,6827,7758.204378786527
2019-08-09 19:00:00,test,岭回归,5060,5517.169516348849
2019-08-09 20:00:00,test,岭回归,3630,3691.779973522828
2019-08-09 21:00:00,test,岭回归,2608,2633.7796607802384
2019-08-09 22:00:00,test,岭回归,2185,2135.2829417248436
2019-08-09 23:00:00,test,岭回归,1681,1648.650386657674
2019-08-10 00:00:00,test,岭回归,1209,1111.0891856054936
2019-08-10 01:00:00,test,岭回归,783,799.8704582523369
2019-08-10 02:00:00,test,岭回归,536,535.1865901328238
2019-08-10 03:00:00,test,岭回归,335,370.65773806731477
2019-08-10 04:00:00,test,岭回归,231,264.66320682972537
2019-08-10 05:00:00,test,岭回归,198,448.0992195565623
2019-08-10 06:00:00,test,岭回归,579,1140.7828717923046
2019-08-10 07:00:00,test,岭回归,1314,2119.4071375885906
2019-08-10 08:00:00,test,岭回归,2575,3557.0680515795484
2019-08-10 09:00:00,test,岭回归,4178,2586.745877861707
2019-08-10 10:00:00,test,岭回归,5694,3492.3830475173518
2019-08-10 11:00:00,test,岭回归,6896,5604.688767068987
2019-08-10 12:00:00,test,岭回归,7174,6829.930021020085
2019-08-10 13:00:00,test,岭回归,6209,6671.537470070571
2019-08-10 14:00:00,test,岭回归,6185,6014.941307144425
2019-08-10 15:00:00,test,岭回归,6142,6142.705384552013
2019-08-10 16:00:00,test,岭回归,6114,6378.078500431744
2019-08-10 17:00:00,test,岭回归,5743,7475.949389386044
2019-08-10 18:00:00,test,岭回归,5564,5659.630671223028
2019-08-10 19:00:00,test,岭回归,4863,4280.309256101699
2019-08-10 20:00:00,test,岭回归,3555,3569.5330858036837
2019-08-10 21:00:00,test,岭回归,2585,2512.9287086902796
2019-08-10 22:00:00,test,岭回归,2230,2050.812626592263
2019-08-10 23:00:00,test,岭回归,1773,1563.7327895993196
2019-08-11 00:00:00,test,岭回归,1203,1085.3982869567806
2019-08-11 01:00:00,test,岭回归,886,775.2999848008249
2019-08-11 02:00:00,test,岭回归,579,588.0573236182368
2019-08-11 03:00:00,test,岭回归,327,374.30064883282375
2019-08-11 04:00:00,test,岭回归,235,236.23642269284983
2019-08-11 05:00:00,test,岭回归,185,378.7174033403203
2019-08-11 06:00:00,test,岭回归,490,915.2844978286623
2019-08-11 07:00:00,test,岭回归,828,1674.7543368455665
2019-08-11 08:00:00,test,岭回归,1579,2604.8621482323515
2019-08-11 09:00:00,test,岭回归,2771,1498.5430566044445
2019-08-11 10:00:00,test,岭回归,3914,2461.4195487069214
2019-08-11 11:00:00,test,岭回归,4799,4423.527851593473
2019-08-11 12:00:00,test,岭回归,5346,5397.874659778985
2019-08-11 13:00:00,test,岭回归,5801,5497.820415761829
2019-08-11 14:00:00,test,岭回归,5960,5797.0006390855615
2019-08-11 15:00:00,test,岭回归,6071,6013.866108740312
2019-08-11 16:00:00,test,岭回归,6057,6443.796188512054
2019-08-11 17:00:00,test,岭回归,6209,7205.855562122464
2019-08-11 18:00:00,test,岭回归,5982,5789.962433091181
2019-08-11 19:00:00,test,岭回归,4708,4457.428759901453
2019-08-11 20:00:00,test,岭回归,3758,3335.6053343380268
2019-08-11 21:00:00,test,岭回归,2545,2552.5136927494086
2019-08-11 22:00:00,test,岭回归,1815,1912.356680450066
2019-08-11 23:00:00,test,岭回归,1194,1191.4445519918686
2019-08-12 00:00:00,test,岭回归,611,774.989203968134
2019-08-12 01:00:00,test,岭回归,295,413.9529828684822
2019-08-12 02:00:00,test,岭回归,180,229.05536154113406
2019-08-12 03:00:00,test,岭回归,103,161.7462684413117
2019-08-12 04:00:00,test,岭回归,136,166.44797759399944
2019-08-12 05:00:00,test,岭回归,596,484.5676046107851
2019-08-12 06:00:00,test,岭回归,2055,1596.3603850121738
2019-08-12 07:00:00,test,岭回归,4135,3397.4576189527374
2019-08-12 08:00:00,test,岭回归,6965,5913.45149535398
2019-08-12 09:00:00,test,岭回归,5044,5628.439274569337
2019-08-12 10:00:00,test,岭回归,2754,3833.042368127168
2019-08-12 11:00:00,test,岭回归,3000,3203.971055707454
2019-08-12 12:00:00,test,岭回归,3404,3781.0904495939653
2019-08-12 13:00:00,test,岭回归,3520,3894.175517449812
2019-08-12 14:00:00,test,岭回归,3561,3964.819311473114
2019-08-12 15:00:00,test,岭回归,3849,4158.889431459281
2019-08-12 16:00:00,test,岭回归,5238,4914.998651230897
2019-08-12 17:00:00,test,岭回归,9149,7483.189239315035
2019-08-12 18:00:00,test,岭回归,9284,8730.807094507405
2019-08-12 19:00:00,test,岭回归,6818,7266.621016636615
2019-08-12 20:00:00,test,岭回归,4627,5198.644092489052
2019-08-12 21:00:00,test,岭回归,2807,3393.4449111417694
2019-08-12 22:00:00,test,岭回归,1998,2213.7569200002404
2019-08-12 23:00:00,test,岭回归,1165,1395.2644766338897
2019-08-13 00:00:00,test,岭回归,627,739.7632484347819
2019-08-13 01:00:00,test,岭回归,302,399.9499736013163
2019-08-13 02:00:00,test,岭回归,177,238.93323589187366
2019-08-13 03:00:00,test,岭回归,71,178.43064214396418
2019-08-13 04:00:00,test,岭回归,110,158.65613540869663
2019-08-13 05:00:00,test,岭回归,666,549.5106686378363
2019-08-13 06:00:00,test,岭回归,2308,1820.608092055812
2019-08-13 07:00:00,test,岭回归,3843,3939.306266064705
2019-08-13 08:00:00,test,岭回归,7025,6380.470126739883
2019-08-13 09:00:00,test,岭回归,5595,6048.97663848473
2019-08-13 10:00:00,test,岭回归,3100,4139.187437835863
2019-08-13 11:00:00,test,岭回归,2763,3291.297101312628
2019-08-13 12:00:00,test,岭回归,2299,3117.595672384336
2019-08-13 13:00:00,test,岭回归,2158,2649.352665321818
2019-08-13 14:00:00,test,岭回归,2991,2661.835271888571
2019-08-13 15:00:00,test,岭回归,3569,3402.232614594681
2019-08-13 16:00:00,test,岭回归,4668,4560.171948832393
2019-08-13 17:00:00,test,岭回归,8721,7344.88602118692
2019-08-13 18:00:00,test,岭回归,8781,8799.279792692827
2019-08-13 19:00:00,test,岭回归,5388,7150.967378435347
2019-08-13 20:00:00,test,岭回归,3876,4288.405169684322
2019-08-13 21:00:00,test,岭回归,2706,2906.451679135655
2019-08-13 22:00:00,test,岭回归,2038,2212.2547278774514
2019-08-13 23:00:00,test,岭回归,1158,1430.6815529953228
2019-08-14 00:00:00,test,岭回归,618,685.3159602540031
2019-08-14 01:00:00,test,岭回归,327,335.22277224410163
2019-08-14 02:00:00,test,岭回归,181,190.9828181630055
2019-08-14 03:00:00,test,岭回归,98,112.3309612625203
2019-08-14 04:00:00,test,岭回归,145,134.4627845948171
2019-08-14 05:00:00,test,岭回归,693,532.8986684017932
2019-08-14 06:00:00,test,岭回归,2246,1880.3794220360967
2019-08-14 07:00:00,test,岭回归,4372,3853.7872344964658
2019-08-14 08:00:00,test,岭回归,7521,6692.137768436883
2019-08-14 09:00:00,test,岭回归,5554,6427.123502073062
2019-08-14 10:00:00,test,岭回归,3069,4117.606298888557
2019-08-14 11:00:00,test,岭回归,3057,3204.5244818934852
2019-08-14 12:00:00,test,岭回归,3623,3456.2375406685906
2019-08-14 13:00:00,test,岭回归,3488,3595.0099451927335
2019-08-14 14:00:00,test,岭回归,3668,3347.4778581832566
2019-08-14 15:00:00,test,岭回归,2640,3473.1924967387354
2019-08-14 16:00:00,test,岭回归,2676,3294.8253518893143
2019-08-14 17:00:00,test,岭回归,6662,4493.661753204227
2019-08-14 18:00:00,test,岭回归,8136,5902.347858636456
2019-08-14 19:00:00,test,岭回归,5980,5599.408480098701
2019-08-14 20:00:00,test,岭回归,4219,3874.1247694920457
2019-08-14 21:00:00,test,岭回归,2964,2719.223614109653
2019-08-14 22:00:00,test,岭回归,2186,2165.850283307541
2019-08-14 23:00:00,test,岭回归,1396,1431.1179484747845
2019-08-15 00:00:00,test,岭回归,657,783.1989332779981
2019-08-15 01:00:00,test,岭回归,347,316.38903848564314
2019-08-15 02:00:00,test,岭回归,226,171.12963248485403
2019-08-15 03:00:00,test,岭回归,126,112.4649365037053
2019-08-15 04:00:00,test,岭回归,166,118.75823096965041
2019-08-15 05:00:00,test,岭回归,626,513.6897769300563
2019-08-15 06:00:00,test,岭回归,2171,1775.7969371260563
2019-08-15 07:00:00,test,岭回归,4246,3851.7154219733684
2019-08-15 08:00:00,test,岭回归,7466,6559.031326268887
2019-08-15 09:00:00,test,岭回归,5673,6213.007740696879
2019-08-15 10:00:00,test,岭回归,3154,4130.141295795147
2019-08-15 11:00:00,test,岭回归,3211,3250.58068500409
2019-08-15 12:00:00,test,岭回归,3726,3675.250325301459
2019-08-15 13:00:00,test,岭回归,3852,3806.7284316055657
2019-08-15 14:00:00,test,岭回归,3723,3873.5064929403097
2019-08-15 15:00:00,test,岭回归,4070,3800.080540708233
2019-08-15 16:00:00,test,岭回归,5402,4639.433562713023
2019-08-15 17:00:00,test,岭回归,9023,7462.711001934391
2019-08-15 18:00:00,test,岭回归,9012,8803.898812555064
2019-08-15 19:00:00,test,岭回归,6562,7136.848710859431
2019-08-15 20:00:00,test,岭回归,4416,4617.4254654749975
2019-08-15 21:00:00,test,岭回归,3161,3146.206691678106
2019-08-15 22:00:00,test,岭回归,2237,2449.7171684024993
2019-08-15 23:00:00,test,岭回归,1565,1567.4762323291495
2019-08-16 00:00:00,test,岭回归,873,1013.3716449967235
2019-08-16 01:00:00,test,岭回归,481,555.5934915641305
2019-08-16 02:00:00,test,岭回归,293,343.0178221605561
2019-08-16 03:00:00,test,岭回归,130,231.23558939991153
2019-08-16 04:00:00,test,岭回归,182,189.2079737210306
2019-08-16 05:00:00,test,岭回归,584,560.517078238855
2019-08-16 06:00:00,test,岭回归,1858,1764.0435073185997
2019-08-16 07:00:00,test,岭回归,3623,3591.690446874205
2019-08-16 08:00:00,test,岭回归,6708,6110.7121712851995
2019-08-16 09:00:00,test,岭回归,5518,5840.4616082743105
2019-08-16 10:00:00,test,岭回归,3361,4125.731208330315
2019-08-16 11:00:00,test,岭回归,3361,3535.149066982925
2019-08-16 12:00:00,test,岭回归,4044,3933.7654278090567
2019-08-16 13:00:00,test,岭回归,4302,4187.780752450068
2019-08-16 14:00:00,test,岭回归,4635,4442.688484809548
2019-08-16 15:00:00,test,岭回归,5231,4866.3388295783825
2019-08-16 16:00:00,test,岭回归,6256,5710.047198456181
2019-08-16 17:00:00,test,岭回归,8100,8187.339541075701
2019-08-16 18:00:00,test,岭回归,6868,7871.220060880846
2019-08-16 19:00:00,test,岭回归,5178,5480.137240904119
2019-08-16 20:00:00,test,岭回归,3522,3948.3069490059
2019-08-16 21:00:00,test,岭回归,2626,2630.164427729132
2019-08-16 22:00:00,test,岭回归,2139,2167.578858489818
2019-08-16 23:00:00,test,岭回归,1586,1630.1518699208082
2019-08-17 00:00:00,test,岭回归,1167,1060.5371540761003
2019-08-17 01:00:00,test,岭回归,706,752.2729164406896
2019-08-17 02:00:00,test,岭回归,536,482.3275453230922
2019-08-17 03:00:00,test,岭回归,320,329.3792574157069
2019-08-17 04:00:00,test,岭回归,169,251.5036498083905
2019-08-17 05:00:00,test,岭回归,168,407.2969457509539
2019-08-17 06:00:00,test,岭回归,517,1112.6796261164252
2019-08-17 07:00:00,test,岭回归,1252,2053.2033823079473
2019-08-17 08:00:00,test,岭回归,2472,3562.303783480974
2019-08-17 09:00:00,test,岭回归,3999,2572.587132606571
2019-08-17 10:00:00,test,岭回归,5658,3451.7084045265597
2019-08-17 11:00:00,test,岭回归,6877,5698.577039555751
2019-08-17 12:00:00,test,岭回归,7150,6883.155062978989
2019-08-17 13:00:00,test,岭回归,5842,6699.105862814673
2019-08-17 14:00:00,test,岭回归,5874,5795.75169018077
2019-08-17 15:00:00,test,岭回归,5641,5913.825135624896
2019-08-17 16:00:00,test,岭回归,5545,6172.529971341992
2019-08-17 17:00:00,test,岭回归,5376,7119.626083125685
2019-08-17 18:00:00,test,岭回归,4977,5372.003575882306
2019-08-17 19:00:00,test,岭回归,4333,3875.1418933002833
2019-08-17 20:00:00,test,岭回归,3275,3167.3180276694943
2019-08-17 21:00:00,test,岭回归,2404,2308.6172558714525
2019-08-17 22:00:00,test,岭回归,2109,1932.9636609742563
2019-08-17 23:00:00,test,岭回归,1631,1546.2688783369872
2019-08-18 00:00:00,test,岭回归,1146,1099.1839638370575
2019-08-18 01:00:00,test,岭回归,804,783.4338460913336
2019-08-18 02:00:00,test,岭回归,530,572.3711507811295
2019-08-18 03:00:00,test,岭回归,332,358.6969045201304
2019-08-18 04:00:00,test,岭回归,220,250.91067167305346
2019-08-18 05:00:00,test,岭回归,178,374.35835986860775
2019-08-18 06:00:00,test,岭回归,330,928.2114071706646
2019-08-18 07:00:00,test,岭回归,790,1566.2886548549734
2019-08-18 08:00:00,test,岭回归,1590,2592.186823713907
2019-08-18 09:00:00,test,岭回归,2553,1535.643219176714
2019-08-18 10:00:00,test,岭回归,3523,2363.0696685185603
2019-08-18 11:00:00,test,岭回归,4363,4197.95611626298
2019-08-18 12:00:00,test,岭回归,4859,5113.086438987746
2019-08-18 13:00:00,test,岭回归,5010,5169.134155656293
2019-08-18 14:00:00,test,岭回归,4887,5301.034229616187
2019-08-18 15:00:00,test,岭回归,5025,5280.411257178692
2019-08-18 16:00:00,test,岭回归,5091,5717.83137989597
2019-08-18 17:00:00,test,岭回归,3877,5926.3791021311645
2019-08-18 18:00:00,test,岭回归,1620,4252.81544406609
2019-08-18 19:00:00,test,岭回归,2787,1448.0307438863103
2019-08-18 20:00:00,test,岭回归,2335,2096.2450954999927
2019-08-18 21:00:00,test,岭回归,1940,1601.8397026008486
2019-08-18 22:00:00,test,岭回归,1408,1500.6345986692072
2019-08-18 23:00:00,test,岭回归,1023,926.6184462452
2019-08-19 00:00:00,test,岭回归,525,657.1211141688241
2019-08-19 01:00:00,test,岭回归,282,354.76601695142426
2019-08-19 02:00:00,test,岭回归,156,233.09034694246338
2019-08-19 03:00:00,test,岭回归,100,159.48537264902143
2019-08-19 04:00:00,test,岭回归,135,175.4276651749692
2019-08-19 05:00:00,test,岭回归,577,492.41308377777796
2019-08-19 06:00:00,test,岭回归,1962,1578.8291240423098
2019-08-19 07:00:00,test,岭回归,3897,3351.954381435464
2019-08-19 08:00:00,test,岭回归,6521,5731.521244625486
2019-08-19 09:00:00,test,岭回归,4560,5299.15596698389
2019-08-19 10:00:00,test,岭回归,2671,3415.121211161346
2019-08-19 11:00:00,test,岭回归,2597,3124.8912793892996
2019-08-19 12:00:00,test,岭回归,3010,3429.431939771416
2019-08-19 13:00:00,test,岭回归,3234,3524.962010318407
2019-08-19 14:00:00,test,岭回归,3181,3652.4836932984163
2019-08-19 15:00:00,test,岭回归,3419,3741.2597515917478
2019-08-19 16:00:00,test,岭回归,4619,4512.16613194934
2019-08-19 17:00:00,test,岭回归,8335,6744.7178585125785
2019-08-19 18:00:00,test,岭回归,8602,7194.821405150393
2019-08-19 19:00:00,test,岭回归,5981,6122.538089420839
2019-08-19 20:00:00,test,岭回归,4087,4445.229608169687
2019-08-19 21:00:00,test,岭回归,2683,2927.462392845993
2019-08-19 22:00:00,test,岭回归,1768,2091.3748755318416
2019-08-19 23:00:00,test,岭回归,1006,1223.2197326061485
2019-08-20 00:00:00,test,岭回归,590,608.2287132963584
2019-08-20 01:00:00,test,岭回归,310,356.62525372378377
2019-08-20 02:00:00,test,岭回归,171,224.26750569841033
2019-08-20 03:00:00,test,岭回归,90,150.65564820324835
2019-08-20 04:00:00,test,岭回归,137,169.39617531801196
2019-08-20 05:00:00,test,岭回归,652,571.7462770965021
2019-08-20 06:00:00,test,岭回归,2345,1873.3658792989268
2019-08-20 07:00:00,test,岭回归,4535,3900.3427894894185
2019-08-20 08:00:00,test,岭回归,7535,6724.694064788457
2019-08-20 09:00:00,test,岭回归,5437,6341.21141967465
2019-08-20 10:00:00,test,岭回归,2977,4020.6460750556216
2019-08-20 11:00:00,test,岭回归,2923,3116.246548064498
2019-08-20 12:00:00,test,岭回归,3253,3251.4849197335902
2019-08-20 13:00:00,test,岭回归,3423,3244.541688919359
2019-08-20 14:00:00,test,岭回归,3380,3486.2118265712234
2019-08-20 15:00:00,test,岭回归,3929,3645.3003294198647
2019-08-20 16:00:00,test,岭回归,4969,4712.266399906928
2019-08-20 17:00:00,test,岭回归,9002,7395.854600043218
2019-08-20 18:00:00,test,岭回归,9133,8827.348743338713
2019-08-20 19:00:00,test,岭回归,6599,7073.601845114291
2019-08-20 20:00:00,test,岭回归,4432,4968.577668921435
2019-08-20 21:00:00,test,岭回归,3096,3248.6696177971908
2019-08-20 22:00:00,test,岭回归,2122,2436.607282927466
2019-08-20 23:00:00,test,岭回归,1196,1476.077261587743
2019-08-21 00:00:00,test,岭回归,649,709.313778546129
2019-08-21 01:00:00,test,岭回归,287,372.07282572535996
2019-08-21 02:00:00,test,岭回归,181,177.86678735794976
2019-08-21 03:00:00,test,岭回归,115,127.46102851722117
2019-08-21 04:00:00,test,岭回归,168,158.8818893020566
2019-08-21 05:00:00,test,岭回归,680,565.961351146711
2019-08-21 06:00:00,test,岭回归,2140,1877.822113103669
2019-08-21 07:00:00,test,岭回归,4190,3883.613848388916
2019-08-21 08:00:00,test,岭回归,7398,6633.44884299762
2019-08-21 09:00:00,test,岭回归,5453,6291.2333132766435
2019-08-21 10:00:00,test,岭回归,2997,4026.9956570224267
2019-08-21 11:00:00,test,岭回归,2949,3200.79403571327
2019-08-21 12:00:00,test,岭回归,3258,3529.357282418242
2019-08-21 13:00:00,test,岭回归,3318,3482.2283478141344
2019-08-21 14:00:00,test,岭回归,3219,3525.1374072683925
2019-08-21 15:00:00,test,岭回归,3717,3399.534918013405
2019-08-21 16:00:00,test,岭回归,4897,4232.9310630321215
2019-08-21 17:00:00,test,岭回归,5702,7024.330006518438
2019-08-21 18:00:00,test,岭回归,5977,6429.652340004573
2019-08-21 19:00:00,test,岭回归,5567,4567.156907922329
2019-08-21 20:00:00,test,岭回归,4015,3946.917118825666
2019-08-21 21:00:00,test,岭回归,2812,2990.768591493681
2019-08-21 22:00:00,test,岭回归,2034,2268.2618695387187
2019-08-21 23:00:00,test,岭回归,1239,1453.076460938716
2019-08-22 00:00:00,test,岭回归,703,733.6268101637734
2019-08-22 01:00:00,test,岭回归,338,386.072528210831
2019-08-22 02:00:00,test,岭回归,214,198.3044562410796
2019-08-22 03:00:00,test,岭回归,119,136.91726445401946
2019-08-22 04:00:00,test,岭回归,171,151.1261787709559
2019-08-22 05:00:00,test,岭回归,646,540.9367156048811
2019-08-22 06:00:00,test,岭回归,2107,1803.3547019562727
2019-08-22 07:00:00,test,岭回归,4066,3783.714230328483
2019-08-22 08:00:00,test,岭回归,7085,6510.8975453836965
2019-08-22 09:00:00,test,岭回归,5318,6075.515878910169
2019-08-22 10:00:00,test,岭回归,3096,3923.0225502505264
2019-08-22 11:00:00,test,岭回归,3061,3266.1717691098333
2019-08-22 12:00:00,test,岭回归,3386,3580.6578984256594
2019-08-22 13:00:00,test,岭回归,3375,3607.9860689472966
2019-08-22 14:00:00,test,岭回归,3306,3554.603789008887
2019-08-22 15:00:00,test,岭回归,3754,3683.5846924887487
2019-08-22 16:00:00,test,岭回归,4767,4722.460177909075
2019-08-22 17:00:00,test,岭回归,8144,6991.446821433362
2019-08-22 18:00:00,test,岭回归,8348,7932.156845687176
2019-08-22 19:00:00,test,岭回归,6002,6621.996858485481
2019-08-22 20:00:00,test,岭回归,2746,4580.475266411806
2019-08-22 21:00:00,test,岭回归,1569,2109.8004499758854
2019-08-22 22:00:00,test,岭回归,600,1372.4111494482079
2019-08-22 23:00:00,test,岭回归,745,449.8986343851193
2019-08-23 00:00:00,test,岭回归,307,475.08271537897417
2019-08-23 01:00:00,test,岭回归,256,81.04112013384838
2019-08-23 02:00:00,test,岭回归,203,0.0
2019-08-23 03:00:00,test,岭回归,122,0.0
2019-08-23 04:00:00,test,岭回归,147,0.0
2019-08-23 05:00:00,test,岭回归,482,211.2219584732302
2019-08-23 06:00:00,test,岭回归,1698,1591.3761985831263
2019-08-23 07:00:00,test,岭回归,3090,3430.0218166525674
2019-08-23 08:00:00,test,岭回归,2978,5711.761084635062
2019-08-23 09:00:00,test,岭回归,1684,3229.049238387959
2019-08-23 10:00:00,test,岭回归,1439,1454.726080497085
2019-08-23 11:00:00,test,岭回归,2331,2132.318994714342
2019-08-23 12:00:00,test,岭回归,3386,3151.278905692744
2019-08-23 13:00:00,test,岭回归,3908,3689.7452188412444
2019-08-23 14:00:00,test,岭回归,4202,4081.0174366146575
2019-08-23 15:00:00,test,岭回归,4875,4500.94957339256
2019-08-23 16:00:00,test,岭回归,5840,5568.7777726518125
2019-08-23 17:00:00,test,岭回归,6914,7803.792263747309
2019-08-23 18:00:00,test,岭回归,5913,6933.348692743846
2019-08-23 19:00:00,test,岭回归,4764,4752.187599332366
2019-08-23 20:00:00,test,岭回归,3394,3442.566445260721
2019-08-23 21:00:00,test,岭回归,2317,2344.8189845510533
2019-08-23 22:00:00,test,岭回归,1974,1749.130283687969
2019-08-23 23:00:00,test,岭回归,1481,1390.0533318554217
2019-08-24 00:00:00,test,岭回归,1099,901.3636067520806
2019-08-24 01:00:00,test,岭回归,744,676.6656516661692
2019-08-24 02:00:00,test,岭回归,466,494.10844811015295
2019-08-24 03:00:00,test,岭回归,308,306.66095086000223
2019-08-24 04:00:00,test,岭回归,233,240.11872932937968
2019-08-24 05:00:00,test,岭回归,176,438.8581020363158
2019-08-24 06:00:00,test,岭回归,492,1087.2444675503405
2019-08-24 07:00:00,test,岭回归,1143,1957.6086936693505
2019-08-24 08:00:00,test,岭回归,1944,3054.0883401798037
2019-08-24 09:00:00,test,岭回归,3140,1755.2270370436158
2019-08-24 10:00:00,test,岭回归,4266,2648.6933921968193
2019-08-24 11:00:00,test,岭回归,5088,4623.844189689922
2019-08-24 12:00:00,test,岭回归,5797,5578.313368737254
2019-08-24 13:00:00,test,岭回归,5929,5655.340599142768
2019-08-24 14:00:00,test,岭回归,6083,5752.716537369841
2019-08-24 15:00:00,test,岭回归,6084,5939.188014926827
2019-08-24 16:00:00,test,岭回归,6106,6380.145075951681
2019-08-24 17:00:00,test,岭回归,5782,7302.363054767297
2019-08-24 18:00:00,test,岭回归,5266,5484.1920079536185
2019-08-24 19:00:00,test,岭回归,4699,3939.3884021348363
2019-08-24 20:00:00,test,岭回归,3159,3340.57456170207
2019-08-24 21:00:00,test,岭回归,2407,2140.6434682249946
2019-08-24 22:00:00,test,岭回归,2063,1863.275055190319
2019-08-24 23:00:00,test,岭回归,1631,1442.3235324422733
2019-08-25 00:00:00,test,岭回归,1204,1053.0499607820523
2019-08-25 01:00:00,test,岭回归,731,787.4499186020835
2019-08-25 02:00:00,test,岭回归,539,489.1324604880838
2019-08-25 03:00:00,test,岭回归,313,328.64720555028407
2019-08-25 04:00:00,test,岭回归,205,220.43524131552658
2019-08-25 05:00:00,test,岭回归,146,357.5461015310316
2019-08-25 06:00:00,test,岭回归,328,876.8471840713089
2019-08-25 07:00:00,test,岭回归,729,1536.12886164494
2019-08-25 08:00:00,test,岭回归,1429,2489.4701509647875
2019-08-25 09:00:00,test,岭回归,2630,1289.9503398413565
2019-08-25 10:00:00,test,岭回归,3707,2214.0283213554976
2019-08-25 11:00:00,test,岭回归,4728,4067.5782533921215
2019-08-25 12:00:00,test,岭回归,5621,5158.246287950848
2019-08-25 13:00:00,test,岭回归,6183,5597.691074967556
2019-08-25 14:00:00,test,岭回归,6109,5958.1468869826895
2019-08-25 15:00:00,test,岭回归,6211,5985.666668559568
2019-08-25 16:00:00,test,岭回归,6308,6428.648248666231
2019-08-25 17:00:00,test,岭回归,6232,7065.291513080817
2019-08-25 18:00:00,test,岭回归,5854,5128.299740558767
2019-08-25 19:00:00,test,岭回归,4699,4055.1611593758053
2019-08-25 20:00:00,test,岭回归,3091,3132.014424254627
2019-08-25 21:00:00,test,岭回归,2248,1994.9161414265313
2019-08-25 22:00:00,test,岭回归,1623,1628.2950038841711
2019-08-25 23:00:00,test,岭回归,924,1044.9846086586347
2019-08-26 00:00:00,test,岭回归,487,583.9698047927063
2019-08-26 01:00:00,test,岭回归,233,308.4293165056438
2019-08-26 02:00:00,test,岭回归,143,183.640905048715
2019-08-26 03:00:00,test,岭回归,106,139.0573770707365
2019-08-26 04:00:00,test,岭回归,125,168.30649904226402
2019-08-26 05:00:00,test,岭回归,590,464.66067989469457
2019-08-26 06:00:00,test,岭回归,1976,1550.876021435658
2019-08-26 07:00:00,test,岭回归,3997,3286.9799283974044
2019-08-26 08:00:00,test,岭回归,7006,5681.067863861001
2019-08-26 09:00:00,test,岭回归,4939,5547.298561264286
2019-08-26 10:00:00,test,岭回归,2837,3667.117773830216
2019-08-26 11:00:00,test,岭回归,2814,3174.740333340399
2019-08-26 12:00:00,test,岭回归,3227,3544.7363933798824
2019-08-26 13:00:00,test,岭回归,3600,3699.423360310773
2019-08-26 14:00:00,test,岭回归,3538,3912.253920229292
2019-08-26 15:00:00,test,岭回归,3993,3978.3396316191256
2019-08-26 16:00:00,test,岭回归,5352,4884.502222638599
2019-08-26 17:00:00,test,岭回归,9302,7322.699640930742
2019-08-26 18:00:00,test,岭回归,9189,8654.779912133532
2019-08-26 19:00:00,test,岭回归,6278,7026.915617598144
2019-08-26 20:00:00,test,岭回归,3916,4620.286236277445
2019-08-26 21:00:00,test,岭回归,2551,2782.0518113960925
2019-08-26 22:00:00,test,岭回归,1720,1943.2570858411004
2019-08-26 23:00:00,test,岭回归,1041,1110.368416024802
2019-08-27 00:00:00,test,岭回归,511,586.4500651523836
2019-08-27 01:00:00,test,岭回归,273,267.4101068429127
2019-08-27 02:00:00,test,岭回归,164,153.45619961751845
2019-08-27 03:00:00,test,岭回归,93,104.89773956253839
2019-08-27 04:00:00,test,岭回归,158,126.4383333488745
2019-08-27 05:00:00,test,岭回归,675,535.2602461892438
2019-08-27 06:00:00,test,岭回归,2293,1846.019787626441
2019-08-27 07:00:00,test,岭回归,4524,3970.534591775725
2019-08-27 08:00:00,test,岭回归,7962,6812.388823333218
2019-08-27 09:00:00,test,岭回归,5610,6613.4417471108645
2019-08-27 10:00:00,test,岭回归,3037,4096.933119416389
2019-08-27 11:00:00,test,岭回归,2968,3171.2135409717266
2019-08-27 12:00:00,test,岭回归,3542,3443.6733420761198
2019-08-27 13:00:00,test,岭回归,3593,3680.3347412162657
2019-08-27 14:00:00,test,岭回归,3632,3676.282156004137
2019-08-27 15:00:00,test,岭回归,4002,3909.781575059893
2019-08-27 16:00:00,test,岭回归,5136,4806.999074781894
2019-08-27 17:00:00,test,岭回归,9121,7621.715160232425
2019-08-27 18:00:00,test,岭回归,9092,8986.351522044572
2019-08-27 19:00:00,test,岭回归,6407,7256.8432276856665
2019-08-27 20:00:00,test,岭回归,3881,4872.343274876655
2019-08-27 21:00:00,test,岭回归,2768,2873.5840360743177
2019-08-27 22:00:00,test,岭回归,2000,2178.7506433979092
2019-08-27 23:00:00,test,岭回归,1242,1368.2303832561522
2019-08-28 00:00:00,test,岭回归,649,704.9104050498277
2019-08-28 01:00:00,test,岭回归,305,324.34616461508904
2019-08-28 02:00:00,test,岭回归,171,154.2387162354221
2019-08-28 03:00:00,test,岭回归,101,88.5503478713913
2019-08-28 04:00:00,test,岭回归,170,26.339871114837933
2019-08-28 05:00:00,test,岭回归,681,532.8687530296279
2019-08-28 06:00:00,test,岭回归,2114,1824.049278909112
2019-08-28 07:00:00,test,岭回归,4426,3819.1623782489555
2019-08-28 08:00:00,test,岭回归,7514,6807.748137700053
2019-08-28 09:00:00,test,岭回归,5596,6344.073130320528
2019-08-28 10:00:00,test,岭回归,3042,4081.9222045336755
2019-08-28 11:00:00,test,岭回归,2949,3174.3214654657017
2019-08-28 12:00:00,test,岭回归,2672,3446.388241819738
2019-08-28 13:00:00,test,岭回归,1694,3036.5893350427577
2019-08-28 14:00:00,test,岭回归,2711,2319.797814902266
2019-08-28 15:00:00,test,岭回归,2886,3204.437460737746
2019-08-28 16:00:00,test,岭回归,3650,3809.8236151075102
2019-08-28 17:00:00,test,岭回归,7148,5756.84404199705
2019-08-28 18:00:00,test,岭回归,4917,6826.7539296066525
2019-08-28 19:00:00,test,岭回归,3898,4072.251595835419
2019-08-28 20:00:00,test,岭回归,2960,2959.842809089128
2019-08-28 21:00:00,test,岭回归,2045,2133.1275891593787
2019-08-28 22:00:00,test,岭回归,1658,1612.5792213590553
2019-08-28 23:00:00,test,岭回归,1071,1089.3821051269329
2019-08-29 00:00:00,test,岭回归,643,586.6439501065247
2019-08-29 01:00:00,test,岭回归,323,320.0108503124238
2019-08-29 02:00:00,test,岭回归,192,168.77002669923377
2019-08-29 03:00:00,test,岭回归,122,106.40094130463604
2019-08-29 04:00:00,test,岭回归,163,141.9847532047047
2019-08-29 05:00:00,test,岭回归,640,533.5605694652727
2019-08-29 06:00:00,test,岭回归,2138,1785.231375583308
2019-08-29 07:00:00,test,岭回归,4282,3793.6613669047515
2019-08-29 08:00:00,test,岭回归,7305,6594.343005772887
2019-08-29 09:00:00,test,岭回归,5337,6166.23708412749
2019-08-29 10:00:00,test,岭回归,3203,3912.943053282297
2019-08-29 11:00:00,test,岭回归,3382,3299.572504218526
2019-08-29 12:00:00,test,岭回归,3825,3676.136668693758
2019-08-29 13:00:00,test,岭回归,3982,3651.403412893243
2019-08-29 14:00:00,test,岭回归,4030,3833.2987248640934
2019-08-29 15:00:00,test,岭回归,4356,4025.929073088601
2019-08-29 16:00:00,test,岭回归,5420,4879.975947618988
2019-08-29 17:00:00,test,岭回归,8819,7430.384818111378
2019-08-29 18:00:00,test,岭回归,8533,8169.231920417353
2019-08-29 19:00:00,test,岭回归,6072,6482.852026142911
2019-08-29 20:00:00,test,岭回归,4007,4200.788350977087
2019-08-29 21:00:00,test,岭回归,2732,2594.839179700969
2019-08-29 22:00:00,test,岭回归,2242,1823.4493700508572
2019-08-29 23:00:00,test,岭回归,1456,1409.2186156745133
2019-08-30 00:00:00,test,岭回归,883,843.0962094013814
2019-08-30 01:00:00,test,岭回归,545,528.2672023469518
2019-08-30 02:00:00,test,岭回归,289,365.5877918464166
2019-08-30 03:00:00,test,岭回归,189,212.6879168450082
2019-08-30 04:00:00,test,岭回归,174,216.59130760927565
2019-08-30 05:00:00,test,岭回归,503,534.6570464298647
2019-08-30 06:00:00,test,岭回归,1678,1641.1717971044825
2019-08-30 07:00:00,test,岭回归,3312,3313.902695379388
2019-08-30 08:00:00,test,岭回归,5623,5191.116790399095
2019-08-30 09:00:00,test,岭回归,4778,4354.382844042826
2019-08-30 10:00:00,test,岭回归,3430,3290.864800745971
2019-08-30 11:00:00,test,岭回归,3599,3427.8547267300023
2019-08-30 12:00:00,test,岭回归,4496,4016.6176962621676
2019-08-30 13:00:00,test,岭回归,4904,4525.45731487253
2019-08-30 14:00:00,test,岭回归,5178,4848.138610760078
2019-08-30 15:00:00,test,岭回归,5713,5252.649832709613
2019-08-30 16:00:00,test,岭回归,6230,6281.145063702292
2019-08-30 17:00:00,test,岭回归,6469,8004.361144589691
2019-08-30 18:00:00,test,岭回归,5766,6526.018090157746
2019-08-30 19:00:00,test,岭回归,4478,4623.208006071267
2019-08-30 20:00:00,test,岭回归,2930,3381.046112941981
2019-08-30 21:00:00,test,岭回归,2217,2120.29924386663
2019-08-30 22:00:00,test,岭回归,1829,1850.908840373164
2019-08-30 23:00:00,test,岭回归,1524,1367.0691506223025
2019-08-31 00:00:00,test,岭回归,1074,995.1314977274105
2019-08-31 01:00:00,test,岭回归,691,707.7147526081358
2019-08-31 02:00:00,test,岭回归,437,459.37867497289153
2019-08-31 03:00:00,test,岭回归,301,287.4129489727934
2019-08-31 04:00:00,test,岭回归,200,242.0782448907171
2019-08-31 05:00:00,test,岭回归,185,417.27757502534223
2019-08-31 06:00:00,test,岭回归,430,1088.4855216543103
2019-08-31 07:00:00,test,岭回归,926,1928.7851361375756
2019-08-31 08:00:00,test,岭回归,1775,3095.830580792218
2019-08-31 09:00:00,test,岭回归,2743,1817.1109343167836
2019-08-31 10:00:00,test,岭回归,3697,2340.931903837975
2019-08-31 11:00:00,test,岭回归,4420,4045.275667571684
2019-08-31 12:00:00,test,岭回归,4851,4990.742869252929
2019-08-31 13:00:00,test,岭回归,5139,5119.827628139597
2019-08-31 14:00:00,test,岭回归,5071,5346.524667374035
2019-08-31 15:00:00,test,岭回归,5258,5406.2732791069175
2019-08-31 16:00:00,test,岭回归,5170,5951.28805089054
2019-08-31 17:00:00,test,岭回归,5012,6679.940095416998
2019-08-31 18:00:00,test,岭回归,4778,4980.929597418244
2019-08-31 19:00:00,test,岭回归,4105,3644.659047021026
2019-08-31 20:00:00,test,岭回归,2623,2858.61458542833
2019-08-31 21:00:00,test,岭回归,2056,1765.4059166441477
2019-08-31 22:00:00,test,岭回归,1786,1607.8560857367097
2019-08-31 23:00:00,test,岭回归,1394,1276.0440011641867
2019-08-08 19:00:00,test,随机森林,6580,6789.03015716152
2019-08-08 20:00:00,test,随机森林,2451,4550.459101987395
2019-08-08 21:00:00,test,随机森林,2493,2437.6322850498022
2019-08-08 22:00:00,test,随机森林,2070,2194.3685905734565
2019-08-08 23:00:00,test,随机森林,1453,1470.8357052123383
2019-08-09 00:00:00,test,随机森林,796,849.8420079168812
2019-08-09 01:00:00,test,随机森林,374,495.9129464024405
2019-08-09 02:00:00,test,随机森林,236,216.34173287934678
2019-08-09 03:00:00,test,随机森林,156,169.4862155540959
2019-08-09 04:00:00,test,随机森林,179,160.31812870231403
2019-08-09 05:00:00,test,随机森林,556,549.7294366577315
2019-08-09 06:00:00,test,随机森林,2006,1943.5326344768262
2019-08-09 07:00:00,test,随机森林,3882,4157.6561321314575
2019-08-09 08:00:00,test,随机森林,6718,5730.268848967203
2019-08-09 09:00:00,test,随机森林,5520,5423.292250949882
2019-08-09 10:00:00,test,随机森林,3314,3290.58436660843
2019-08-09 11:00:00,test,随机森林,3413,3397.0121512154833
2019-08-09 12:00:00,test,随机森林,4120,3690.622093071968
2019-08-09 13:00:00,test,随机森林,4173,4718.52234109358
2019-08-09 14:00:00,test,随机森林,4730,4743.767615078508
2019-08-09 15:00:00,test,随机森林,5282,4931.309188466523
2019-08-09 16:00:00,test,随机森林,4874,5566.934718536799
2019-08-09 17:00:00,test,随机森林,7868,8284.40134016339
2019-08-09 18:00:00,test,随机森林,6827,7593.178779551421
2019-08-09 19:00:00,test,随机森林,5060,5525.657306720238
2019-08-09 20:00:00,test,随机森林,3630,3656.811238373628
2019-08-09 21:00:00,test,随机森林,2608,2573.166478855187
2019-08-09 22:00:00,test,随机森林,2185,1976.4011233885115
2019-08-09 23:00:00,test,随机森林,1681,1597.9762695532927
2019-08-10 00:00:00,test,随机森林,1209,1143.5627530719828
2019-08-10 01:00:00,test,随机森林,783,821.3749114146066
2019-08-10 02:00:00,test,随机森林,536,506.38784468563097
2019-08-10 03:00:00,test,随机森林,335,441.5468933143321
2019-08-10 04:00:00,test,随机森林,231,197.04924750059604
2019-08-10 05:00:00,test,随机森林,198,208.64808689841254
2019-08-10 06:00:00,test,随机森林,579,836.3038035312715
2019-08-10 07:00:00,test,随机森林,1314,1290.4430033508895
2019-08-10 08:00:00,test,随机森林,2575,2372.6186862080554
2019-08-10 09:00:00,test,随机森林,4178,3372.8709859785017
2019-08-10 10:00:00,test,随机森林,5694,4971.407265716257
2019-08-10 11:00:00,test,随机森林,6896,5715.813966718395
2019-08-10 12:00:00,test,随机森林,7174,6245.96180167116
2019-08-10 13:00:00,test,随机森林,6209,5702.748162185159
2019-08-10 14:00:00,test,随机森林,6185,5710.47152273628
2019-08-10 15:00:00,test,随机森林,6142,5664.890204215103
2019-08-10 16:00:00,test,随机森林,6114,5779.2001421315235
2019-08-10 17:00:00,test,随机森林,5743,6007.049617351041
2019-08-10 18:00:00,test,随机森林,5564,5540.836451491883
2019-08-10 19:00:00,test,随机森林,4863,5178.295910843092
2019-08-10 20:00:00,test,随机森林,3555,3652.7855567475926
2019-08-10 21:00:00,test,随机森林,2585,2560.716190639312
2019-08-10 22:00:00,test,随机森林,2230,1976.5726217979363
2019-08-10 23:00:00,test,随机森林,1773,1573.3877365797227
2019-08-11 00:00:00,test,随机森林,1203,1089.0465635406736
2019-08-11 01:00:00,test,随机森林,886,674.414193281254
2019-08-11 02:00:00,test,随机森林,579,496.65047372058785
2019-08-11 03:00:00,test,随机森林,327,328.91613663882424
2019-08-11 04:00:00,test,随机森林,235,197.93304919338865
2019-08-11 05:00:00,test,随机森林,185,181.54063203354147
2019-08-11 06:00:00,test,随机森林,490,468.7285740553288
2019-08-11 07:00:00,test,随机森林,828,808.1506968548919
2019-08-11 08:00:00,test,随机森林,1579,1646.5726033417168
2019-08-11 09:00:00,test,随机森林,2771,2595.711014834723
2019-08-11 10:00:00,test,随机森林,3914,3452.3132772343365
2019-08-11 11:00:00,test,随机森林,4799,4826.648791989263
2019-08-11 12:00:00,test,随机森林,5346,5857.7804173910035
2019-08-11 13:00:00,test,随机森林,5801,5511.420722497442
2019-08-11 14:00:00,test,随机森林,5960,5578.705275669724
2019-08-11 15:00:00,test,随机森林,6071,5582.380076648663
2019-08-11 16:00:00,test,随机森林,6057,5623.2577762405635
2019-08-11 17:00:00,test,随机森林,6209,5740.247337877884
2019-08-11 18:00:00,test,随机森林,5982,5511.505002039964
2019-08-11 19:00:00,test,随机森林,4708,5242.338101091296
2019-08-11 20:00:00,test,随机森林,3758,3502.9515133530467
2019-08-11 21:00:00,test,随机森林,2545,2598.6065873882494
2019-08-11 22:00:00,test,随机森林,1815,1870.614773504647
2019-08-11 23:00:00,test,随机森林,1194,1211.1900843198978
2019-08-12 00:00:00,test,随机森林,611,642.7488482482923
2019-08-12 01:00:00,test,随机森林,295,363.40197700554853
2019-08-12 02:00:00,test,随机森林,180,215.1018867951503
2019-08-12 03:00:00,test,随机森林,103,116.11555815523361
2019-08-12 04:00:00,test,随机森林,136,135.82754395830963
2019-08-12 05:00:00,test,随机森林,596,531.5307645719545
2019-08-12 06:00:00,test,随机森林,2055,1939.6745102714156
2019-08-12 07:00:00,test,随机森林,4135,4169.226814990758
2019-08-12 08:00:00,test,随机森林,6965,6859.411742569837
2019-08-12 09:00:00,test,随机森林,5044,5132.0207130472
2019-08-12 10:00:00,test,随机森林,2754,3576.013813164193
2019-08-12 11:00:00,test,随机森林,3000,3081.266464920651
2019-08-12 12:00:00,test,随机森林,3404,3338.8789854721585
2019-08-12 13:00:00,test,随机森林,3520,3555.0558398139083
2019-08-12 14:00:00,test,随机森林,3561,4014.3436879596834
2019-08-12 15:00:00,test,随机森林,3849,4078.0921501061734
2019-08-12 16:00:00,test,随机森林,5238,4558.19893527508
2019-08-12 17:00:00,test,随机森林,9149,8565.736854428878
2019-08-12 18:00:00,test,随机森林,9284,9070.941293048083
2019-08-12 19:00:00,test,随机森林,6818,7176.172924856769
2019-08-12 20:00:00,test,随机森林,4627,4522.3944887973585
2019-08-12 21:00:00,test,随机森林,2807,3104.2124020543433
2019-08-12 22:00:00,test,随机森林,1998,2051.3252916425463
2019-08-12 23:00:00,test,随机森林,1165,1177.0747520473221
2019-08-13 00:00:00,test,随机森林,627,628.5385725185906
2019-08-13 01:00:00,test,随机森林,302,301.3877543504423
2019-08-13 02:00:00,test,随机森林,177,178.55690712325344
2019-08-13 03:00:00,test,随机森林,71,109.0187235669351
2019-08-13 04:00:00,test,随机森林,110,157.25202794306597
2019-08-13 05:00:00,test,随机森林,666,502.2198470845858
2019-08-13 06:00:00,test,随机森林,2308,1232.1351017328398
2019-08-13 07:00:00,test,随机森林,3843,4504.269249015673
2019-08-13 08:00:00,test,随机森林,7025,4729.44334617204
2019-08-13 09:00:00,test,随机森林,5595,5620.75021907652
2019-08-13 10:00:00,test,随机森林,3100,3124.96975676069
2019-08-13 11:00:00,test,随机森林,2763,3178.7422678209596
2019-08-13 12:00:00,test,随机森林,2299,2783.682546880087
2019-08-13 13:00:00,test,随机森林,2158,2913.2950147250467
2019-08-13 14:00:00,test,随机森林,2991,2954.8810458168246
2019-08-13 15:00:00,test,随机森林,3569,3288.306792845968
2019-08-13 16:00:00,test,随机森林,4668,4500.181783712866
2019-08-13 17:00:00,test,随机森林,8721,7873.522687764875
2019-08-13 18:00:00,test,随机森林,8781,8616.315217672936
2019-08-13 19:00:00,test,随机森林,5388,7329.481175812095
2019-08-13 20:00:00,test,随机森林,3876,3786.5190685546945
2019-08-13 21:00:00,test,随机森林,2706,2714.010477534942
2019-08-13 22:00:00,test,随机森林,2038,2074.104282056165
2019-08-13 23:00:00,test,随机森林,1158,1208.2918726728883
2019-08-14 00:00:00,test,随机森林,618,633.2553987898149
2019-08-14 01:00:00,test,随机森林,327,309.93411589286416
2019-08-14 02:00:00,test,随机森林,181,195.76624025183384
2019-08-14 03:00:00,test,随机森林,98,130.05449909180382
2019-08-14 04:00:00,test,随机森林,145,166.73864374752677
2019-08-14 05:00:00,test,随机森林,693,563.9290140902541
2019-08-14 06:00:00,test,随机森林,2246,2164.197606197878
2019-08-14 07:00:00,test,随机森林,4372,4424.003456099581
2019-08-14 08:00:00,test,随机森林,7521,7353.9405147815905
2019-08-14 09:00:00,test,随机森林,5554,5607.779783024062
2019-08-14 10:00:00,test,随机森林,3069,3180.0279950711138
2019-08-14 11:00:00,test,随机森林,3057,3056.4924453060917
2019-08-14 12:00:00,test,随机森林,3623,3286.751500971365
2019-08-14 13:00:00,test,随机森林,3488,3453.946474625821
2019-08-14 14:00:00,test,随机森林,3668,3154.97911499643
2019-08-14 15:00:00,test,随机森林,2640,3375.272532894436
2019-08-14 16:00:00,test,随机森林,2676,2643.3469673668833
2019-08-14 17:00:00,test,随机森林,6662,3085.5751823773926
2019-08-14 18:00:00,test,随机森林,8136,7541.266733685471
2019-08-14 19:00:00,test,随机森林,5980,5560.824170165866
2019-08-14 20:00:00,test,随机森林,4219,4192.710287560511
2019-08-14 21:00:00,test,随机森林,2964,2914.251292952394
2019-08-14 22:00:00,test,随机森林,2186,2242.3655493903852
2019-08-14 23:00:00,test,随机森林,1396,1436.2155560096558
2019-08-15 00:00:00,test,随机森林,657,744.8962975236935
2019-08-15 01:00:00,test,随机森林,347,344.31795142365905
2019-08-15 02:00:00,test,随机森林,226,194.76414475366064
2019-08-15 03:00:00,test,随机森林,126,143.94824019759514
2019-08-15 04:00:00,test,随机森林,166,156.81117599432488
2019-08-15 05:00:00,test,随机森林,626,570.6741912892282
2019-08-15 06:00:00,test,随机森林,2171,2052.9062346932624
2019-08-15 07:00:00,test,随机森林,4246,4427.441969677363
2019-08-15 08:00:00,test,随机森林,7466,7284.919016887123
2019-08-15 09:00:00,test,随机森林,5673,5437.813802557992
2019-08-15 10:00:00,test,随机森林,3154,3085.704136960487
2019-08-15 11:00:00,test,随机森林,3211,3200.1675749827446
2019-08-15 12:00:00,test,随机森林,3726,3455.2771045798086
2019-08-15 13:00:00,test,随机森林,3852,3697.9690338503265
2019-08-15 14:00:00,test,随机森林,3723,3725.6101957913284
2019-08-15 15:00:00,test,随机森林,4070,3942.301685063592
2019-08-15 16:00:00,test,随机森林,5402,4822.061658144134
2019-08-15 17:00:00,test,随机森林,9023,8405.381160514407
2019-08-15 18:00:00,test,随机森林,9012,8910.386108113964
2019-08-15 19:00:00,test,随机森林,6562,6627.171180108732
2019-08-15 20:00:00,test,随机森林,4416,4587.170872226698
2019-08-15 21:00:00,test,随机森林,3161,3018.1113842362206
2019-08-15 22:00:00,test,随机森林,2237,2402.7337581367556
2019-08-15 23:00:00,test,随机森林,1565,1571.7138944971396
2019-08-16 00:00:00,test,随机森林,873,904.2976654039937
2019-08-16 01:00:00,test,随机森林,481,478.8863486031651
2019-08-16 02:00:00,test,随机森林,293,240.30715031303419
2019-08-16 03:00:00,test,随机森林,130,171.74523952405744
2019-08-16 04:00:00,test,随机森林,182,160.46282333426518
2019-08-16 05:00:00,test,随机森林,584,533.1262853519916
2019-08-16 06:00:00,test,随机森林,1858,1965.744750088781
2019-08-16 07:00:00,test,随机森林,3623,3762.7928298865513
2019-08-16 08:00:00,test,随机森林,6708,5594.494925269222
2019-08-16 09:00:00,test,随机森林,5518,5466.111099846099
2019-08-16 10:00:00,test,随机森林,3361,3355.981687596924
2019-08-16 11:00:00,test,随机森林,3361,3463.7642800080666
2019-08-16 12:00:00,test,随机森林,4044,3700.092196915149
2019-08-16 13:00:00,test,随机森林,4302,4673.204693275993
2019-08-16 14:00:00,test,随机森林,4635,4779.977052100327
2019-08-16 15:00:00,test,随机森林,5231,5064.034666428826
2019-08-16 16:00:00,test,随机森林,6256,5393.926302413613
2019-08-16 17:00:00,test,随机森林,8100,7987.123396983858
2019-08-16 18:00:00,test,随机森林,6868,7533.313683525622
2019-08-16 19:00:00,test,随机森林,5178,5541.581636338556
2019-08-16 20:00:00,test,随机森林,3522,3881.4399962712655
2019-08-16 21:00:00,test,随机森林,2626,2925.2230317376902
2019-08-16 22:00:00,test,随机森林,2139,2016.1861104598731
2019-08-16 23:00:00,test,随机森林,1586,1579.8005626562203
2019-08-17 00:00:00,test,随机森林,1167,1114.2794800189095
2019-08-17 01:00:00,test,随机森林,706,782.0656768757908
2019-08-17 02:00:00,test,随机森林,536,500.0311400831741
2019-08-17 03:00:00,test,随机森林,320,315.1168886536748
2019-08-17 04:00:00,test,随机森林,169,198.4596562174121
2019-08-17 05:00:00,test,随机森林,168,243.87563057529604
2019-08-17 06:00:00,test,随机森林,517,603.8295967911423
2019-08-17 07:00:00,test,随机森林,1252,1295.270865316757
2019-08-17 08:00:00,test,随机森林,2472,2248.5738374260227
2019-08-17 09:00:00,test,随机森林,3999,3419.3282251882256
2019-08-17 10:00:00,test,随机森林,5658,4717.287785345093
2019-08-17 11:00:00,test,随机森林,6877,6501.672938845291
2019-08-17 12:00:00,test,随机森林,7150,6877.204657257875
2019-08-17 13:00:00,test,随机森林,5842,5700.698966141466
2019-08-17 14:00:00,test,随机森林,5874,5644.443956901528
2019-08-17 15:00:00,test,随机森林,5641,5649.835348825267
2019-08-17 16:00:00,test,随机森林,5545,5471.220153713764
2019-08-17 17:00:00,test,随机森林,5376,6199.620600165952
2019-08-17 18:00:00,test,随机森林,4977,5468.839890028199
2019-08-17 19:00:00,test,随机森林,4333,5008.03114157801
2019-08-17 20:00:00,test,随机森林,3275,3582.2349443972153
2019-08-17 21:00:00,test,随机森林,2404,2373.2859180615606
2019-08-17 22:00:00,test,随机森林,2109,1980.0058694099625
2019-08-17 23:00:00,test,随机森林,1631,1552.8203963794333
2019-08-18 00:00:00,test,随机森林,1146,1103.7088573368376
2019-08-18 01:00:00,test,随机森林,804,776.6502650059166
2019-08-18 02:00:00,test,随机森林,530,505.1503480710389
2019-08-18 03:00:00,test,随机森林,332,328.91145250821995
2019-08-18 04:00:00,test,随机森林,220,200.71188852082966
2019-08-18 05:00:00,test,随机森林,178,175.88644714573354
2019-08-18 06:00:00,test,随机森林,330,493.26723542032
2019-08-18 07:00:00,test,随机森林,790,748.7066827681094
2019-08-18 08:00:00,test,随机森林,1590,1624.8038553804083
2019-08-18 09:00:00,test,随机森林,2553,2595.4354127423344
2019-08-18 10:00:00,test,随机森林,3523,3386.410478031055
2019-08-18 11:00:00,test,随机森林,4363,4250.176044160074
2019-08-18 12:00:00,test,随机森林,4859,5767.710456668116
2019-08-18 13:00:00,test,随机森林,5010,5244.9786649338075
2019-08-18 14:00:00,test,随机森林,4887,5302.874391491692
2019-08-18 15:00:00,test,随机森林,5025,5288.492922202512
2019-08-18 16:00:00,test,随机森林,5091,5305.91556522523
2019-08-18 17:00:00,test,随机森林,3877,5441.754322104716
2019-08-18 18:00:00,test,随机森林,1620,4335.462479296144
2019-08-18 19:00:00,test,随机森林,2787,2583.234780570622
2019-08-18 20:00:00,test,随机森林,2335,3220.433801709233
2019-08-18 21:00:00,test,随机森林,1940,2058.678530918353
2019-08-18 22:00:00,test,随机森林,1408,1573.0084747365422
2019-08-18 23:00:00,test,随机森林,1023,951.3683652048946
2019-08-19 00:00:00,test,随机森林,525,601.3430682391787
2019-08-19 01:00:00,test,随机森林,282,348.04159544087963
2019-08-19 02:00:00,test,随机森林,156,203.94133800230472
2019-08-19 03:00:00,test,随机森林,100,110.15512184054887
2019-08-19 04:00:00,test,随机森林,135,140.1379390816802
2019-08-19 05:00:00,test,随机森林,577,523.3997960204993
2019-08-19 06:00:00,test,随机森林,1962,1924.8394511395757
2019-08-19 07:00:00,test,随机森林,3897,4047.3161764309825
2019-08-19 08:00:00,test,随机森林,6521,5827.038645294603
2019-08-19 09:00:00,test,随机森林,4560,5111.587555517146
2019-08-19 10:00:00,test,随机森林,2671,2919.351669489111
2019-08-19 11:00:00,test,随机森林,2597,3059.0348401292517
2019-08-19 12:00:00,test,随机森林,3010,3168.1340307552846
2019-08-19 13:00:00,test,随机森林,3234,3287.19571174253
2019-08-19 14:00:00,test,随机森林,3181,3393.4779202133027
2019-08-19 15:00:00,test,随机森林,3419,3376.853777924378
2019-08-19 16:00:00,test,随机森林,4619,3830.3927847666914
2019-08-19 17:00:00,test,随机森林,8335,7348.170291023677
2019-08-19 18:00:00,test,随机森林,8602,6781.034468843609
2019-08-19 19:00:00,test,随机森林,5981,6424.168267980678
2019-08-19 20:00:00,test,随机森林,4087,4338.277741838824
2019-08-19 21:00:00,test,随机森林,2683,2843.1170815442356
2019-08-19 22:00:00,test,随机森林,1768,1992.958057182845
2019-08-19 23:00:00,test,随机森林,1006,1103.0922047150493
2019-08-20 00:00:00,test,随机森林,590,533.5578059394877
2019-08-20 01:00:00,test,随机森林,310,294.86597263466274
2019-08-20 02:00:00,test,随机森林,171,183.809726178637
2019-08-20 03:00:00,test,随机森林,90,103.26226144645558
2019-08-20 04:00:00,test,随机森林,137,115.15463399886619
2019-08-20 05:00:00,test,随机森林,652,552.9004853984344
2019-08-20 06:00:00,test,随机森林,2345,2138.325450552473
2019-08-20 07:00:00,test,随机森林,4535,4501.893992565728
2019-08-20 08:00:00,test,随机森林,7535,7311.074811230637
2019-08-20 09:00:00,test,随机森林,5437,5690.60435216886
2019-08-20 10:00:00,test,随机森林,2977,3084.8781985915066
2019-08-20 11:00:00,test,随机森林,2923,2899.8146407428953
2019-08-20 12:00:00,test,随机森林,3253,3082.065591120329
2019-08-20 13:00:00,test,随机森林,3423,3261.640525963108
2019-08-20 14:00:00,test,随机森林,3380,3316.729472605873
2019-08-20 15:00:00,test,随机森林,3929,3439.743632607314
2019-08-20 16:00:00,test,随机森林,4969,4829.5080432459
2019-08-20 17:00:00,test,随机森林,9002,8368.844901017488
2019-08-20 18:00:00,test,随机森林,9133,9012.814401151587
2019-08-20 19:00:00,test,随机森林,6599,6275.817238098239
2019-08-20 20:00:00,test,随机森林,4432,4606.292757756111
2019-08-20 21:00:00,test,随机森林,3096,2995.819770325421
2019-08-20 22:00:00,test,随机森林,2122,2345.150968292078
2019-08-20 23:00:00,test,随机森林,1196,1351.3629847793907
2019-08-21 00:00:00,test,随机森林,649,615.1057660341654
2019-08-21 01:00:00,test,随机森林,287,326.57426496940275
2019-08-21 02:00:00,test,随机森林,181,174.42816422407435
2019-08-21 03:00:00,test,随机森林,115,105.89832308240189
2019-08-21 04:00:00,test,随机森林,168,144.38969366996034
2019-08-21 05:00:00,test,随机森林,680,573.3295582564022
2019-08-21 06:00:00,test,随机森林,2140,2159.8996284201003
2019-08-21 07:00:00,test,随机森林,4190,4413.843607941877
2019-08-21 08:00:00,test,随机森林,7398,7252.112927614511
2019-08-21 09:00:00,test,随机森林,5453,5476.3736442441
2019-08-21 10:00:00,test,随机森林,2997,3085.357969805577
2019-08-21 11:00:00,test,随机森林,2949,3037.8433123267896
2019-08-21 12:00:00,test,随机森林,3258,3325.5052599445
2019-08-21 13:00:00,test,随机森林,3318,3359.0305259088027
2019-08-21 14:00:00,test,随机森林,3219,3378.2853175366577
2019-08-21 15:00:00,test,随机森林,3717,3283.983935476391
2019-08-21 16:00:00,test,随机森林,4897,4565.94505135307
2019-08-21 17:00:00,test,随机森林,5702,8164.588963438296
2019-08-21 18:00:00,test,随机森林,5977,7395.928008113795
2019-08-21 19:00:00,test,随机森林,5567,5572.740212359732
2019-08-21 20:00:00,test,随机森林,4015,3756.2363378439536
2019-08-21 21:00:00,test,随机森林,2812,2962.922846677961
2019-08-21 22:00:00,test,随机森林,2034,2091.0823789300553
2019-08-21 23:00:00,test,随机森林,1239,1420.0023674756258
2019-08-22 00:00:00,test,随机森林,703,654.2146191179296
2019-08-22 01:00:00,test,随机森林,338,448.70911505432196
2019-08-22 02:00:00,test,随机森林,214,197.6991804882697
2019-08-22 03:00:00,test,随机森林,119,119.69317805318907
2019-08-22 04:00:00,test,随机森林,171,160.13827037942184
2019-08-22 05:00:00,test,随机森林,646,561.7037064705246
2019-08-22 06:00:00,test,随机森林,2107,2088.8911333384826
2019-08-22 07:00:00,test,随机森林,4066,4263.502929276181
2019-08-22 08:00:00,test,随机森林,7085,6988.171461521285
2019-08-22 09:00:00,test,随机森林,5318,5587.595582649357
2019-08-22 10:00:00,test,随机森林,3096,3141.3009379526734
2019-08-22 11:00:00,test,随机森林,3061,3160.9478014914785
2019-08-22 12:00:00,test,随机森林,3386,3372.1096461290826
2019-08-22 13:00:00,test,随机森林,3375,3505.0839045306966
2019-08-22 14:00:00,test,随机森林,3306,3444.2261472624705
2019-08-22 15:00:00,test,随机森林,3754,3507.062942381383
2019-08-22 16:00:00,test,随机森林,4767,4301.83817277019
2019-08-22 17:00:00,test,随机森林,8144,8071.156992828102
2019-08-22 18:00:00,test,随机森林,8348,7914.2560034126745
2019-08-22 19:00:00,test,随机森林,6002,6574.150845246447
2019-08-22 20:00:00,test,随机森林,2746,4108.116310427193
2019-08-22 21:00:00,test,随机森林,1569,2577.7993779757135
2019-08-22 22:00:00,test,随机森林,600,1805.0605686596093
2019-08-22 23:00:00,test,随机森林,745,1304.360657198116
2019-08-23 00:00:00,test,随机森林,307,694.2804005252584
2019-08-23 01:00:00,test,随机森林,256,350.0048702505845
2019-08-23 02:00:00,test,随机森林,203,206.75975154302603
2019-08-23 03:00:00,test,随机森林,122,123.86634414517452
2019-08-23 04:00:00,test,随机森林,147,159.1734864462925
2019-08-23 05:00:00,test,随机森林,482,430.36463440732797
2019-08-23 06:00:00,test,随机森林,1698,988.5434820305111
2019-08-23 07:00:00,test,随机森林,3090,3336.7771659809823
2019-08-23 08:00:00,test,随机森林,2978,5176.288952523271
2019-08-23 09:00:00,test,随机森林,1684,3709.081634518836
2019-08-23 10:00:00,test,随机森林,1439,2178.713242680233
2019-08-23 11:00:00,test,随机森林,2331,1847.0583232174479
2019-08-23 12:00:00,test,随机森林,3386,3287.9315308618493
2019-08-23 13:00:00,test,随机森林,3908,3746.0888461208965
2019-08-23 14:00:00,test,随机森林,4202,4412.192679708136
2019-08-23 15:00:00,test,随机森林,4875,4893.747758011075
2019-08-23 16:00:00,test,随机森林,5840,5246.4133935185955
2019-08-23 17:00:00,test,随机森林,6914,7426.264663365341
2019-08-23 18:00:00,test,随机森林,5913,7129.076879633275
2019-08-23 19:00:00,test,随机森林,4764,5351.473054348122
2019-08-23 20:00:00,test,随机森林,3394,3453.6727062200675
2019-08-23 21:00:00,test,随机森林,2317,2284.590966217758
2019-08-23 22:00:00,test,随机森林,1974,1799.265938141331
2019-08-23 23:00:00,test,随机森林,1481,1425.6197905287686
2019-08-24 00:00:00,test,随机森林,1099,1038.7737259700052
2019-08-24 01:00:00,test,随机森林,744,663.4307791208154
2019-08-24 02:00:00,test,随机森林,466,503.08031584661643
2019-08-24 03:00:00,test,随机森林,308,245.5985426000042
2019-08-24 04:00:00,test,随机森林,233,187.1887200703955
2019-08-24 05:00:00,test,随机森林,176,197.04549057796328
2019-08-24 06:00:00,test,随机森林,492,524.0637013379943
2019-08-24 07:00:00,test,随机森林,1143,1153.1910678816362
2019-08-24 08:00:00,test,随机森林,1944,1830.3774639513672
2019-08-24 09:00:00,test,随机森林,3140,2218.452500593243
2019-08-24 10:00:00,test,随机森林,4266,3873.630194308835
2019-08-24 11:00:00,test,随机森林,5088,6224.025349971639
2019-08-24 12:00:00,test,随机森林,5797,6465.051879121064
2019-08-24 13:00:00,test,随机森林,5929,5744.400185282626
2019-08-24 14:00:00,test,随机森林,6083,5665.9913119846515
2019-08-24 15:00:00,test,随机森林,6084,5714.401658121223
2019-08-24 16:00:00,test,随机森林,6106,5524.63978789398
2019-08-24 17:00:00,test,随机森林,5782,5757.890993146514
2019-08-24 18:00:00,test,随机森林,5266,5493.632662933992
2019-08-24 19:00:00,test,随机森林,4699,5118.115275084999
2019-08-24 20:00:00,test,随机森林,3159,3562.923046187752
2019-08-24 21:00:00,test,随机森林,2407,2298.5933331941865
2019-08-24 22:00:00,test,随机森林,2063,1891.0026869731917
2019-08-24 23:00:00,test,随机森林,1631,1509.1409521358091
2019-08-25 00:00:00,test,随机森林,1204,1124.0174149459174
2019-08-25 01:00:00,test,随机森林,731,793.2989110003185
2019-08-25 02:00:00,test,随机森林,539,493.530420509925
2019-08-25 03:00:00,test,随机森林,313,327.13833628885754
2019-08-25 04:00:00,test,随机森林,205,194.31240486451838
2019-08-25 05:00:00,test,随机森林,146,168.9222036019701
2019-08-25 06:00:00,test,随机森林,328,270.2328534189005
2019-08-25 07:00:00,test,随机森林,729,774.7328083504276
2019-08-25 08:00:00,test,随机森林,1429,1477.3370805441268
2019-08-25 09:00:00,test,随机森林,2630,2386.232106089345
2019-08-25 10:00:00,test,随机森林,3707,3338.000566603096
2019-08-25 11:00:00,test,随机森林,4728,4301.916300818736
2019-08-25 12:00:00,test,随机森林,5621,5152.79170941569
2019-08-25 13:00:00,test,随机森林,6183,5490.423505220703
2019-08-25 14:00:00,test,随机森林,6109,5589.181211088085
2019-08-25 15:00:00,test,随机森林,6211,5587.814974896382
2019-08-25 16:00:00,test,随机森林,6308,5594.46862142254
2019-08-25 17:00:00,test,随机森林,6232,5605.568363943366
2019-08-25 18:00:00,test,随机森林,5854,5474.938060527932
2019-08-25 19:00:00,test,随机森林,4699,5193.321370301823
2019-08-25 20:00:00,test,随机森林,3091,3433.2955379026826
2019-08-25 21:00:00,test,随机森林,2248,2296.983684230792
2019-08-25 22:00:00,test,随机森林,1623,1673.615378079279
2019-08-25 23:00:00,test,随机森林,924,1173.03418163263
2019-08-26 00:00:00,test,随机森林,487,563.4242338034644
2019-08-26 01:00:00,test,随机森林,233,334.0419614662205
2019-08-26 02:00:00,test,随机森林,143,186.4415969192178
2019-08-26 03:00:00,test,随机森林,106,107.45963557706304
2019-08-26 04:00:00,test,随机森林,125,139.4812813993793
2019-08-26 05:00:00,test,随机森林,590,516.5019547934463
2019-08-26 06:00:00,test,随机森林,1976,1906.8988995217414
2019-08-26 07:00:00,test,随机森林,3997,4124.618610702078
2019-08-26 08:00:00,test,随机森林,7006,5986.22630854668
2019-08-26 09:00:00,test,随机森林,4939,5062.76007098023
2019-08-26 10:00:00,test,随机森林,2837,3091.662264452266
2019-08-26 11:00:00,test,随机森林,2814,3113.877046130868
2019-08-26 12:00:00,test,随机森林,3227,3282.0546125025708
2019-08-26 13:00:00,test,随机森林,3600,3716.6806093585596
2019-08-26 14:00:00,test,随机森林,3538,4231.565652520109
2019-08-26 15:00:00,test,随机森林,3993,4179.908768682558
2019-08-26 16:00:00,test,随机森林,5352,5443.555694133518
2019-08-26 17:00:00,test,随机森林,9302,8094.877741667356
2019-08-26 18:00:00,test,随机森林,9189,8674.446904283323
2019-08-26 19:00:00,test,随机森林,6278,6478.371288526306
2019-08-26 20:00:00,test,随机森林,3916,4443.959269946644
2019-08-26 21:00:00,test,随机森林,2551,2603.894528104471
2019-08-26 22:00:00,test,随机森林,1720,1825.3774891802934
2019-08-26 23:00:00,test,随机森林,1041,1089.2650139321931
2019-08-27 00:00:00,test,随机森林,511,534.8047132596266
2019-08-27 01:00:00,test,随机森林,273,282.0561149907177
2019-08-27 02:00:00,test,随机森林,164,173.36534414885554
2019-08-27 03:00:00,test,随机森林,93,104.59401297714419
2019-08-27 04:00:00,test,随机森林,158,140.0207739175574
2019-08-27 05:00:00,test,随机森林,675,555.9841871090698
2019-08-27 06:00:00,test,随机森林,2293,2129.4849557275384
2019-08-27 07:00:00,test,随机森林,4524,4565.072106825754
2019-08-27 08:00:00,test,随机森林,7962,7343.790536049341
2019-08-27 09:00:00,test,随机森林,5610,5463.39491650573
2019-08-27 10:00:00,test,随机森林,3037,3071.580179265573
2019-08-27 11:00:00,test,随机森林,2968,2995.3317717142545
2019-08-27 12:00:00,test,随机森林,3542,3341.8496866175847
2019-08-27 13:00:00,test,随机森林,3593,3599.306899296413
2019-08-27 14:00:00,test,随机森林,3632,3594.035250625323
2019-08-27 15:00:00,test,随机森林,4002,3735.091854619529
2019-08-27 16:00:00,test,随机森林,5136,5075.624766184276
2019-08-27 17:00:00,test,随机森林,9121,8647.768579553149
2019-08-27 18:00:00,test,随机森林,9092,9109.029124872577
2019-08-27 19:00:00,test,随机森林,6407,7081.318920237036
2019-08-27 20:00:00,test,随机森林,3881,4517.0035559600565
2019-08-27 21:00:00,test,随机森林,2768,2693.077471296135
2019-08-27 22:00:00,test,随机森林,2000,2042.8178986227722
2019-08-27 23:00:00,test,随机森林,1242,1210.7589514483068
2019-08-28 00:00:00,test,随机森林,649,649.2375688204501
2019-08-28 01:00:00,test,随机森林,305,317.56834061540576
2019-08-28 02:00:00,test,随机森林,171,182.63054524779608
2019-08-28 03:00:00,test,随机森林,101,111.01789029719079
2019-08-28 04:00:00,test,随机森林,170,158.5253254346911
2019-08-28 05:00:00,test,随机森林,681,574.7759502604708
2019-08-28 06:00:00,test,随机森林,2114,2108.028452990898
2019-08-28 07:00:00,test,随机森林,4426,4297.668257966691
2019-08-28 08:00:00,test,随机森林,7514,7409.288642218861
2019-08-28 09:00:00,test,随机森林,5596,5453.03869241689
2019-08-28 10:00:00,test,随机森林,3042,3084.2293212835216
2019-08-28 11:00:00,test,随机森林,2949,3068.026044999445
2019-08-28 12:00:00,test,随机森林,2672,3338.453383441513
2019-08-28 13:00:00,test,随机森林,1694,3168.219839709778
2019-08-28 14:00:00,test,随机森林,2711,2546.577716431479
2019-08-28 15:00:00,test,随机森林,2886,3271.816392540821
2019-08-28 16:00:00,test,随机森林,3650,3569.6488022652966
2019-08-28 17:00:00,test,随机森林,7148,5399.780824401695
2019-08-28 18:00:00,test,随机森林,4917,7458.4094439549
2019-08-28 19:00:00,test,随机森林,3898,5368.888593768336
2019-08-28 20:00:00,test,随机森林,2960,3664.6148088892487
2019-08-28 21:00:00,test,随机森林,2045,2489.380851121587
2019-08-28 22:00:00,test,随机森林,1658,1597.5688720042858
2019-08-28 23:00:00,test,随机森林,1071,1107.6003760917624
2019-08-29 00:00:00,test,随机森林,643,624.751665476993
2019-08-29 01:00:00,test,随机森林,323,327.59540169164933
2019-08-29 02:00:00,test,随机森林,192,193.4319164568217
2019-08-29 03:00:00,test,随机森林,122,113.7583565743228
2019-08-29 04:00:00,test,随机森林,163,160.55152398361582
2019-08-29 05:00:00,test,随机森林,640,563.0781344646318
2019-08-29 06:00:00,test,随机森林,2138,2042.992547005167
2019-08-29 07:00:00,test,随机森林,4282,4417.9697389233315
2019-08-29 08:00:00,test,随机森林,7305,7126.931978218606
2019-08-29 09:00:00,test,随机森林,5337,5427.480282093358
2019-08-29 10:00:00,test,随机森林,3203,3080.4912839494555
2019-08-29 11:00:00,test,随机森林,3382,3077.0761155003624
2019-08-29 12:00:00,test,随机森林,3825,3268.678487645971
2019-08-29 13:00:00,test,随机森林,3982,3440.170199890029
2019-08-29 14:00:00,test,随机森林,4030,3450.8032797558008
2019-08-29 15:00:00,test,随机森林,4356,4090.333259223472
2019-08-29 16:00:00,test,随机森林,5420,4805.980754157437
2019-08-29 17:00:00,test,随机森林,8819,8122.3910460734405
2019-08-29 18:00:00,test,随机森林,8533,8456.874616041416
2019-08-29 19:00:00,test,随机森林,6072,5894.433296702421
2019-08-29 20:00:00,test,随机森林,4007,4229.130394651858
2019-08-29 21:00:00,test,随机森林,2732,2796.621316832457
2019-08-29 22:00:00,test,随机森林,2242,1948.3149765187377
2019-08-29 23:00:00,test,随机森林,1456,1487.4738309193565
2019-08-30 00:00:00,test,随机森林,883,696.4838201339132
2019-08-30 01:00:00,test,随机森林,545,477.87816564107476
2019-08-30 02:00:00,test,随机森林,289,294.35622147132017
2019-08-30 03:00:00,test,随机森林,189,160.24675068014562
2019-08-30 04:00:00,test,随机森林,174,147.50267004240612
2019-08-30 05:00:00,test,随机森林,503,522.4664632279757
2019-08-30 06:00:00,test,随机森林,1678,1707.6427220098954
2019-08-30 07:00:00,test,随机森林,3312,3312.315549423112
2019-08-30 08:00:00,test,随机森林,5623,4343.886934444164
2019-08-30 09:00:00,test,随机森林,4778,5348.03874538337
2019-08-30 10:00:00,test,随机森林,3430,3041.7678375809414
2019-08-30 11:00:00,test,随机森林,3599,3310.0472455097456
2019-08-30 12:00:00,test,随机森林,4496,3642.9681035471294
2019-08-30 13:00:00,test,随机森林,4904,4781.35787810862
2019-08-30 14:00:00,test,随机森林,5178,5156.504405603506
2019-08-30 15:00:00,test,随机森林,5713,5357.252359899356
2019-08-30 16:00:00,test,随机森林,6230,5627.374149420705
2019-08-30 17:00:00,test,随机森林,6469,7936.962938669887
2019-08-30 18:00:00,test,随机森林,5766,7459.478118089706
2019-08-30 19:00:00,test,随机森林,4478,5357.789751703513
2019-08-30 20:00:00,test,随机森林,2930,3757.4653239372647
2019-08-30 21:00:00,test,随机森林,2217,2474.2339206493784
2019-08-30 22:00:00,test,随机森林,1829,1783.1023179197894
2019-08-30 23:00:00,test,随机森林,1524,1391.3922761051178
2019-08-31 00:00:00,test,随机森林,1074,1047.4712730606789
2019-08-31 01:00:00,test,随机森林,691,721.9630485874337
2019-08-31 02:00:00,test,随机森林,437,489.6421274276721
2019-08-31 03:00:00,test,随机森林,301,236.22180168025105
2019-08-31 04:00:00,test,随机森林,200,190.61503485306312
2019-08-31 05:00:00,test,随机森林,185,200.1398423992431
2019-08-31 06:00:00,test,随机森林,430,525.8785404095952
2019-08-31 07:00:00,test,随机森林,926,981.7531172268584
2019-08-31 08:00:00,test,随机森林,1775,1875.7286902665044
2019-08-31 09:00:00,test,随机森林,2743,2653.2090371399404
2019-08-31 10:00:00,test,随机森林,3697,3520.979931993026
2019-08-31 11:00:00,test,随机森林,4420,4084.705660975133
2019-08-31 12:00:00,test,随机森林,4851,5005.5137066189745
2019-08-31 13:00:00,test,随机森林,5139,5284.56249590293
2019-08-31 14:00:00,test,随机森林,5071,5572.379205013419
2019-08-31 15:00:00,test,随机森林,5258,5516.512398656376
2019-08-31 16:00:00,test,随机森林,5170,5593.215348437163
2019-08-31 17:00:00,test,随机森林,5012,5772.849890448445
2019-08-31 18:00:00,test,随机森林,4778,5321.750893353641
2019-08-31 19:00:00,test,随机森林,4105,4896.992304809252
2019-08-31 20:00:00,test,随机森林,2623,3369.2161471235327
2019-08-31 21:00:00,test,随机森林,2056,1972.4829414923017
2019-08-31 22:00:00,test,随机森林,1786,1684.0445768166371
2019-08-31 23:00:00,test,随机森林,1394,1369.1817340491284
